Номер;Тип;Модель;Типоразмер;Диаметр ММ;Производительность м3/ч;Давление(па);Мощность(ВТ);Уровень шума;Цена в рублях;nominal_rpm;pressure_coefficients;efficiency_coefficients
1;ВО;ВО 78-109-1;ВО 78;780;1152 - 5385;643 - 887;1179;62;166734;2900;[837, 0.02, -1.040408507762113e-05];[0, 0.0002, -1e-08]
2;ВР;ВР 85-120-2;ВР 85;850;1627 - 3104;137 - 653;482;71;179719;;;
3;ВКОП;ВКОП 114-161-3;ВКОП 114;1140;977 - 7181;349 - 735;829;60;70836;;;
4;УВО;УВО 40-129-4;УВО 40;400;1956 - 11192;263 - 357;3936;60;28958;1000;[307, 0.02, -2.1382576444626795e-06];[0, 0.0002, -1e-08]
5;ВЦ;ВЦ 35-118-5;ВЦ 35;350;828 - 6909;646 - 1302;3209;78;45297;;;
6;ВЦ;ВЦ 73-175-6;ВЦ 73;730;1451 - 8920;289 - 912;4641;107;17711;1450;[912, 0, -7.82993826539846e-06];[0, 0.0002, -1e-08]
7;ВО;ВО 69-187-7;ВО 69;690;1974 - 10943;272 - 1067;3560;80;90296;;;
8;Ц;Ц 108-126-8;Ц 108;1080;862 - 4652;237 - 328;1811;86;155729;1450;[328, 0, -4.204961077771263e-06];[0, 0.0002, -1e-08]
9;Ц;Ц 23-104-9;Ц 23;230;1766 - 11343;526 - 873;3867;93;79105;1000;[873, 0, -2.6969544443745725e-06];[0, 0.0002, -1e-08]
10;ВО;ВО 106-143-10;ВО 106;1060;1138 - 3525;251 - 751;4868;95;127164;;;
11;ВР;ВР 43-112-11;ВР 43;430;1384 - 5815;285 - 808;1561;79;173097;1450;[808, 0, -1.546686342803953e-05];[0, 0.0002, -1e-08]
12;ВО;ВО 118-134-12;ВО 118;1180;1292 - 9577;162 - 765;2339;95;25413;1000;[715, 0.02, -8.117626406213269e-06];[0, 0.0002, -1e-08]
13;ВО;ВО 49-172-13;ВО 49;490;865 - 2445;406 - 994;4700;94;57898;1000;[944, 0.02, -9.817623713517424e-05];[0, 0.0002, -1e-08]
14;ВКОП;ВКОП 88-133-14;ВКОП 88;880;1899 - 4872;534 - 1365;4845;105;163933;2900;[1315, 0.02, -3.700816434381918e-05];[0, 0.0002, -1e-08]
15;ВО;ВО 26-104-15;ВО 26;260;678 - 4323;148 - 542;1641;68;107365;1450;[492, 0.02, -2.3033627030003594e-05];[0, 0.0002, -1e-08]
16;ВР;ВР 88-150-16;ВР 88;880;1755 - 6839;672 - 1433;3435;106;74862;;;
17;ВЦ;ВЦ 76-135-17;ВЦ 76;760;565 - 8501;81 - 444;629;74;138969;2900;[444, 0, -5.0230394921189545e-06];[0, 0.0002, -1e-08]
18;Ц;Ц 42-162-18;Ц 42;420;1051 - 9919;887 - 1015;1408;64;13471;;;
19;ВР;ВР 88-125-19;ВР 88;880;1484 - 4818;749 - 1080;3801;107;68321;1000;[1080, 0, -1.4259175111458501e-05];[0, 0.0002, -1e-08]
20;ВЦ;ВЦ 93-128-20;ВЦ 93;930;593 - 4587;443 - 514;4194;94;12498;1000;[514, 0, -3.37443345757427e-06];[0, 0.0002, -1e-08]
21;ВКОП;ВКОП 77-173-21;ВКОП 77;770;569 - 9183;112 - 814;3031;93;125221;;;
22;ВЦ;ВЦ 57-198-22;ВЦ 57;570;1034 - 2179;605 - 1334;1478;69;49673;2900;[1334, 0, -0.0001535370061042017];[0, 0.0002, -1e-08]
23;ВЦ;ВЦ 48-119-23;ВЦ 48;480;1432 - 7438;426 - 1063;2868;92;14890;;;
24;ВЦ;ВЦ 58-146-24;ВЦ 58;580;1764 - 4155;756 - 987;2889;84;107657;1000;[987, 0, -1.3380425480153093e-05];[0, 0.0002, -1e-08]
25;УВО;УВО 90-169-25;УВО 90;900;1975 - 4891;233 - 341;2169;91;91556;;;
26;ВО;ВО 73-112-26;ВО 73;730;1613 - 3323;420 - 710;712;98;198892;;;
27;ВКОП;ВКОП 80-153-27;ВКОП 80;800;609 - 5043;719 - 785;4527;71;11454;1450;[735, 0.02, -4.595025709691812e-06];[0, 0.0002, -1e-08]
28;Ц;Ц 67-114-28;Ц 67;670;1442 - 11030;306 - 676;621;97;58271;;;
29;Ц;Ц 117-145-29;Ц 117;1170;1403 - 10836;204 - 861;361;85;118729;1450;[861, 0, -5.5953515352418236e-06];[0, 0.0002, -1e-08]
30;ВЦ;ВЦ 47-137-30;ВЦ 47;470;1859 - 4165;139 - 603;1089;86;180325;1450;[603, 0, -2.6747793955517382e-05];[0, 0.0002, -1e-08]
31;УВО;УВО 67-194-31;УВО 67;670;1195 - 8886;854 - 1081;2744;81;76023;1000;[1031, 0.02, -4.492344549453252e-06];[0, 0.0002, -1e-08]
32;ВО;ВО 80-175-32;ВО 80;800;1895 - 7118;238 - 432;3855;102;25307;1000;[382, 0.02, -5.6519249505841445e-06];[0, 0.0002, -1e-08]
33;ВКОП;ВКОП 54-141-33;ВКОП 54;540;1118 - 8604;417 - 500;2857;87;91289;;;
34;Ц;Ц 95-183-34;Ц 95;950;1070 - 4902;110 - 559;359;60;74223;2900;[559, 0, -1.8685285034243595e-05];[0, 0.0002, -1e-08]
35;ВКОП;ВКОП 30-115-35;ВКОП 30;300;1700 - 2980;406 - 1409;4137;65;62130;;;
36;УВО;УВО 21-190-36;УВО 21;210;1368 - 4944;705 - 1366;1504;82;119640;2900;[1316, 0.02, -2.9042099998952672e-05];[0, 0.0002, -1e-08]
37;ВКОП;ВКОП 42-163-37;ВКОП 42;420;1735 - 8437;437 - 1184;1270;69;83399;2900;[1134, 0.02, -1.2162178849269409e-05];[0, 0.0002, -1e-08]
38;ВКОП;ВКОП 43-107-38;ВКОП 43;430;877 - 3029;902 - 1109;665;90;53503;2900;[1059, 0.02, -2.3714852388177623e-05];[0, 0.0002, -1e-08]
39;ВЦ;ВЦ 23-139-39;ВЦ 23;230;1881 - 2933;270 - 790;2061;88;137602;1450;[790, 0, -6.044762161276812e-05];[0, 0.0002, -1e-08]
40;ВО;ВО 74-130-40;ВО 74;740;702 - 5946;241 - 623;4053;66;184064;2900;[573, 0.02, -1.2754096205461215e-05];[0, 0.0002, -1e-08]
41;ВО;ВО 85-121-41;ВО 85;850;1758 - 9213;282 - 370;3554;83;146624;;;
42;ВКОП;ВКОП 75-102-42;ВКОП 75;750;1971 - 7332;391 - 1378;3644;96;176531;1450;[1328, 0.02, -2.0157659970314496e-05];[0, 0.0002, -1e-08]
43;УВО;УВО 41-142-43;УВО 41;410;1338 - 7360;239 - 1201;4027;106;153139;;;
44;ВКОП;ВКОП 35-174-44;ВКОП 35;350;592 - 6338;547 - 1036;1393;62;37762;;;
45;УВО;УВО 75-101-45;УВО 75;750;1457 - 4640;496 - 602;2045;69;115412;;;
46;УВО;УВО 74-156-46;УВО 74;740;1877 - 8619;593 - 850;1790;64;160965;2900;[800, 0.02, -5.10693900390136e-06];[0, 0.0002, -1e-08]
47;ВЦ;ВЦ 25-179-47;ВЦ 25;250;972 - 7836;72 - 551;4990;60;39104;1000;[551, 0, -7.800934991730683e-06];[0, 0.0002, -1e-08]
48;УВО;УВО 98-164-48;УВО 98;980;1872 - 4225;444 - 1393;310;100;87455;2900;[1343, 0.02, -5.509611008017927e-05];[0, 0.0002, -1e-08]
49;ВО;ВО 21-170-49;ВО 21;210;1777 - 11493;205 - 910;2670;96;38219;2900;[860, 0.02, -6.698965634918002e-06];[0, 0.0002, -1e-08]
50;ВО;ВО 27-104-50;ВО 27;270;1576 - 8709;95 - 1333;749;61;75995;2900;[1283, 0.02, -1.7959652051221596e-05];[0, 0.0002, -1e-08]
51;ВКОП;ВКОП 79-184-51;ВКОП 79;790;1401 - 8892;1051 - 1302;1509;77;70916;1450;[1252, 0.02, -4.791339225603023e-06];[0, 0.0002, -1e-08]
52;ВР;ВР 28-193-52;ВР 28;280;653 - 9566;275 - 469;348;89;37810;1000;[469, 0, -2.1200249734570686e-06];[0, 0.0002, -1e-08]
53;ВКОП;ВКОП 97-132-53;ВКОП 97;970;610 - 1675;483 - 587;3230;109;47759;1450;[537, 0.02, -3.11873468478503e-05];[0, 0.0002, -1e-08]
54;ВО;ВО 114-197-54;ВО 114;1140;1511 - 8171;138 - 423;138;78;96289;;;
55;ВР;ВР 50-188-55;ВР 50;500;1441 - 8002;109 - 1334;2676;85;37638;1450;[1334, 0, -1.9131058275171273e-05];[0, 0.0002, -1e-08]
56;УВО;УВО 54-187-56;УВО 54;540;1190 - 10425;122 - 399;3084;99;159740;;;
57;ВР;ВР 24-176-57;ВР 24;240;1283 - 7076;743 - 1152;3793;88;41094;1450;[1152, 0, -8.168600554554109e-06];[0, 0.0002, -1e-08]
58;ВКОП;ВКОП 119-122-58;ВКОП 119;1190;681 - 2700;269 - 1161;991;71;96335;2900;[1111, 0.02, -0.00012290809327846364];[0, 0.0002, -1e-08]
59;ВО;ВО 60-198-59;ВО 60;600;793 - 8934;985 - 1329;3566;72;90695;;;
60;Ц;Ц 34-142-60;Ц 34;340;885 - 4773;897 - 1258;755;69;36797;;;
61;ВО;ВО 119-168-61;ВО 119;1190;1328 - 5482;645 - 843;1665;86;127025;;;
62;УВО;УВО 41-119-62;УВО 41;410;1739 - 2830;479 - 684;3735;92;151319;1450;[634, 0.02, -2.6420607074629473e-05];[0, 0.0002, -1e-08]
63;УВО;УВО 59-136-63;УВО 59;590;1776 - 4584;195 - 570;1700;92;51836;1450;[520, 0.02, -1.982957643095797e-05];[0, 0.0002, -1e-08]
64;ВЦ;ВЦ 66-129-64;ВЦ 66;660;1679 - 4628;175 - 327;3560;92;74653;;;
65;ВКОП;ВКОП 92-176-65;ВКОП 92;920;1464 - 8441;90 - 1125;2140;99;13631;;;
66;ВО;ВО 80-196-66;ВО 80;800;1049 - 3697;836 - 1367;1692;80;79977;1450;[1317, 0.02, -4.060197212296426e-05];[0, 0.0002, -1e-08]
67;Ц;Ц 90-195-67;Ц 90;900;1888 - 5627;206 - 765;2745;93;74624;;;
68;ВЦ;ВЦ 82-152-68;ВЦ 82;820;1020 - 10316;979 - 1092;1917;91;122090;1450;[1092, 0, -1.0618319197876005e-06];[0, 0.0002, -1e-08]
69;ВЦ;ВЦ 120-163-69;ВЦ 120;1200;1504 - 2790;550 - 698;1645;108;38044;;;
70;ВР;ВР 39-156-70;ВР 39;390;1000 - 5622;235 - 608;2984;82;197750;1000;[608, 0, -1.1801226593548418e-05];[0, 0.0002, -1e-08]
71;ВР;ВР 93-195-71;ВР 93;930;958 - 9244;288 - 1203;2528;69;87987;1450;[1203, 0, -1.0707823906172968e-05];[0, 0.0002, -1e-08]
72;УВО;УВО 25-128-72;УВО 25;250;1032 - 6231;159 - 345;3778;65;52393;2900;[295, 0.02, -6.712622710707056e-06];[0, 0.0002, -1e-08]
73;ВКОП;ВКОП 54-176-73;ВКОП 54;540;1468 - 3716;69 - 1465;1631;68;143566;;;
74;ВКОП;ВКОП 104-114-74;ВКОП 104;1040;1312 - 4238;601 - 846;2867;76;152674;1000;[796, 0.02, -1.557627889066784e-05];[0, 0.0002, -1e-08]
75;ВЦ;ВЦ 36-129-75;ВЦ 36;360;978 - 6237;55 - 1038;3446;93;162379;;;
76;УВО;УВО 92-132-76;УВО 92;920;1079 - 9682;185 - 1412;1444;97;96189;;;
77;ВО;ВО 56-108-77;ВО 56;560;723 - 3120;92 - 1097;3899;60;85580;;;
78;УВО;УВО 101-123-78;УВО 101;1010;505 - 4175;935 - 1021;2681;108;76417;1450;[971, 0.02, -6.855749578686937e-06];[0, 0.0002, -1e-08]
79;ВКОП;ВКОП 83-184-79;ВКОП 83;830;1335 - 7735;400 - 954;4671;62;112762;2900;[904, 0.02, -1.100948559026813e-05];[0, 0.0002, -1e-08]
80;УВО;УВО 33-173-80;УВО 33;330;857 - 3021;111 - 1379;1591;92;84342;1000;[1329, 0.02, -0.0001400787009963687];[0, 0.0002, -1e-08]
81;ВО;ВО 21-187-81;ВО 21;210;1016 - 9746;261 - 336;1605;68;107551;;;
82;ВЦ;ВЦ 21-144-82;ВЦ 21;210;1843 - 9929;1152 - 1334;4902;78;20042;;;
83;ВКОП;ВКОП 55-121-83;ВКОП 55;550;532 - 8193;287 - 1090;3148;101;39155;2900;[1040, 0.02, -1.365894374559415e-05];[0, 0.0002, -1e-08]
84;ВКОП;ВКОП 90-108-84;ВКОП 90;900;1339 - 3188;68 - 1481;2420;81;125604;;;
85;Ц;Ц 59-164-85;Ц 59;590;1202 - 9392;450 - 1116;876;101;195563;2900;[1116, 0, -7.550193139835562e-06];[0, 0.0002, -1e-08]
86;ВО;ВО 53-120-86;ВО 53;530;902 - 10826;968 - 1200;4093;91;31163;1450;[1150, 0.02, -3.4002752642789973e-06];[0, 0.0002, -1e-08]
87;ВКОП;ВКОП 60-169-87;ВКОП 60;600;591 - 4754;471 - 1273;3578;77;43815;2900;[1223, 0.02, -3.748056017836053e-05];[0, 0.0002, -1e-08]
88;ВЦ;ВЦ 43-176-88;ВЦ 43;430;1305 - 3375;630 - 937;729;66;22189;;;
89;Ц;Ц 41-190-89;Ц 41;410;614 - 9547;254 - 1056;278;79;76199;;;
90;ВО;ВО 75-172-90;ВО 75;750;1710 - 8849;206 - 562;3408;106;122409;1450;[512, 0.02, -6.167948757062801e-06];[0, 0.0002, -1e-08]
91;ВО;ВО 69-128-91;ВО 69;690;1019 - 9028;211 - 516;692;98;154239;1450;[466, 0.02, -5.343980790133742e-06];[0, 0.0002, -1e-08]
92;ВКОП;ВКОП 102-181-92;ВКОП 102;1020;1571 - 5831;1036 - 1393;2612;101;59472;;;
93;Ц;Ц 104-115-93;Ц 104;1040;1780 - 2781;209 - 1415;676;66;48111;;;
94;ВЦ;ВЦ 114-195-94;ВЦ 114;1140;1615 - 3499;477 - 528;3291;105;38723;1450;[528, 0, -4.16564533483253e-06];[0, 0.0002, -1e-08]
95;ВЦ;ВЦ 31-111-95;ВЦ 31;310;1542 - 9610;403 - 965;3183;71;43106;;;
96;УВО;УВО 112-144-96;УВО 112;1120;1058 - 7813;1178 - 1276;4319;82;62042;;;
97;УВО;УВО 74-159-97;УВО 74;740;1053 - 3238;112 - 723;1730;89;22742;1000;[673, 0.02, -5.968347613900863e-05];[0, 0.0002, -1e-08]
98;ВО;ВО 105-139-98;ВО 105;1050;1193 - 4741;417 - 1301;2023;61;186429;;;
99;ВЦ;ВЦ 32-146-99;ВЦ 32;320;1269 - 9542;936 - 1034;2937;67;159596;1000;[1034, 0, -1.0763344757269222e-06];[0, 0.0002, -1e-08]
100;ВО;ВО 25-116-100;ВО 25;250;1490 - 5315;103 - 1158;2990;92;180133;;;
101;ВЦ;ВЦ 50-175-101;ВЦ 50;500;781 - 3064;294 - 583;2354;110;54337;;;
102;ВР;ВР 53-169-102;ВР 53;530;1843 - 11605;95 - 1293;2375;67;64571;2900;[1293, 0, -8.895421438225548e-06];[0, 0.0002, -1e-08]
103;ВКОП;ВКОП 30-165-103;ВКОП 30;300;775 - 6516;243 - 435;3302;77;89472;2900;[385, 0.02, -6.413829150212858e-06];[0, 0.0002, -1e-08]
104;ВР;ВР 81-169-104;ВР 81;810;1836 - 7872;193 - 1380;556;85;136452;;;
105;ВР;ВР 38-170-105;ВР 38;380;1138 - 2322;779 - 1490;4788;98;98317;;;
106;ВКОП;ВКОП 33-149-106;ВКОП 33;330;1902 - 7787;815 - 900;1262;83;116853;2900;[850, 0.02, -3.145585026949306e-06];[0, 0.0002, -1e-08]
107;ВР;ВР 43-193-107;ВР 43;430;523 - 2894;60 - 674;2149;93;199070;1000;[674, 0, -7.331136698715117e-05];[0, 0.0002, -1e-08]
108;ВО;ВО 96-127-108;ВО 96;960;1542 - 4249;86 - 349;4085;80;45626;;;
109;ВКОП;ВКОП 107-163-109;ВКОП 107;1070;1061 - 6113;528 - 1291;1830;106;158565;;;
110;ВО;ВО 36-139-110;ВО 36;360;738 - 2443;246 - 399;2168;94;95341;;;
111;ВО;ВО 86-112-111;ВО 86;860;1238 - 10984;265 - 491;3375;80;18441;;;
112;УВО;УВО 120-121-112;УВО 120;1200;1503 - 10958;330 - 1467;1216;106;146743;;;
113;ВО;ВО 90-117-113;ВО 90;900;1279 - 8558;1357 - 1453;2082;95;40272;1450;[1403, 0.02, -2.9650721707523294e-06];[0, 0.0002, -1e-08]
114;ВР;ВР 69-150-114;ВР 69;690;1020 - 5370;534 - 880;2822;91;110106;1450;[880, 0, -1.199851579053227e-05];[0, 0.0002, -1e-08]
115;УВО;УВО 113-146-115;УВО 113;1130;1596 - 7774;645 - 1477;482;98;67488;;;
116;ВЦ;ВЦ 40-123-116;ВЦ 40;400;1388 - 7238;815 - 1282;1833;95;89200;;;
117;УВО;УВО 95-121-117;УВО 95;950;1523 - 8452;834 - 1110;4309;67;57880;;;
118;ВО;ВО 63-113-118;ВО 63;630;1259 - 7252;381 - 979;4606;64;36455;2900;[929, 0.02, -1.3177793888533783e-05];[0, 0.0002, -1e-08]
119;ВЦ;ВЦ 45-199-119;ВЦ 45;450;862 - 3811;364 - 1487;4643;77;49094;1450;[1487, 0, -7.73217827580136e-05];[0, 0.0002, -1e-08]
120;ВО;ВО 46-154-120;ВО 46;460;1872 - 11244;196 - 987;2389;71;119958;;;
121;ВЦ;ВЦ 21-125-121;ВЦ 21;210;1423 - 7365;217 - 375;2481;87;165950;1450;[375, 0, -2.9128061615068057e-06];[0, 0.0002, -1e-08]
122;ВР;ВР 59-136-122;ВР 59;590;591 - 8517;316 - 529;3393;71;191656;;;
123;Ц;Ц 64-110-123;Ц 64;640;1036 - 9499;479 - 1457;2784;84;77188;1450;[1457, 0, -1.0838846839347376e-05];[0, 0.0002, -1e-08]
124;ВР;ВР 29-105-124;ВР 29;290;1806 - 3299;478 - 585;1303;92;142882;1000;[585, 0, -9.831485580656267e-06];[0, 0.0002, -1e-08]
125;ВР;ВР 116-158-125;ВР 116;1160;1073 - 2326;651 - 907;946;104;191827;1450;[907, 0, -4.731736421579971e-05];[0, 0.0002, -1e-08]
126;УВО;УВО 104-103-126;УВО 104;1040;811 - 6461;402 - 531;2244;103;73549;1000;[481, 0.02, -4.98795997683145e-06];[0, 0.0002, -1e-08]
127;ВР;ВР 21-168-127;ВР 21;210;1022 - 5824;527 - 1256;224;91;82726;1450;[1256, 0, -2.149239411001087e-05];[0, 0.0002, -1e-08]
128;УВО;УВО 34-108-128;УВО 34;340;1218 - 9192;798 - 974;1465;101;35421;;;
129;ВО;ВО 38-148-129;ВО 38;380;1708 - 3188;846 - 950;2163;77;110168;;;
130;ВКОП;ВКОП 92-162-130;ВКОП 92;920;1695 - 10927;168 - 345;731;105;189032;;;
131;ВЦ;ВЦ 50-142-131;ВЦ 50;500;610 - 8706;162 - 861;4352;61;88077;;;
132;ВО;ВО 102-182-132;ВО 102;1020;1658 - 6297;473 - 635;2677;101;50255;2900;[585, 0.02, -6.00067451475402e-06];[0, 0.0002, -1e-08]
133;ВО;ВО 120-115-133;ВО 120;1200;788 - 10714;391 - 560;3871;90;199307;;;
134;Ц;Ц 93-137-134;Ц 93;930;1129 - 2800;101 - 618;4658;109;142674;;;
135;ВКОП;ВКОП 22-105-135;ВКОП 22;220;1779 - 4906;820 - 906;4339;87;114379;;;
136;ВР;ВР 96-188-136;ВР 96;960;1849 - 11645;102 - 798;1030;107;73229;2900;[798, 0, -5.1325153141241325e-06];[0, 0.0002, -1e-08]
137;Ц;Ц 58-164-137;Ц 58;580;1131 - 7161;505 - 1045;2782;105;157903;;;
138;Ц;Ц 84-129-138;Ц 84;840;1419 - 7976;237 - 1359;4503;68;125094;2900;[1359, 0, -1.7636912744250805e-05];[0, 0.0002, -1e-08]
139;ВЦ;ВЦ 104-121-139;ВЦ 104;1040;1546 - 3089;306 - 868;1441;90;16049;;;
140;ВКОП;ВКОП 73-184-140;ВКОП 73;730;1527 - 9402;433 - 1029;1516;85;177747;1450;[979, 0.02, -8.303844977517716e-06];[0, 0.0002, -1e-08]
141;Ц;Ц 39-150-141;Ц 39;390;1247 - 4389;181 - 310;506;89;138770;;;
142;ВО;ВО 23-136-142;ВО 23;230;584 - 2634;477 - 1051;486;92;126908;;;
143;УВО;УВО 79-188-143;УВО 79;790;1362 - 5432;1025 - 1330;3795;100;58159;1000;[1280, 0.02, -1.2324012398029676e-05];[0, 0.0002, -1e-08]
144;ВКОП;ВКОП 90-121-144;ВКОП 90;900;1738 - 9271;492 - 998;2225;62;27319;2900;[948, 0.02, -7.462585763978059e-06];[0, 0.0002, -1e-08]
145;ВЦ;ВЦ 37-152-145;ВЦ 37;370;526 - 6295;248 - 419;1306;95;13887;;;
146;ВР;ВР 52-173-146;ВР 52;520;1528 - 3144;107 - 350;591;110;137025;;;
147;Ц;Ц 73-183-147;Ц 73;730;1509 - 6946;115 - 392;2539;79;183954;2900;[392, 0, -5.7412996096994054e-06];[0, 0.0002, -1e-08]
148;ВО;ВО 109-120-148;ВО 109;1090;1246 - 10717;58 - 336;2432;76;94894;2900;[286, 0.02, -3.85132130559148e-06];[0, 0.0002, -1e-08]
149;ВЦ;ВЦ 80-103-149;ВЦ 80;800;1555 - 10052;752 - 1180;637;74;132079;2900;[1180, 0, -4.23583280194085e-06];[0, 0.0002, -1e-08]
150;ВКОП;ВКОП 103-153-150;ВКОП 103;1030;622 - 4418;76 - 343;3775;73;126213;;;
151;Ц;Ц 70-108-151;Ц 70;700;1804 - 9628;268 - 1120;2063;89;24139;1000;[1120, 0, -9.191098735874403e-06];[0, 0.0002, -1e-08]
152;ВО;ВО 31-154-152;ВО 31;310;1287 - 8912;1194 - 1449;2502;67;78103;;;
153;ВКОП;ВКОП 118-119-153;ВКОП 118;1180;1068 - 6464;532 - 1145;3403;110;92205;;;
154;ВО;ВО 57-187-154;ВО 57;570;1563 - 9651;786 - 1198;2962;90;171203;1000;[1148, 0.02, -5.958871248366778e-06];[0, 0.0002, -1e-08]
155;ВР;ВР 23-121-155;ВР 23;230;1503 - 4747;91 - 476;1594;90;93461;;;
156;УВО;УВО 74-178-156;УВО 74;740;1319 - 3642;534 - 767;690;87;117595;;;
157;ВР;ВР 33-151-157;ВР 33;330;885 - 4482;391 - 1045;2451;97;156195;1450;[1045, 0, -3.255622519827936e-05];[0, 0.0002, -1e-08]
158;ВР;ВР 120-178-158;ВР 120;1200;1785 - 6939;1025 - 1108;3523;84;166524;1450;[1108, 0, -1.723789842935954e-06];[0, 0.0002, -1e-08]
159;ВР;ВР 119-159-159;ВР 119;1190;1404 - 11286;149 - 1197;2343;105;29033;1450;[1197, 0, -8.227751962420905e-06];[0, 0.0002, -1e-08]
160;ВЦ;ВЦ 108-176-160;ВЦ 108;1080;1671 - 9732;250 - 596;808;67;113942;1000;[596, 0, -3.6531869558335188e-06];[0, 0.0002, -1e-08]
161;ВР;ВР 99-132-161;ВР 99;990;598 - 4908;562 - 838;1522;61;150691;;;
162;Ц;Ц 69-125-162;Ц 69;690;894 - 9049;63 - 874;761;81;42190;2900;[874, 0, -9.904206296874542e-06];[0, 0.0002, -1e-08]
163;ВКОП;ВКОП 82-139-163;ВКОП 82;820;681 - 5054;85 - 340;4404;103;66586;2900;[290, 0.02, -1.1982970151097862e-05];[0, 0.0002, -1e-08]
164;ВО;ВО 66-141-164;ВО 66;660;1776 - 9307;336 - 826;3025;82;139990;1450;[776, 0.02, -7.2285638430801555e-06];[0, 0.0002, -1e-08]
165;УВО;УВО 45-164-165;УВО 45;450;1983 - 5854;903 - 1465;3904;108;161827;;;
166;УВО;УВО 99-169-166;УВО 99;990;1243 - 3614;677 - 1091;3953;101;42271;;;
167;ВКОП;ВКОП 85-144-167;ВКОП 85;850;1731 - 6509;252 - 392;1488;94;82323;1000;[342, 0.02, -5.196959403457604e-06];[0, 0.0002, -1e-08]
168;Ц;Ц 45-182-168;Ц 45;450;980 - 8758;899 - 1349;1760;79;125113;1450;[1349, 0, -5.8668182200532436e-06];[0, 0.0002, -1e-08]
169;УВО;УВО 38-147-169;УВО 38;380;1327 - 10053;345 - 525;2854;61;12763;;;
170;ВЦ;ВЦ 112-171-170;ВЦ 112;1120;1769 - 9768;282 - 632;1643;81;14116;;;
171;ВЦ;ВЦ 38-200-171;ВЦ 38;380;617 - 2928;987 - 1190;4427;97;69352;1000;[1190, 0, -2.3678483979814266e-05];[0, 0.0002, -1e-08]
172;ВКОП;ВКОП 114-113-172;ВКОП 114;1140;1049 - 3357;632 - 1466;4104;110;64894;;;
173;УВО;УВО 55-114-173;УВО 55;550;942 - 4485;80 - 356;3366;98;88550;;;
174;ВЦ;ВЦ 33-179-174;ВЦ 33;330;1002 - 10773;876 - 981;4995;101;83077;2900;[981, 0, -9.04723725420692e-07];[0, 0.0002, -1e-08]
175;ВКОП;ВКОП 38-196-175;ВКОП 38;380;1481 - 8632;490 - 1433;1316;99;168518;;;
176;ВЦ;ВЦ 103-159-176;ВЦ 103;1030;855 - 7417;310 - 741;1310;92;169566;;;
177;ВО;ВО 90-141-177;ВО 90;900;1266 - 10659;807 - 1306;1895;64;172502;;;
178;УВО;УВО 44-135-178;УВО 44;440;960 - 6502;620 - 1000;2506;77;129024;;;
179;ВКОП;ВКОП 81-162-179;ВКОП 81;810;775 - 8951;619 - 1087;4620;68;134310;;;
180;Ц;Ц 68-140-180;Ц 68;680;849 - 2946;621 - 758;2706;94;78238;;;
181;ВКОП;ВКОП 52-146-181;ВКОП 52;520;524 - 9199;195 - 304;4227;101;193653;2900;[254, 0.02, -2.871370869005421e-06];[0, 0.0002, -1e-08]
182;Ц;Ц 91-168-182;Ц 91;910;1528 - 10876;476 - 1096;4238;80;132075;;;
183;УВО;УВО 22-136-183;УВО 22;220;868 - 7598;418 - 971;806;99;80149;1000;[921, 0.02, -1.1345305607847233e-05];[0, 0.0002, -1e-08]
184;Ц;Ц 112-188-184;Ц 112;1120;1843 - 9885;244 - 580;1022;89;16826;2900;[580, 0, -3.4386338185030737e-06];[0, 0.0002, -1e-08]
185;УВО;УВО 114-119-185;УВО 114;1140;1193 - 3318;496 - 1036;1953;80;54221;2900;[986, 0.02, -5.053626428406111e-05];[0, 0.0002, -1e-08]
186;ВО;ВО 93-118-186;ВО 93;930;1615 - 7484;1127 - 1299;122;103;146702;;;
187;ВЦ;ВЦ 67-155-187;ВЦ 67;670;1478 - 3996;749 - 1104;2242;93;98796;;;
188;ВО;ВО 23-149-188;ВО 23;230;1436 - 5441;830 - 958;2872;63;29432;1000;[908, 0.02, -6.310531165873166e-06];[0, 0.0002, -1e-08]
189;ВКОП;ВКОП 90-143-189;ВКОП 90;900;1234 - 7811;58 - 325;550;60;44786;;;
190;ВКОП;ВКОП 92-141-190;ВКОП 92;920;680 - 8432;670 - 880;3032;80;115457;2900;[830, 0.02, -4.622311677930644e-06];[0, 0.0002, -1e-08]
191;ВО;ВО 109-191-191;ВО 109;1090;1105 - 3885;538 - 694;4710;60;174109;2900;[644, 0.02, -1.2171023754035337e-05];[0, 0.0002, -1e-08]
192;ВЦ;ВЦ 35-175-192;ВЦ 35;350;1123 - 9318;933 - 1363;4749;86;151776;2900;[1363, 0, -4.95248356915678e-06];[0, 0.0002, -1e-08]
193;ВР;ВР 116-123-193;ВР 116;1160;893 - 7815;1147 - 1432;1630;99;62961;;;
194;УВО;УВО 49-166-194;УВО 49;490;1854 - 10694;428 - 683;245;83;87959;1000;[633, 0.02, -3.6627667690937894e-06];[0, 0.0002, -1e-08]
195;ВЦ;ВЦ 117-185-195;ВЦ 117;1170;572 - 4104;242 - 384;571;67;186293;;;
196;ВЦ;ВЦ 87-141-196;ВЦ 87;870;1248 - 2467;58 - 796;2151;108;32349;1000;[796, 0, -0.00012126013931114053];[0, 0.0002, -1e-08]
197;ВЦ;ВЦ 112-180-197;ВЦ 112;1120;1196 - 6228;637 - 1199;1237;97;74565;2900;[1199, 0, -1.4489023198524574e-05];[0, 0.0002, -1e-08]
198;УВО;УВО 103-104-198;УВО 103;1030;1273 - 3829;417 - 1085;1394;63;132705;;;
199;ВЦ;ВЦ 47-186-199;ВЦ 47;470;1618 - 9401;214 - 478;2744;84;143135;1000;[478, 0, -2.9871416789191336e-06];[0, 0.0002, -1e-08]
200;ВР;ВР 64-182-200;ВР 64;640;919 - 5243;330 - 1419;3018;70;136876;;;
201;УВО;УВО 48-102-201;УВО 48;480;543 - 9317;474 - 1210;4613;72;77171;;;
202;ВКОП;ВКОП 38-160-202;ВКОП 38;380;1508 - 3502;771 - 1390;3903;96;151251;1450;[1340, 0.02, -5.210696278311716e-05];[0, 0.0002, -1e-08]
203;Ц;Ц 21-122-203;Ц 21;210;1346 - 2666;266 - 632;751;84;137853;;;
204;ВО;ВО 49-136-204;ВО 49;490;1970 - 9979;524 - 1455;2367;79;137477;1000;[1405, 0.02, -1.085132772207747e-05];[0, 0.0002, -1e-08]
205;ВЦ;ВЦ 20-170-205;ВЦ 20;200;1290 - 6445;1001 - 1099;1610;60;151337;1000;[1099, 0, -2.3592840535870447e-06];[0, 0.0002, -1e-08]
206;ВЦ;ВЦ 80-129-206;ВЦ 80;800;1339 - 8724;261 - 772;1511;73;157534;2900;[772, 0, -6.714127533420325e-06];[0, 0.0002, -1e-08]
207;Ц;Ц 109-179-207;Ц 109;1090;1916 - 5500;501 - 1353;4139;108;30814;;;
208;ВЦ;ВЦ 48-152-208;ВЦ 48;480;1457 - 5610;248 - 493;2610;91;89296;;;
209;ВКОП;ВКОП 99-102-209;ВКОП 99;990;1430 - 2468;569 - 868;2844;70;127035;;;
210;ВО;ВО 56-158-210;ВО 56;560;704 - 5669;82 - 508;1361;87;129654;;;
211;ВЦ;ВЦ 33-166-211;ВЦ 33;330;1364 - 6625;372 - 1364;3215;68;86610;;;
212;ВО;ВО 55-138-212;ВО 55;550;667 - 8050;408 - 887;1755;95;116393;;;
213;Ц;Ц 21-160-213;Ц 21;210;1234 - 7488;258 - 596;1679;83;64342;;;
214;ВР;ВР 39-127-214;ВР 39;390;1391 - 3012;433 - 811;2960;85;68540;;;
215;Ц;Ц 20-178-215;Ц 20;200;783 - 9102;226 - 565;3131;74;162413;;;
216;ВЦ;ВЦ 92-104-216;ВЦ 92;920;1149 - 4770;98 - 429;418;71;163129;;;
217;УВО;УВО 54-194-217;УВО 54;540;1911 - 5947;228 - 1453;898;95;61106;;;
218;ВКОП;ВКОП 118-112-218;ВКОП 118;1180;811 - 2628;179 - 351;2711;96;198921;1450;[301, 0.02, -2.5275165701762313e-05];[0, 0.0002, -1e-08]
219;ВР;ВР 115-188-219;ВР 115;1150;798 - 5505;578 - 758;1199;95;196306;;;
220;УВО;УВО 23-133-220;УВО 23;230;1281 - 9005;772 - 1169;1747;107;24803;;;
221;ВКОП;ВКОП 65-166-221;ВКОП 65;650;1279 - 5385;978 - 1244;564;62;13192;;;
222;УВО;УВО 43-102-222;УВО 43;430;1500 - 5757;136 - 747;2462;106;80200;;;
223;Ц;Ц 62-170-223;Ц 62;620;1279 - 10517;311 - 1181;953;110;183589;;;
224;УВО;УВО 100-143-224;УВО 100;1000;1003 - 7521;465 - 960;1518;61;131642;2900;[910, 0.02, -1.0526215114277992e-05];[0, 0.0002, -1e-08]
225;ВР;ВР 108-188-225;ВР 108;1080;1482 - 6264;528 - 874;1439;93;189105;;;
226;ВО;ВО 109-197-226;ВО 109;1090;879 - 4615;463 - 1227;4510;64;160841;2900;[1177, 0.02, -3.7857614895137974e-05];[0, 0.0002, -1e-08]
227;ВЦ;ВЦ 41-104-227;ВЦ 41;410;1243 - 10653;660 - 780;4835;93;172919;;;
228;ВКОП;ВКОП 74-115-228;ВКОП 74;740;831 - 9032;939 - 1419;2690;63;90046;;;
229;ВКОП;ВКОП 25-135-229;ВКОП 25;250;1874 - 8351;554 - 799;1942;86;36116;1000;[749, 0.02, -5.1910545978294186e-06];[0, 0.0002, -1e-08]
230;ВР;ВР 33-132-230;ВР 33;330;1280 - 8461;235 - 322;124;70;179623;2900;[322, 0, -1.2152786338468984e-06];[0, 0.0002, -1e-08]
231;ВР;ВР 63-192-231;ВР 63;630;768 - 2512;1081 - 1399;1979;71;65046;2900;[1399, 0, -5.039504645218873e-05];[0, 0.0002, -1e-08]
232;ВР;ВР 27-144-232;ВР 27;270;1723 - 5923;609 - 892;4417;64;43869;2900;[892, 0, -8.066831216721293e-06];[0, 0.0002, -1e-08]
233;УВО;УВО 48-141-233;УВО 48;480;1341 - 4866;1126 - 1212;4199;91;120690;;;
234;Ц;Ц 48-112-234;Ц 48;480;705 - 6508;312 - 650;3745;65;27269;2900;[650, 0, -7.98034398776939e-06];[0, 0.0002, -1e-08]
235;Ц;Ц 111-135-235;Ц 111;1110;1941 - 4005;244 - 437;2071;70;77238;;;
236;ВЦ;ВЦ 81-134-236;ВЦ 81;810;697 - 2088;510 - 1043;4408;67;100779;;;
237;ВКОП;ВКОП 113-169-237;ВКОП 113;1130;1761 - 4881;228 - 1299;4801;86;191201;;;
238;ВЦ;ВЦ 85-190-238;ВЦ 85;850;589 - 9698;1225 - 1475;1466;89;108599;1450;[1475, 0, -2.658126524355818e-06];[0, 0.0002, -1e-08]
239;Ц;Ц 75-182-239;Ц 75;750;1846 - 8613;703 - 1235;2323;60;118602;1000;[1235, 0, -7.171380035975255e-06];[0, 0.0002, -1e-08]
240;Ц;Ц 90-172-240;Ц 90;900;547 - 4865;448 - 1188;2156;77;172238;;;
241;ВО;ВО 107-186-241;ВО 107;1070;826 - 9371;1153 - 1300;2263;105;21766;;;
242;ВО;ВО 23-123-242;ВО 23;230;1322 - 11072;565 - 876;694;61;97271;1000;[826, 0.02, -3.935420599585686e-06];[0, 0.0002, -1e-08]
243;ВЦ;ВЦ 90-116-243;ВЦ 90;900;994 - 8018;324 - 1025;667;71;95537;;;
244;Ц;Ц 71-198-244;Ц 71;710;1066 - 2651;348 - 1204;3610;96;57876;;;
245;ВР;ВР 51-184-245;ВР 51;510;1542 - 8742;331 - 385;3250;98;12002;;;
246;ВР;ВР 115-158-246;ВР 115;1150;770 - 8244;1079 - 1310;3919;77;140789;2900;[1310, 0, -3.3988814237093255e-06];[0, 0.0002, -1e-08]
247;Ц;Ц 32-113-247;Ц 32;320;1241 - 8130;1068 - 1209;1960;105;69899;1450;[1209, 0, -2.133231664419965e-06];[0, 0.0002, -1e-08]
248;УВО;УВО 44-171-248;УВО 44;440;1368 - 3826;256 - 533;4818;93;120247;2900;[483, 0.02, -2.0734682144263437e-05];[0, 0.0002, -1e-08]
249;ВР;ВР 62-196-249;ВР 62;620;1938 - 10668;163 - 367;2490;65;93295;1450;[367, 0, -1.7925205918439047e-06];[0, 0.0002, -1e-08]
250;ВР;ВР 55-184-250;ВР 55;550;1453 - 10081;338 - 1476;4553;109;89549;;;
251;ВО;ВО 79-178-251;ВО 79;790;956 - 7279;299 - 447;4322;110;68146;1450;[397, 0.02, -4.597250697623073e-06];[0, 0.0002, -1e-08]
252;ВКОП;ВКОП 77-126-252;ВКОП 77;770;873 - 7008;287 - 480;2146;70;134819;1450;[430, 0.02, -5.765589489376785e-06];[0, 0.0002, -1e-08]
253;Ц;Ц 36-172-253;Ц 36;360;1871 - 3545;553 - 1473;2578;76;183666;;;
254;ВР;ВР 22-100-254;ВР 22;220;1007 - 9823;249 - 1039;4427;75;116399;1450;[1039, 0, -8.187264163394412e-06];[0, 0.0002, -1e-08]
255;ВР;ВР 92-178-255;ВР 92;920;533 - 3802;481 - 829;1313;62;23320;2900;[829, 0, -2.4074374875650318e-05];[0, 0.0002, -1e-08]
256;ВО;ВО 67-103-256;ВО 67;670;1624 - 4699;202 - 1324;172;87;137336;;;
257;ВКОП;ВКОП 120-175-257;ВКОП 120;1200;1070 - 3680;153 - 432;3126;64;26242;;;
258;ВЦ;ВЦ 72-111-258;ВЦ 72;720;1775 - 10842;396 - 1161;284;84;126470;1450;[1161, 0, -6.507926348036551e-06];[0, 0.0002, -1e-08]
259;ВЦ;ВЦ 89-103-259;ВЦ 89;890;1388 - 5202;509 - 615;4063;98;73912;;;
260;ВКОП;ВКОП 113-136-260;ВКОП 113;1130;1766 - 6771;288 - 393;1385;91;119556;1450;[343, 0.02, -4.153430361148426e-06];[0, 0.0002, -1e-08]
261;ВКОП;ВКОП 28-196-261;ВКОП 28;280;1266 - 8474;296 - 1127;2009;90;165961;1450;[1077, 0.02, -1.3236283593364122e-05];[0, 0.0002, -1e-08]
262;ВКОП;ВКОП 73-200-262;ВКОП 73;730;1897 - 9825;790 - 991;3562;103;146678;;;
263;ВЦ;ВЦ 55-116-263;ВЦ 55;550;905 - 10705;135 - 683;3355;89;164138;;;
264;Ц;Ц 29-172-264;Ц 29;290;999 - 4815;968 - 1454;1745;106;171503;1450;[1454, 0, -2.096252947855708e-05];[0, 0.0002, -1e-08]
265;ВЦ;ВЦ 51-102-265;ВЦ 51;510;1775 - 11319;680 - 778;3043;108;55700;;;
266;ВО;ВО 99-137-266;ВО 99;990;1638 - 10615;236 - 361;4909;104;140447;2900;[311, 0.02, -2.5497384255032416e-06];[0, 0.0002, -1e-08]
267;ВКОП;ВКОП 43-110-267;ВКОП 43;430;671 - 1911;715 - 1267;1023;78;62833;1000;[1217, 0.02, -0.00014792762494040808];[0, 0.0002, -1e-08]
268;ВР;ВР 45-161-268;ВР 45;450;1951 - 3152;276 - 408;599;75;183876;;;
269;ВО;ВО 68-178-269;ВО 68;680;1100 - 6735;1090 - 1364;3518;65;31963;;;
270;ВО;ВО 50-113-270;ВО 50;500;982 - 10154;235 - 999;1579;82;89935;2900;[949, 0.02, -8.894732756285914e-06];[0, 0.0002, -1e-08]
271;Ц;Ц 106-163-271;Ц 106;1060;1760 - 8450;573 - 678;4135;62;165731;2900;[678, 0, -1.470536745912258e-06];[0, 0.0002, -1e-08]
272;Ц;Ц 35-143-272;Ц 35;350;650 - 3324;503 - 984;4847;63;197457;1450;[984, 0, -4.35334459953574e-05];[0, 0.0002, -1e-08]
273;ВР;ВР 47-119-273;ВР 47;470;543 - 6510;781 - 923;3588;88;39413;;;
274;УВО;УВО 27-127-274;УВО 27;270;1295 - 6636;344 - 509;3308;61;79626;2900;[459, 0.02, -5.625334041109901e-06];[0, 0.0002, -1e-08]
275;ВЦ;ВЦ 87-181-275;ВЦ 87;870;1838 - 9637;61 - 361;3584;97;107165;;;
276;УВО;УВО 76-157-276;УВО 76;760;1844 - 2858;163 - 461;4353;103;10504;;;
277;ВО;ВО 38-131-277;ВО 38;380;1311 - 6747;402 - 964;2982;104;53818;;;
278;ВКОП;ВКОП 69-130-278;ВКОП 69;690;1920 - 9139;434 - 1380;778;85;22280;;;
279;УВО;УВО 49-187-279;УВО 49;490;549 - 2437;549 - 1476;3058;109;23624;;;
280;ВКОП;ВКОП 37-100-280;ВКОП 37;370;1491 - 5462;187 - 1192;887;80;196977;;;
281;ВО;ВО 60-179-281;ВО 60;600;1975 - 4543;425 - 1119;3642;99;163196;;;
282;УВО;УВО 69-144-282;УВО 69;690;1593 - 9409;233 - 793;2298;70;193095;1000;[743, 0.02, -7.886430253511266e-06];[0, 0.0002, -1e-08]
283;УВО;УВО 93-176-283;УВО 93;930;911 - 6212;221 - 373;408;75;136127;;;
284;УВО;УВО 65-141-284;УВО 65;650;1146 - 9606;195 - 981;1720;60;174661;;;
285;ВР;ВР 106-166-285;ВР 106;1060;928 - 6312;745 - 905;558;64;41179;1450;[905, 0, -4.015928779912645e-06];[0, 0.0002, -1e-08]
286;Ц;Ц 28-134-286;Ц 28;280;924 - 4330;1296 - 1369;3960;80;52129;1450;[1369, 0, -3.893561755622997e-06];[0, 0.0002, -1e-08]
287;ВО;ВО 50-132-287;ВО 50;500;1334 - 8119;515 - 1268;827;100;131655;;;
288;ВО;ВО 79-101-288;ВО 79;790;1466 - 11353;283 - 457;2930;100;94192;2900;[407, 0.02, -2.7237050295883078e-06];[0, 0.0002, -1e-08]
289;УВО;УВО 105-118-289;УВО 105;1050;806 - 6648;346 - 1323;1334;75;191538;;;
290;ВР;ВР 118-138-290;ВР 118;1180;807 - 3825;171 - 1100;2175;109;137791;2900;[1100, 0, -6.349694561920629e-05];[0, 0.0002, -1e-08]
291;ВКОП;ВКОП 110-139-291;ВКОП 110;1100;693 - 9896;655 - 973;1506;110;179743;1450;[923, 0.02, -4.757644417054587e-06];[0, 0.0002, -1e-08]
292;ВКОП;ВКОП 40-141-292;ВКОП 40;400;544 - 4361;721 - 1049;1191;97;10432;1450;[999, 0.02, -1.920358795079755e-05];[0, 0.0002, -1e-08]
293;Ц;Ц 93-187-293;Ц 93;930;1491 - 11405;577 - 886;2813;68;131651;;;
294;ВР;ВР 76-105-294;ВР 76;760;1033 - 7504;151 - 466;1792;66;190198;;;
295;ВКОП;ВКОП 75-138-295;ВКОП 75;750;1842 - 3221;67 - 888;4128;109;159247;1000;[838, 0.02, -8.052364368764784e-05];[0, 0.0002, -1e-08]
296;ВЦ;ВЦ 86-190-296;ВЦ 86;860;1780 - 6434;110 - 1086;4257;70;57172;1000;[1086, 0, -2.3576954454638472e-05];[0, 0.0002, -1e-08]
297;ВО;ВО 52-100-297;ВО 52;520;1833 - 10589;1184 - 1449;810;91;168336;1450;[1399, 0.02, -3.8062224146866564e-06];[0, 0.0002, -1e-08]
298;УВО;УВО 76-140-298;УВО 76;760;1574 - 11094;519 - 903;2347;61;76047;2900;[853, 0.02, -4.5165281954436985e-06];[0, 0.0002, -1e-08]
299;ВО;ВО 109-107-299;ВО 109;1090;1658 - 4696;645 - 1369;3883;95;144881;;;
300;ВО;ВО 64-184-300;ВО 64;640;662 - 8476;949 - 1151;4915;78;74000;2900;[1101, 0.02, -4.475340639233203e-06];[0, 0.0002, -1e-08]
301;ВЦ;ВЦ 90-114-301;ВЦ 90;900;570 - 5969;488 - 771;2490;66;17694;1450;[771, 0, -7.942976501616199e-06];[0, 0.0002, -1e-08]
302;ВР;ВР 34-166-302;ВР 34;340;1064 - 9765;366 - 511;4381;75;71055;1450;[511, 0, -1.520629834390302e-06];[0, 0.0002, -1e-08]
303;ВО;ВО 62-173-303;ВО 62;620;1616 - 4625;338 - 456;2996;63;76275;2900;[406, 0.02, -7.503287070854638e-06];[0, 0.0002, -1e-08]
304;ВО;ВО 94-175-304;ВО 94;940;636 - 6107;222 - 733;4473;98;36176;;;
305;Ц;Ц 106-173-305;Ц 106;1060;1514 - 10911;438 - 741;4498;89;76589;;;
306;ВКОП;ВКОП 104-160-306;ВКОП 104;1040;976 - 6726;146 - 380;4230;104;78869;;;
307;Ц;Ц 113-198-307;Ц 113;1130;610 - 3624;318 - 1160;597;77;34982;;;
308;УВО;УВО 92-105-308;УВО 92;920;1876 - 3689;633 - 862;3795;83;197417;1000;[812, 0.02, -1.8574853581023523e-05];[0, 0.0002, -1e-08]
309;ВР;ВР 76-138-309;ВР 76;760;1351 - 8835;110 - 680;954;93;42723;;;
310;ВО;ВО 85-105-310;ВО 85;850;744 - 6125;509 - 1026;2059;101;128529;;;
311;ВР;ВР 93-149-311;ВР 93;930;533 - 2838;290 - 948;2137;86;19652;;;
312;ВКОП;ВКОП 80-103-312;ВКОП 80;800;1629 - 9267;738 - 1042;1040;94;42999;2900;[992, 0.02, -5.11590439237084e-06];[0, 0.0002, -1e-08]
313;ВЦ;ВЦ 110-112-313;ВЦ 110;1100;1449 - 7325;125 - 360;1548;100;60472;;;
314;ВКОП;ВКОП 70-108-314;ВКОП 70;700;1571 - 3880;202 - 1487;3678;75;116398;;;
315;УВО;УВО 69-118-315;УВО 69;690;933 - 8830;543 - 942;3571;76;195973;1450;[892, 0.02, -6.741149355704647e-06];[0, 0.0002, -1e-08]
316;ВКОП;ВКОП 109-103-316;ВКОП 109;1090;1833 - 9410;163 - 409;3364;107;138949;1450;[359, 0.02, -4.338884741739236e-06];[0, 0.0002, -1e-08]
317;ВО;ВО 102-136-317;ВО 102;1020;644 - 4016;120 - 609;2659;69;167784;;;
318;ВЦ;ВЦ 114-126-318;ВЦ 114;1140;1220 - 6363;153 - 812;4006;90;161726;;;
319;ВР;ВР 40-130-319;ВР 40;400;1208 - 8181;834 - 1403;223;67;64270;1450;[1403, 0, -8.501576773548818e-06];[0, 0.0002, -1e-08]
320;ВР;ВР 26-193-320;ВР 26;260;1057 - 7625;95 - 1277;2190;103;12387;;;
321;ВР;ВР 116-118-321;ВР 116;1160;1058 - 6987;201 - 1333;4416;77;135351;2900;[1333, 0, -2.3188088025177675e-05];[0, 0.0002, -1e-08]
322;ВКОП;ВКОП 88-171-322;ВКОП 88;880;1371 - 7830;286 - 1284;3875;107;10479;;;
323;ВЦ;ВЦ 46-152-323;ВЦ 46;460;1479 - 4084;589 - 768;854;71;65240;;;
324;Ц;Ц 38-161-324;Ц 38;380;777 - 10255;836 - 1188;1083;96;170871;1000;[1188, 0, -3.3471203948270825e-06];[0, 0.0002, -1e-08]
325;ВО;ВО 38-112-325;ВО 38;380;1230 - 4986;266 - 566;892;102;147370;1450;[516, 0.02, -1.4067467529218195e-05];[0, 0.0002, -1e-08]
326;ВЦ;ВЦ 42-155-326;ВЦ 42;420;1479 - 8506;50 - 1235;4958;98;65843;1450;[1235, 0, -1.637825368176232e-05];[0, 0.0002, -1e-08]
327;Ц;Ц 63-144-327;Ц 63;630;738 - 6795;499 - 658;1628;101;100190;;;
328;ВО;ВО 34-165-328;ВО 34;340;1114 - 4720;880 - 1012;3221;96;121772;;;
329;Ц;Ц 99-194-329;Ц 99;990;675 - 7099;601 - 1029;645;95;131175;;;
330;ВЦ;ВЦ 65-126-330;ВЦ 65;650;1216 - 2920;167 - 316;4953;89;131151;;;
331;Ц;Ц 82-166-331;Ц 82;820;1834 - 6298;124 - 306;2115;65;132041;2900;[306, 0, -4.588450758511248e-06];[0, 0.0002, -1e-08]
332;ВР;ВР 62-180-332;ВР 62;620;613 - 4213;304 - 1001;1423;109;185889;;;
333;ВР;ВР 80-159-333;ВР 80;800;1455 - 2464;418 - 1360;2151;109;19656;2900;[1360, 0, -0.00015515632906054985];[0, 0.0002, -1e-08]
334;ВЦ;ВЦ 86-115-334;ВЦ 86;860;1038 - 11008;281 - 564;1084;61;12659;1000;[564, 0, -2.3354447294145486e-06];[0, 0.0002, -1e-08]
335;ВО;ВО 103-144-335;ВО 103;1030;1271 - 7103;82 - 445;1016;76;189667;2900;[395, 0.02, -9.01955337929105e-06];[0, 0.0002, -1e-08]
336;Ц;Ц 68-163-336;Ц 68;680;1459 - 3791;576 - 635;1897;99;168937;1450;[635, 0, -4.1052956853133605e-06];[0, 0.0002, -1e-08]
337;УВО;УВО 95-159-337;УВО 95;950;1351 - 6162;304 - 1120;3545;107;166056;;;
338;ВО;ВО 102-167-338;ВО 102;1020;1107 - 2342;192 - 1020;3022;71;195218;2900;[970, 0.02, -0.00015038202620837622];[0, 0.0002, -1e-08]
339;ВР;ВР 33-176-339;ВР 33;330;1400 - 6112;460 - 570;2347;75;100260;;;
340;ВЦ;ВЦ 65-159-340;ВЦ 65;650;1860 - 10825;515 - 595;4334;82;158950;2900;[595, 0, -6.827067187941693e-07];[0, 0.0002, -1e-08]
341;ВР;ВР 80-112-341;ВР 80;800;1128 - 8076;224 - 434;2570;76;74664;2900;[434, 0, -3.219783527513878e-06];[0, 0.0002, -1e-08]
342;ВО;ВО 20-175-342;ВО 20;200;958 - 2297;243 - 709;3739;82;81716;;;
343;ВЦ;ВЦ 92-145-343;ВЦ 92;920;798 - 2942;262 - 486;938;64;130380;1450;[486, 0, -2.587990522408994e-05];[0, 0.0002, -1e-08]
344;ВКОП;ВКОП 84-100-344;ВКОП 84;840;908 - 4283;156 - 384;4764;89;22473;1450;[334, 0.02, -1.4373022285271292e-05];[0, 0.0002, -1e-08]
345;ВО;ВО 86-200-345;ВО 86;860;1539 - 5021;177 - 352;4764;74;189502;1450;[302, 0.02, -8.941533390867696e-06];[0, 0.0002, -1e-08]
346;ВЦ;ВЦ 118-131-346;ВЦ 118;1180;1924 - 7694;397 - 832;1248;83;138208;;;
347;Ц;Ц 96-157-347;Ц 96;960;1886 - 2921;355 - 490;1140;110;149611;;;
348;ВР;ВР 71-187-348;ВР 71;710;1834 - 11706;1036 - 1420;839;102;58536;;;
349;ВО;ВО 51-117-349;ВО 51;510;1422 - 10492;397 - 1429;4809;86;17023;1000;[1379, 0.02, -1.0826831880623168e-05];[0, 0.0002, -1e-08]
350;УВО;УВО 105-120-350;УВО 105;1050;1425 - 9419;939 - 1478;225;81;112541;1450;[1428, 0.02, -7.635241460256104e-06];[0, 0.0002, -1e-08]
351;УВО;УВО 73-116-351;УВО 73;730;1237 - 3953;438 - 1247;3190;110;182190;;;
352;ВКОП;ВКОП 93-175-352;ВКОП 93;930;1144 - 2379;212 - 452;3535;83;42912;;;
353;ВО;ВО 111-104-353;ВО 111;1110;1176 - 3478;229 - 1416;3047;75;42559;;;
354;ВКОП;ВКОП 115-103-354;ВКОП 115;1150;1872 - 7206;209 - 871;3576;84;86045;2900;[821, 0.02, -1.4561369087606937e-05];[0, 0.0002, -1e-08]
355;Ц;Ц 73-145-355;Ц 73;730;1607 - 8840;459 - 904;3107;102;120542;;;
356;ВР;ВР 48-160-356;ВР 48;480;1152 - 2883;566 - 895;2526;80;49856;;;
357;ВО;ВО 99-176-357;ВО 99;990;1030 - 6834;993 - 1241;4764;83;82675;2900;[1191, 0.02, -7.166049625857183e-06];[0, 0.0002, -1e-08]
358;УВО;УВО 21-140-358;УВО 21;210;1547 - 3342;745 - 1434;3105;83;146763;2900;[1384, 0.02, -6.319655072753391e-05];[0, 0.0002, -1e-08]
359;ВО;ВО 56-130-359;ВО 56;560;1095 - 7455;955 - 1428;2874;82;46552;;;
360;ВО;ВО 36-131-360;ВО 36;360;1446 - 5944;107 - 860;4523;87;66097;1450;[810, 0.02, -2.3262201362560207e-05];[0, 0.0002, -1e-08]
361;ВО;ВО 42-101-361;ВО 42;420;1188 - 3097;415 - 577;4011;108;24259;;;
362;Ц;Ц 107-181-362;Ц 107;1070;1785 - 5881;214 - 594;3993;83;150298;2900;[594, 0, -1.0987053463378025e-05];[0, 0.0002, -1e-08]
363;ВКОП;ВКОП 80-114-363;ВКОП 80;800;808 - 10306;473 - 904;2446;69;59495;;;
364;Ц;Ц 100-188-364;Ц 100;1000;1460 - 5458;103 - 338;756;78;18040;1450;[338, 0, -7.888615700345932e-06];[0, 0.0002, -1e-08]
365;Ц;Ц 36-116-365;Ц 36;360;1003 - 4381;170 - 613;947;77;113026;;;
366;ВКОП;ВКОП 28-164-366;ВКОП 28;280;850 - 3813;608 - 978;500;91;90554;;;
367;ВО;ВО 52-101-367;ВО 52;520;558 - 3643;492 - 916;2623;62;70065;;;
368;Ц;Ц 26-193-368;Ц 26;260;1271 - 3902;640 - 924;2215;74;65440;;;
369;ВЦ;ВЦ 20-173-369;ВЦ 20;200;1859 - 8459;1302 - 1394;3876;91;189716;;;
370;ВКОП;ВКОП 69-140-370;ВКОП 69;690;1190 - 5718;624 - 1468;4258;104;113587;1000;[1418, 0.02, -2.77823961469466e-05];[0, 0.0002, -1e-08]
371;ВКОП;ВКОП 34-100-371;ВКОП 34;340;1448 - 2802;315 - 1112;4710;61;164466;2900;[1062, 0.02, -0.00010228240152720525];[0, 0.0002, -1e-08]
372;ВО;ВО 108-184-372;ВО 108;1080;1078 - 5984;432 - 498;204;107;138451;;;
373;ВЦ;ВЦ 22-125-373;ВЦ 22;220;1977 - 11911;744 - 1282;2493;66;76751;2900;[1282, 0, -3.7921527826496407e-06];[0, 0.0002, -1e-08]
374;Ц;Ц 36-123-374;Ц 36;360;992 - 6511;441 - 1340;2730;81;154321;1450;[1340, 0, -2.1206270706042143e-05];[0, 0.0002, -1e-08]
375;ВР;ВР 76-168-375;ВР 76;760;1613 - 5572;238 - 647;3109;84;93360;1000;[647, 0, -1.3173497474038225e-05];[0, 0.0002, -1e-08]
376;ВЦ;ВЦ 28-102-376;ВЦ 28;280;1948 - 9263;200 - 1382;4777;106;159896;1450;[1382, 0, -1.3775714973884006e-05];[0, 0.0002, -1e-08]
377;УВО;УВО 25-165-377;УВО 25;250;734 - 7735;165 - 471;2193;101;102554;;;
378;ВКОП;ВКОП 43-120-378;ВКОП 43;430;1076 - 6404;309 - 755;3300;78;62330;2900;[705, 0.02, -1.2778943204220036e-05];[0, 0.0002, -1e-08]
379;Ц;Ц 21-136-379;Ц 21;210;1238 - 4412;744 - 1023;1744;99;92755;;;
380;ВКОП;ВКОП 24-191-380;ВКОП 24;240;1697 - 3925;256 - 454;4170;85;183913;;;
381;Ц;Ц 103-145-381;Ц 103;1030;1442 - 8287;306 - 1165;2035;73;184141;1000;[1165, 0, -1.2508305682430079e-05];[0, 0.0002, -1e-08]
382;ВЦ;ВЦ 113-114-382;ВЦ 113;1130;1684 - 9042;855 - 1051;4235;76;151040;;;
383;ВЦ;ВЦ 52-106-383;ВЦ 52;520;1826 - 6032;78 - 1466;3691;72;187145;;;
384;УВО;УВО 116-161-384;УВО 116;1160;1650 - 9010;193 - 704;1125;61;105281;;;
385;ВР;ВР 110-152-385;ВР 110;1100;1068 - 4828;844 - 930;1535;96;91406;;;
386;ВР;ВР 30-166-386;ВР 30;300;1384 - 10445;375 - 463;2342;72;74361;;;
387;УВО;УВО 32-174-387;УВО 32;320;1589 - 3670;284 - 349;2271;74;54955;;;
388;ВО;ВО 46-125-388;ВО 46;460;1791 - 10133;158 - 871;1192;61;38140;;;
389;ВР;ВР 69-105-389;ВР 69;690;1708 - 8435;540 - 899;4309;62;106816;;;
390;Ц;Ц 65-153-390;Ц 65;650;546 - 3356;596 - 1194;3565;100;18107;2900;[1194, 0, -5.309544679019378e-05];[0, 0.0002, -1e-08]
391;Ц;Ц 34-153-391;Ц 34;340;1341 - 5037;208 - 743;379;107;118545;1450;[743, 0, -2.108676122285715e-05];[0, 0.0002, -1e-08]
392;Ц;Ц 98-160-392;Ц 98;980;1119 - 3402;431 - 986;4948;72;87018;;;
393;ВКОП;ВКОП 85-143-393;ВКОП 85;850;812 - 3347;142 - 453;719;95;178558;;;
394;ВР;ВР 78-133-394;ВР 78;780;1856 - 5867;1051 - 1319;323;102;93487;;;
395;ВР;ВР 24-124-395;ВР 24;240;995 - 7565;433 - 1106;3867;100;76087;1000;[1106, 0, -1.1759725909271006e-05];[0, 0.0002, -1e-08]
396;ВЦ;ВЦ 50-185-396;ВЦ 50;500;814 - 8172;239 - 560;3191;83;64376;;;
397;Ц;Ц 77-105-397;Ц 77;770;1638 - 8945;454 - 794;2029;75;120465;;;
398;ВО;ВО 54-171-398;ВО 54;540;1972 - 7194;1028 - 1379;758;71;63082;1450;[1329, 0.02, -8.596111005611277e-06];[0, 0.0002, -1e-08]
399;ВР;ВР 99-193-399;ВР 99;990;1242 - 2672;68 - 631;4974;66;78365;;;
400;Ц;Ц 57-100-400;Ц 57;570;1905 - 8827;446 - 791;532;104;160309;2900;[791, 0, -4.427849406762512e-06];[0, 0.0002, -1e-08]
401;ВКОП;ВКОП 33-132-401;ВКОП 33;330;618 - 2430;312 - 713;1311;99;107098;;;
402;ВКОП;ВКОП 29-198-402;ВКОП 29;290;1057 - 5994;187 - 969;1191;93;50576;1450;[919, 0.02, -2.371073108477179e-05];[0, 0.0002, -1e-08]
403;УВО;УВО 20-196-403;УВО 20;200;1382 - 9803;503 - 890;3232;93;122055;1450;[840, 0.02, -5.5469990268037556e-06];[0, 0.0002, -1e-08]
404;ВЦ;ВЦ 63-190-404;ВЦ 63;630;520 - 3437;838 - 1453;4458;89;85800;1450;[1453, 0, -5.2061425032098196e-05];[0, 0.0002, -1e-08]
405;ВКОП;ВКОП 32-138-405;ВКОП 32;320;1226 - 5964;712 - 1092;3112;65;153408;2900;[1042, 0.02, -1.2631118704176771e-05];[0, 0.0002, -1e-08]
406;УВО;УВО 116-165-406;УВО 116;1160;1999 - 10744;1294 - 1457;2063;73;23485;;;
407;ВО;ВО 97-131-407;ВО 97;970;1466 - 7651;96 - 398;3576;77;85267;;;
408;ВР;ВР 62-106-408;ВР 62;620;1410 - 7523;836 - 972;3929;71;163990;;;
409;ВР;ВР 66-139-409;ВР 66;660;1579 - 5440;471 - 637;1673;62;40261;2900;[637, 0, -5.609320934256055e-06];[0, 0.0002, -1e-08]
410;ВО;ВО 35-161-410;ВО 35;350;624 - 4589;686 - 1117;4676;89;79606;1000;[1067, 0.02, -2.2450343016149783e-05];[0, 0.0002, -1e-08]
411;Ц;Ц 79-106-411;Ц 79;790;1648 - 7136;770 - 1188;570;62;44161;1450;[1188, 0, -8.208552856482133e-06];[0, 0.0002, -1e-08]
412;Ц;Ц 68-102-412;Ц 68;680;1897 - 6260;476 - 629;1284;92;191846;;;
413;УВО;УВО 92-167-413;УВО 92;920;1941 - 11598;503 - 1017;1347;109;65761;;;
414;ВР;ВР 68-130-414;ВР 68;680;760 - 5505;692 - 901;3726;62;108536;1450;[901, 0, -6.896546034857256e-06];[0, 0.0002, -1e-08]
415;ВО;ВО 69-157-415;ВО 69;690;1851 - 8203;534 - 1471;783;107;18278;2900;[1421, 0.02, -1.562003797666874e-05];[0, 0.0002, -1e-08]
416;ВО;ВО 61-105-416;ВО 61;610;561 - 2458;341 - 831;3646;75;151755;1450;[781, 0.02, -8.096310944949191e-05];[0, 0.0002, -1e-08]
417;ВКОП;ВКОП 99-188-417;ВКОП 99;990;1027 - 5736;385 - 1036;272;97;144498;;;
418;ВО;ВО 22-155-418;ВО 22;220;1783 - 11373;1039 - 1227;4889;104;181991;;;
419;ВР;ВР 73-180-419;ВР 73;730;1751 - 4996;952 - 1171;3711;91;41634;2900;[1171, 0, -8.774032837158437e-06];[0, 0.0002, -1e-08]
420;ВКОП;ВКОП 48-139-420;ВКОП 48;480;750 - 5112;855 - 1316;4276;60;33574;1000;[1266, 0.02, -1.963987891879183e-05];[0, 0.0002, -1e-08]
421;УВО;УВО 66-191-421;УВО 66;660;542 - 6558;893 - 1263;3905;78;15876;2900;[1213, 0.02, -1.0490296498990264e-05];[0, 0.0002, -1e-08]
422;ВКОП;ВКОП 41-148-422;ВКОП 41;410;757 - 10444;450 - 1223;1044;80;191369;;;
423;УВО;УВО 117-119-423;УВО 117;1170;1720 - 4678;424 - 762;4436;110;118219;;;
424;ВО;ВО 86-171-424;ВО 86;860;907 - 2731;91 - 346;3020;79;90233;;;
425;ВКОП;ВКОП 57-189-425;ВКОП 57;570;1592 - 6354;1005 - 1059;4812;86;90800;1450;[1009, 0.02, -3.24669888398565e-06];[0, 0.0002, -1e-08]
426;ВЦ;ВЦ 46-160-426;ВЦ 46;460;885 - 2669;374 - 1472;1493;86;134813;1000;[1472, 0, -0.00015413639330104703];[0, 0.0002, -1e-08]
427;Ц;Ц 117-181-427;Ц 117;1170;1459 - 7888;92 - 1050;3723;94;110682;;;
428;ВР;ВР 88-118-428;ВР 88;880;1941 - 4477;506 - 1017;4332;85;72077;;;
429;ВО;ВО 23-182-429;ВО 23;230;895 - 1988;551 - 622;2801;81;51623;1450;[572, 0.02, -1.53739337433049e-05];[0, 0.0002, -1e-08]
430;ВКОП;ВКОП 61-166-430;ВКОП 61;610;1928 - 9325;363 - 827;2186;65;134684;2900;[777, 0.02, -6.905821216281293e-06];[0, 0.0002, -1e-08]
431;ВО;ВО 97-151-431;ВО 97;970;786 - 4986;222 - 1034;2691;85;14067;;;
432;ВР;ВР 38-101-432;ВР 38;380;1381 - 4452;579 - 1179;4271;69;172671;;;
433;ВР;ВР 65-149-433;ВР 65;650;1313 - 7958;62 - 969;2209;61;91511;;;
434;ВЦ;ВЦ 92-118-434;ВЦ 92;920;1864 - 8336;175 - 782;1152;91;142675;2900;[782, 0, -8.735208572028543e-06];[0, 0.0002, -1e-08]
435;ВКОП;ВКОП 42-169-435;ВКОП 42;420;1367 - 9163;264 - 529;2953;98;137380;1450;[479, 0.02, -4.743417115241322e-06];[0, 0.0002, -1e-08]
436;ВО;ВО 36-157-436;ВО 36;360;1467 - 5416;341 - 1046;805;108;64524;;;
437;ВР;ВР 95-166-437;ВР 95;950;1747 - 10442;489 - 1115;366;103;99921;;;
438;УВО;УВО 32-148-438;УВО 32;320;1347 - 4729;233 - 302;867;95;147919;;;
439;УВО;УВО 31-182-439;УВО 31;310;1370 - 5184;407 - 1090;3066;90;174153;1000;[1040, 0.02, -2.7412515717878373e-05];[0, 0.0002, -1e-08]
440;УВО;УВО 72-110-440;УВО 72;720;1311 - 9099;53 - 686;442;104;141084;;;
441;ВО;ВО 63-127-441;ВО 63;630;910 - 9120;363 - 558;4800;96;29959;2900;[508, 0.02, -3.936307325330871e-06];[0, 0.0002, -1e-08]
442;ВР;ВР 73-145-442;ВР 73;730;1781 - 9810;169 - 1000;358;100;36540;;;
443;УВО;УВО 21-140-443;УВО 21;210;624 - 7851;186 - 471;4901;103;160358;;;
444;ВКОП;ВКОП 110-160-444;ВКОП 110;1100;1433 - 10387;402 - 745;202;81;112813;;;
445;Ц;Ц 83-187-445;Ц 83;830;980 - 9594;437 - 508;3203;96;24729;;;
446;ВО;ВО 120-198-446;ВО 120;1200;1120 - 6281;54 - 1097;4127;69;190699;1450;[1047, 0.02, -2.8354695846319177e-05];[0, 0.0002, -1e-08]
447;УВО;УВО 65-191-447;УВО 65;650;1364 - 10597;772 - 1054;3040;100;47298;;;
448;ВО;ВО 83-100-448;ВО 83;830;607 - 3230;685 - 789;2284;69;165596;;;
449;ВО;ВО 71-148-449;ВО 71;710;1402 - 7383;953 - 1012;2401;105;158505;;;
450;ВР;ВР 107-196-450;ВР 107;1070;547 - 4442;109 - 850;2478;83;152199;1000;[850, 0, -3.75544235056431e-05];[0, 0.0002, -1e-08]
451;ВР;ВР 116-113-451;ВР 116;1160;516 - 5374;790 - 1427;456;109;177338;1000;[1427, 0, -2.2056881407662555e-05];[0, 0.0002, -1e-08]
452;ВР;ВР 68-170-452;ВР 68;680;637 - 5700;101 - 855;2016;101;58035;;;
453;УВО;УВО 50-156-453;УВО 50;500;1890 - 4951;637 - 1496;3716;90;137287;1000;[1446, 0.02, -3.70432908632655e-05];[0, 0.0002, -1e-08]
454;ВКОП;ВКОП 106-153-454;ВКОП 106;1060;1864 - 11693;238 - 1014;1559;64;35886;;;
455;ВКОП;ВКОП 68-172-455;ВКОП 68;680;1881 - 5499;244 - 533;2660;64;172576;2900;[483, 0.02, -1.154072517144333e-05];[0, 0.0002, -1e-08]
456;УВО;УВО 52-159-456;УВО 52;520;1078 - 2410;982 - 1368;3303;86;20746;;;
457;УВО;УВО 30-154-457;УВО 30;300;1352 - 3294;650 - 1283;2924;110;63748;1450;[1233, 0.02, -5.9802205183275584e-05];[0, 0.0002, -1e-08]
458;ВКОП;ВКОП 93-175-458;ВКОП 93;930;1653 - 3874;362 - 987;1637;81;79460;;;
459;ВР;ВР 71-177-459;ВР 71;710;1199 - 2229;522 - 598;4033;85;87070;;;
460;УВО;УВО 88-167-460;УВО 88;880;1942 - 7684;251 - 782;4872;86;142802;;;
461;ВО;ВО 107-129-461;ВО 107;1070;505 - 8268;236 - 1468;2985;97;179550;;;
462;ВКОП;ВКОП 29-157-462;ВКОП 29;290;1905 - 5574;339 - 718;3898;91;114200;;;
463;УВО;УВО 106-134-463;УВО 106;1060;1268 - 6901;83 - 389;2429;69;46440;1000;[339, 0.02, -8.273594121561192e-06];[0, 0.0002, -1e-08]
464;УВО;УВО 45-151-464;УВО 45;450;1168 - 6384;98 - 419;4342;61;31241;;;
465;ВР;ВР 32-188-465;ВР 32;320;1843 - 6086;176 - 329;1844;80;42117;1000;[329, 0, -4.13073690510504e-06];[0, 0.0002, -1e-08]
466;ВЦ;ВЦ 39-154-466;ВЦ 39;390;1054 - 8806;277 - 838;2072;96;55821;;;
467;УВО;УВО 43-117-467;УВО 43;430;1053 - 10541;796 - 1161;2316;60;58949;1450;[1111, 0.02, -4.7323131371476845e-06];[0, 0.0002, -1e-08]
468;УВО;УВО 77-109-468;УВО 77;770;1761 - 7610;177 - 314;3550;76;51810;;;
469;ВКОП;ВКОП 81-144-469;ВКОП 81;810;1583 - 3638;1186 - 1365;1787;110;159358;;;
470;ВО;ВО 53-195-470;ВО 53;530;1180 - 3105;245 - 422;2285;66;117941;1450;[372, 0.02, -1.9614097048809644e-05];[0, 0.0002, -1e-08]
471;ВЦ;ВЦ 66-144-471;ВЦ 66;660;1603 - 4576;579 - 1306;661;64;29375;2900;[1306, 0, -3.47186139909042e-05];[0, 0.0002, -1e-08]
472;УВО;УВО 103-166-472;УВО 103;1030;762 - 5094;105 - 498;3798;76;61628;1450;[448, 0.02, -1.714450698289511e-05];[0, 0.0002, -1e-08]
473;УВО;УВО 57-140-473;УВО 57;570;935 - 5823;236 - 409;1418;79;164162;2900;[359, 0.02, -7.062190006178311e-06];[0, 0.0002, -1e-08]
474;ВЦ;ВЦ 89-157-474;ВЦ 89;890;600 - 1714;405 - 1023;4500;85;97702;;;
475;ВКОП;ВКОП 27-150-475;ВКОП 27;270;1058 - 8685;461 - 1406;1305;82;177928;;;
476;ВР;ВР 84-106-476;ВР 84;840;726 - 7963;512 - 1203;3204;72;33266;2900;[1203, 0, -1.0897443246911982e-05];[0, 0.0002, -1e-08]
477;УВО;УВО 45-193-477;УВО 45;450;585 - 6240;559 - 1311;3511;65;47067;;;
478;Ц;Ц 37-140-478;Ц 37;370;1840 - 11695;206 - 707;2194;81;24648;;;
479;УВО;УВО 39-198-479;УВО 39;390;1194 - 6746;779 - 1392;2925;75;167498;1450;[1342, 0.02, -1.533603073323683e-05];[0, 0.0002, -1e-08]
480;ВО;ВО 50-139-480;ВО 50;500;984 - 9593;488 - 1399;2070;76;105931;2900;[1349, 0.02, -1.144094077510934e-05];[0, 0.0002, -1e-08]
481;ВО;ВО 113-158-481;ВО 113;1130;841 - 9339;1103 - 1434;3847;100;171402;;;
482;УВО;УВО 78-161-482;УВО 78;780;1405 - 6883;1113 - 1423;2356;90;154883;1000;[1373, 0.02, -8.39375655307092e-06];[0, 0.0002, -1e-08]
483;ВО;ВО 71-167-483;ВО 71;710;992 - 9333;179 - 485;1677;77;103616;2900;[435, 0.02, -5.0819191101890955e-06];[0, 0.0002, -1e-08]
484;УВО;УВО 45-168-484;УВО 45;450;1673 - 6092;242 - 309;4359;89;54412;1000;[259, 0.02, -3.7410612240674725e-06];[0, 0.0002, -1e-08]
485;ВЦ;ВЦ 21-173-485;ВЦ 21;210;1945 - 6162;333 - 646;4179;103;63702;;;
486;ВР;ВР 92-118-486;ВР 92;920;812 - 5026;216 - 327;1192;61;103956;;;
487;УВО;УВО 60-140-487;УВО 60;600;1163 - 2171;276 - 461;1145;60;93425;;;
488;ВР;ВР 117-178-488;ВР 117;1170;1347 - 3901;933 - 1468;1451;103;114336;;;
489;ВКОП;ВКОП 46-150-489;ВКОП 46;460;1946 - 4853;59 - 406;597;85;125567;;;
490;УВО;УВО 65-114-490;УВО 65;650;1885 - 6602;347 - 482;239;82;114629;;;
491;ВКОП;ВКОП 33-178-491;ВКОП 33;330;1100 - 6050;223 - 1145;2102;97;88840;2900;[1095, 0.02, -2.7129294447100607e-05];[0, 0.0002, -1e-08]
492;УВО;УВО 97-112-492;УВО 97;970;1973 - 7020;859 - 1351;658;72;25046;1450;[1301, 0.02, -1.1818085892159966e-05];[0, 0.0002, -1e-08]
493;УВО;УВО 56-122-493;УВО 56;560;1325 - 5868;61 - 409;605;105;93592;1000;[359, 0.02, -1.2062698150494705e-05];[0, 0.0002, -1e-08]
494;Ц;Ц 31-166-494;Ц 31;310;1987 - 11292;133 - 945;3383;81;195349;2900;[945, 0, -6.368164747621789e-06];[0, 0.0002, -1e-08]
495;УВО;УВО 82-117-495;УВО 82;820;893 - 3770;328 - 711;2943;107;187204;1450;[661, 0.02, -2.873445954027679e-05];[0, 0.0002, -1e-08]
496;ВКОП;ВКОП 81-146-496;ВКОП 81;810;727 - 4574;547 - 1491;920;104;171717;2900;[1441, 0.02, -4.710375118849167e-05];[0, 0.0002, -1e-08]
497;ВО;ВО 63-195-497;ВО 63;630;1710 - 11353;281 - 428;4714;110;66558;2900;[378, 0.02, -2.514225066622193e-06];[0, 0.0002, -1e-08]
498;ВКОП;ВКОП 62-186-498;ВКОП 62;620;1344 - 8697;112 - 1117;2529;105;91649;2900;[1067, 0.02, -1.4925604204109086e-05];[0, 0.0002, -1e-08]
499;ВР;ВР 36-123-499;ВР 36;360;1688 - 4611;72 - 811;2531;62;42942;;;
500;УВО;УВО 98-128-500;УВО 98;980;1236 - 2568;155 - 364;1343;60;84220;1000;[314, 0.02, -3.189871022214458e-05];[0, 0.0002, -1e-08]
501;УВО;УВО 106-139-501;УВО 106;1060;1816 - 4066;198 - 501;560;65;153569;;;
502;ВО;ВО 78-184-502;ВО 78;780;812 - 6242;575 - 1438;1743;93;14082;1000;[1388, 0.02, -2.4070284491544243e-05];[0, 0.0002, -1e-08]
503;ВО;ВО 107-113-503;ВО 107;1070;900 - 6399;495 - 980;2873;102;146900;;;
504;ВО;ВО 34-149-504;ВО 34;340;1354 - 3820;1133 - 1368;4048;87;110776;;;
505;ВР;ВР 46-149-505;ВР 46;460;764 - 7208;288 - 421;4948;85;16569;;;
506;ВР;ВР 81-138-506;ВР 81;810;1764 - 11504;103 - 1419;2282;71;169181;;;
507;ВКОП;ВКОП 44-147-507;ВКОП 44;440;1423 - 9271;480 - 994;259;93;119944;;;
508;УВО;УВО 85-194-508;УВО 85;850;1057 - 6892;454 - 1466;3599;77;67530;1000;[1416, 0.02, -2.3154690104755265e-05];[0, 0.0002, -1e-08]
509;ВЦ;ВЦ 101-128-509;ВЦ 101;1010;1091 - 2433;657 - 1179;1060;106;90175;;;
510;ВО;ВО 48-118-510;ВО 48;480;1431 - 7067;653 - 1095;2686;78;171171;1450;[1045, 0.02, -1.0679083295187791e-05];[0, 0.0002, -1e-08]
511;УВО;УВО 42-187-511;УВО 42;420;1037 - 9329;191 - 638;2540;73;25954;1450;[588, 0.02, -6.705485280685366e-06];[0, 0.0002, -1e-08]
512;УВО;УВО 104-106-512;УВО 104;1040;694 - 9483;111 - 570;4759;76;133115;;;
513;ВЦ;ВЦ 118-121-513;ВЦ 118;1180;1397 - 3023;364 - 1362;2574;66;138017;;;
514;ВО;ВО 102-144-514;ВО 102;1020;937 - 2797;1102 - 1465;862;86;87124;2900;[1415, 0.02, -4.7159675780105066e-05];[0, 0.0002, -1e-08]
515;ВО;ВО 64-113-515;ВО 64;640;1616 - 4159;1415 - 1497;1501;67;90054;;;
516;ВКОП;ВКОП 107-175-516;ВКОП 107;1070;562 - 3257;843 - 1019;2738;87;176959;2900;[969, 0.02, -1.8018393391659484e-05];[0, 0.0002, -1e-08]
517;Ц;Ц 39-122-517;Ц 39;390;1125 - 7169;259 - 486;2941;109;175183;;;
518;ВЦ;ВЦ 98-152-518;ВЦ 98;980;780 - 7330;360 - 496;2555;82;12404;1450;[496, 0, -2.5312262115918993e-06];[0, 0.0002, -1e-08]
519;ВО;ВО 95-169-519;ВО 95;950;1534 - 6450;80 - 712;175;103;26384;;;
520;ВО;ВО 78-182-520;ВО 78;780;846 - 6200;1073 - 1242;3784;67;90069;1450;[1192, 0.02, -6.3215400624349635e-06];[0, 0.0002, -1e-08]
521;УВО;УВО 24-141-521;УВО 24;240;1795 - 9184;767 - 1327;3820;65;174087;;;
522;ВО;ВО 74-158-522;ВО 74;740;1545 - 8978;288 - 1174;2376;83;43221;1000;[1124, 0.02, -1.2599299066290158e-05];[0, 0.0002, -1e-08]
523;Ц;Ц 51-131-523;Ц 51;510;822 - 2131;280 - 794;631;109;187988;;;
524;УВО;УВО 51-175-524;УВО 51;510;1250 - 8268;168 - 378;4817;73;20303;;;
525;Ц;Ц 70-125-525;Ц 70;700;1667 - 4431;552 - 749;2687;64;38532;;;
526;УВО;УВО 109-147-526;УВО 109;1090;1148 - 10040;643 - 756;2728;92;119129;;;
527;ВКОП;ВКОП 53-189-527;ВКОП 53;530;1064 - 2201;766 - 971;2407;90;141798;;;
528;УВО;УВО 26-138-528;УВО 26;260;622 - 6898;1142 - 1237;523;107;64737;;;
529;УВО;УВО 77-119-529;УВО 77;770;1693 - 5100;235 - 581;2851;65;100080;;;
530;ВР;ВР 51-132-530;ВР 51;510;536 - 5426;374 - 823;714;108;105129;;;
531;ВКОП;ВКОП 99-102-531;ВКОП 99;990;1013 - 7831;1085 - 1201;1608;93;74619;;;
532;ВКОП;ВКОП 119-147-532;ВКОП 119;1190;1883 - 8359;507 - 1052;4195;67;143236;;;
533;УВО;УВО 80-182-533;УВО 80;800;859 - 4875;159 - 1179;3918;62;188482;;;
534;ВР;ВР 114-118-534;ВР 114;1140;689 - 4536;271 - 1334;3478;64;46763;;;
535;ВКОП;ВКОП 70-142-535;ВКОП 70;700;1370 - 7669;557 - 1186;1702;103;172437;1450;[1136, 0.02, -1.2452570249912261e-05];[0, 0.0002, -1e-08]
536;ВКОП;ВКОП 105-147-536;ВКОП 105;1050;957 - 6745;1039 - 1207;1480;78;36012;;;
537;ВКОП;ВКОП 34-102-537;ВКОП 34;340;1729 - 5281;360 - 652;4399;69;125247;2900;[602, 0.02, -1.2464429922649323e-05];[0, 0.0002, -1e-08]
538;ВКОП;ВКОП 56-181-538;ВКОП 56;560;1265 - 2932;1223 - 1453;2498;103;128213;;;
539;ВО;ВО 48-180-539;ВО 48;480;1902 - 4576;377 - 999;326;69;34707;1450;[949, 0.02, -3.1687062937062934e-05];[0, 0.0002, -1e-08]
540;УВО;УВО 113-145-540;УВО 113;1130;803 - 6855;191 - 721;3739;93;97076;;;
541;УВО;УВО 116-186-541;УВО 116;1160;992 - 2682;171 - 1267;3499;107;159746;;;
542;Ц;Ц 95-121-542;Ц 95;950;573 - 2277;299 - 473;115;94;186903;;;
543;УВО;УВО 66-102-543;УВО 66;660;699 - 9555;67 - 332;2004;84;192550;1000;[282, 0.02, -4.448069933604807e-06];[0, 0.0002, -1e-08]
544;ВЦ;ВЦ 84-172-544;ВЦ 84;840;1636 - 7791;147 - 581;2577;82;153426;;;
545;Ц;Ц 37-109-545;Ц 37;370;1535 - 4210;751 - 834;2522;73;160978;;;
546;Ц;Ц 75-113-546;Ц 75;750;1176 - 7574;236 - 315;3507;108;175702;;;
547;УВО;УВО 55-173-547;УВО 55;550;1440 - 10253;337 - 607;1738;85;146514;;;
548;ВЦ;ВЦ 76-118-548;ВЦ 76;760;1007 - 6902;388 - 1161;2442;81;89238;2900;[1161, 0, -1.62266767237076e-05];[0, 0.0002, -1e-08]
549;ВКОП;ВКОП 87-193-549;ВКОП 87;870;1064 - 9492;310 - 673;3696;109;108656;;;
550;ВКОП;ВКОП 59-121-550;ВКОП 59;590;1411 - 9630;431 - 891;2352;92;33276;1000;[841, 0.02, -6.497952810585646e-06];[0, 0.0002, -1e-08]
551;ВО;ВО 24-166-551;ВО 24;240;1283 - 3205;308 - 464;442;63;168958;2900;[414, 0.02, -1.6559539136635667e-05];[0, 0.0002, -1e-08]
552;ВЦ;ВЦ 110-174-552;ВЦ 110;1100;1377 - 11141;359 - 491;980;67;136703;;;
553;УВО;УВО 53-174-553;УВО 53;530;840 - 3840;306 - 1331;144;86;45783;1450;[1281, 0.02, -7.132975260416666e-05];[0, 0.0002, -1e-08]
554;ВР;ВР 114-148-554;ВР 114;1140;1163 - 9649;577 - 904;3342;83;49379;;;
555;УВО;УВО 76-183-555;УВО 76;760;1165 - 10592;1024 - 1275;953;83;184595;1450;[1225, 0.02, -3.679813642628308e-06];[0, 0.0002, -1e-08]
556;ВКОП;ВКОП 23-115-556;ВКОП 23;230;1752 - 2798;540 - 953;2737;97;37243;1450;[903, 0.02, -5.351519849008865e-05];[0, 0.0002, -1e-08]
557;ВО;ВО 87-121-557;ВО 87;870;679 - 8970;227 - 858;342;67;43314;;;
558;ВЦ;ВЦ 73-142-558;ВЦ 73;730;1945 - 7641;179 - 1161;579;95;74777;2900;[1161, 0, -1.6819422822836618e-05];[0, 0.0002, -1e-08]
559;ВР;ВР 113-179-559;ВР 113;1130;1186 - 7308;208 - 753;4643;96;99699;;;
560;УВО;УВО 92-186-560;УВО 92;920;1810 - 10607;135 - 699;402;110;186621;;;
561;ВО;ВО 116-100-561;ВО 116;1160;1013 - 7074;137 - 423;2905;102;46882;2900;[373, 0.02, -7.543342646407952e-06];[0, 0.0002, -1e-08]
562;Ц;Ц 43-130-562;Ц 43;430;534 - 3648;189 - 925;1472;98;198092;;;
563;ВР;ВР 106-125-563;ВР 106;1060;950 - 10869;138 - 1493;1594;78;136234;1450;[1493, 0, -1.1469912839920708e-05];[0, 0.0002, -1e-08]
564;ВО;ВО 39-102-564;ВО 39;390;1711 - 10225;1168 - 1451;3314;82;30980;;;
565;ВЦ;ВЦ 80-166-565;ВЦ 80;800;852 - 7180;1182 - 1448;4074;105;99435;1000;[1448, 0, -5.159798573878229e-06];[0, 0.0002, -1e-08]
566;Ц;Ц 41-130-566;Ц 41;410;1851 - 7327;215 - 781;3737;72;59724;;;
567;Ц;Ц 57-102-567;Ц 57;570;778 - 10603;150 - 731;4194;110;86823;1000;[731, 0, -5.1679536457506895e-06];[0, 0.0002, -1e-08]
568;ВКОП;ВКОП 103-109-568;ВКОП 103;1030;1717 - 2900;280 - 433;430;100;182863;1450;[383, 0.02, -1.914387633769322e-05];[0, 0.0002, -1e-08]
569;ВЦ;ВЦ 82-109-569;ВЦ 82;820;698 - 8214;105 - 1069;607;109;120431;2900;[1069, 0, -1.4287874829205057e-05];[0, 0.0002, -1e-08]
570;ВО;ВО 72-182-570;ВО 72;720;1549 - 7803;182 - 1151;3417;61;127225;2900;[1101, 0.02, -1.7656698021405588e-05];[0, 0.0002, -1e-08]
571;ВР;ВР 109-134-571;ВР 109;1090;1852 - 2928;1048 - 1188;2487;79;111631;2900;[1188, 0, -1.6329988951596046e-05];[0, 0.0002, -1e-08]
572;ВЦ;ВЦ 72-108-572;ВЦ 72;720;646 - 2836;156 - 966;1175;84;178895;1450;[966, 0, -0.00010070999301744048];[0, 0.0002, -1e-08]
573;УВО;УВО 110-103-573;УВО 110;1100;905 - 3116;237 - 768;4793;70;37309;1000;[718, 0.02, -5.595782091190279e-05];[0, 0.0002, -1e-08]
574;ВР;ВР 41-193-574;ВР 41;410;1733 - 5382;88 - 329;4326;85;116991;;;
575;ВР;ВР 78-194-575;ВР 78;780;1433 - 10617;986 - 1157;3139;99;98910;;;
576;УВО;УВО 41-175-576;УВО 41;410;1611 - 10271;263 - 712;778;79;171460;;;
577;Ц;Ц 61-154-577;Ц 61;610;1399 - 10489;866 - 973;2157;71;66921;2900;[973, 0, -9.72558215585089e-07];[0, 0.0002, -1e-08]
578;УВО;УВО 103-126-578;УВО 103;1030;1223 - 7492;774 - 876;3103;107;112965;1000;[826, 0.02, -3.5959339009483405e-06];[0, 0.0002, -1e-08]
579;УВО;УВО 113-129-579;УВО 113;1130;1104 - 2742;424 - 847;2552;81;63010;;;
580;ВКОП;ВКОП 68-124-580;ВКОП 68;680;824 - 1964;498 - 1389;2166;75;12934;;;
581;ВЦ;ВЦ 110-122-581;ВЦ 110;1100;790 - 4363;88 - 1333;2067;75;32570;;;
582;ВКОП;ВКОП 100-123-582;ВКОП 100;1000;902 - 8061;474 - 550;1119;81;70560;1450;[500, 0.02, -2.8812065844357813e-06];[0, 0.0002, -1e-08]
583;ВКОП;ВКОП 26-138-583;ВКОП 26;260;1602 - 5646;85 - 601;3576;86;29805;;;
584;УВО;УВО 74-160-584;УВО 74;740;545 - 9159;87 - 472;2591;80;15559;2900;[422, 0.02, -6.177098528202387e-06];[0, 0.0002, -1e-08]
585;ВЦ;ВЦ 109-121-585;ВЦ 109;1090;1558 - 4714;315 - 808;4761;72;26839;1450;[808, 0, -2.2185425516461407e-05];[0, 0.0002, -1e-08]
586;ВО;ВО 112-117-586;ВО 112;1120;1094 - 7965;760 - 812;2664;109;195388;;;
587;УВО;УВО 94-101-587;УВО 94;940;1078 - 6886;841 - 1106;573;61;177509;1450;[1056, 0.02, -7.438682956634368e-06];[0, 0.0002, -1e-08]
588;Ц;Ц 111-119-588;Ц 111;1110;1818 - 8543;105 - 502;2634;68;147537;2900;[502, 0, -5.439634180353798e-06];[0, 0.0002, -1e-08]
589;ВО;ВО 105-179-589;ВО 105;1050;1913 - 3458;331 - 1455;3403;72;187773;;;
590;ВО;ВО 96-105-590;ВО 96;960;1446 - 3680;236 - 711;186;105;172815;;;
591;УВО;УВО 61-187-591;УВО 61;610;1649 - 9746;337 - 784;3148;61;70674;1000;[734, 0.02, -6.231752552173873e-06];[0, 0.0002, -1e-08]
592;ВО;ВО 66-118-592;ВО 66;660;1635 - 6433;610 - 1326;2294;108;174850;1000;[1276, 0.02, -1.920234420060619e-05];[0, 0.0002, -1e-08]
593;ВР;ВР 93-175-593;ВР 93;930;917 - 9479;300 - 859;4655;86;170901;1450;[859, 0, -6.221380467342755e-06];[0, 0.0002, -1e-08]
594;УВО;УВО 45-157-594;УВО 45;450;1588 - 6982;582 - 820;2905;85;92085;2900;[770, 0.02, -6.72105157912711e-06];[0, 0.0002, -1e-08]
595;Ц;Ц 29-117-595;Ц 29;290;944 - 8735;413 - 685;3342;108;32077;;;
596;ВКОП;ВКОП 45-195-596;ВКОП 45;450;567 - 5680;194 - 718;961;61;123468;2900;[668, 0.02, -1.8213152152350726e-05];[0, 0.0002, -1e-08]
597;ВЦ;ВЦ 89-112-597;ВЦ 89;890;1953 - 11039;89 - 527;1217;96;56496;;;
598;Ц;Ц 55-104-598;Ц 55;550;1051 - 9203;528 - 1340;1017;107;129503;;;
599;ВО;ВО 82-197-599;ВО 82;820;1472 - 5157;266 - 397;3147;88;21184;;;
600;Ц;Ц 70-178-600;Ц 70;700;1427 - 6419;294 - 1045;4749;87;119163;1450;[1045, 0, -1.8226579979337222e-05];[0, 0.0002, -1e-08]
601;ВЦ;ВЦ 23-178-601;ВЦ 23;230;1267 - 9598;119 - 667;3042;92;49485;;;
602;Ц;Ц 113-118-602;Ц 113;1130;1132 - 9418;393 - 643;3345;96;178025;;;
603;УВО;УВО 54-177-603;УВО 54;540;1887 - 11737;570 - 1358;213;71;122718;2900;[1308, 0.02, -7.061265900433828e-06];[0, 0.0002, -1e-08]
604;ВО;ВО 100-113-604;ВО 100;1000;1611 - 7869;835 - 1374;2193;72;117422;;;
605;Ц;Ц 27-120-605;Ц 27;270;1384 - 3414;704 - 802;3229;104;121048;1450;[802, 0, -8.408122727018455e-06];[0, 0.0002, -1e-08]
606;УВО;УВО 82-166-606;УВО 82;820;551 - 6244;988 - 1330;4809;99;199131;;;
607;ВЦ;ВЦ 79-137-607;ВЦ 79;790;1727 - 9622;259 - 1246;3534;109;171939;;;
608;УВО;УВО 30-101-608;УВО 30;300;968 - 4994;870 - 1134;4772;63;130213;1000;[1084, 0.02, -1.2585386805375902e-05];[0, 0.0002, -1e-08]
609;ВЦ;ВЦ 115-171-609;ВЦ 115;1150;794 - 3782;380 - 1219;4293;79;139721;;;
610;ВО;ВО 59-104-610;ВО 59;590;1065 - 9104;257 - 662;4784;65;92210;1450;[612, 0.02, -6.479992185593694e-06];[0, 0.0002, -1e-08]
611;ВО;ВО 63-179-611;ВО 63;630;1903 - 8894;254 - 1473;3250;76;62698;;;
612;Ц;Ц 102-160-612;Ц 102;1020;1392 - 3112;592 - 1122;2542;102;98013;;;
613;ВЦ;ВЦ 84-178-613;ВЦ 84;840;764 - 6735;668 - 857;4255;110;132970;2900;[857, 0, -4.166645998779768e-06];[0, 0.0002, -1e-08]
614;ВР;ВР 73-136-614;ВР 73;730;1458 - 4246;138 - 587;3211;80;196969;;;
615;Ц;Ц 60-105-615;Ц 60;600;1486 - 4867;137 - 744;2415;76;107714;;;
616;УВО;УВО 41-129-616;УВО 41;410;794 - 2491;185 - 1493;4643;96;175041;;;
617;ВО;ВО 119-108-617;ВО 119;1190;723 - 2966;89 - 717;615;62;137449;2900;[667, 0.02, -7.244614054814989e-05];[0, 0.0002, -1e-08]
618;ВР;ВР 90-195-618;ВР 90;900;1440 - 2775;251 - 324;3885;67;179875;;;
619;ВР;ВР 108-145-619;ВР 108;1080;1161 - 6413;1369 - 1482;4286;72;42290;1000;[1482, 0, -2.7476155377804554e-06];[0, 0.0002, -1e-08]
620;ВО;ВО 25-103-620;ВО 25;250;1746 - 6964;277 - 783;2966;62;117465;2900;[733, 0.02, -1.2274498767931309e-05];[0, 0.0002, -1e-08]
621;ВКОП;ВКОП 55-152-621;ВКОП 55;550;889 - 3425;267 - 1275;3704;81;41859;1000;[1225, 0.02, -8.750599392615484e-05];[0, 0.0002, -1e-08]
622;ВО;ВО 37-131-622;ВО 37;370;745 - 5838;867 - 1029;3726;90;177500;1450;[979, 0.02, -6.711999362483292e-06];[0, 0.0002, -1e-08]
623;ВКОП;ВКОП 73-121-623;ВКОП 73;730;1550 - 7176;399 - 1206;3401;83;59533;;;
624;ВО;ВО 102-181-624;ВО 102;1020;1922 - 6855;304 - 370;200;103;67079;;;
625;УВО;УВО 35-116-625;УВО 35;350;608 - 9693;778 - 1447;4450;95;55206;1450;[1397, 0.02, -8.651657680750554e-06];[0, 0.0002, -1e-08]
626;ВКОП;ВКОП 68-150-626;ВКОП 68;680;1021 - 4660;165 - 604;687;69;196267;1450;[554, 0.02, -2.220523494630588e-05];[0, 0.0002, -1e-08]
627;ВКОП;ВКОП 105-132-627;ВКОП 105;1050;697 - 5657;238 - 338;227;72;148473;;;
628;ВКОП;ВКОП 84-145-628;ВКОП 84;840;520 - 7283;845 - 989;4326;82;39119;;;
629;ВР;ВР 62-160-629;ВР 62;620;1818 - 3302;484 - 1136;2141;72;143962;2900;[1136, 0, -5.9798936165919666e-05];[0, 0.0002, -1e-08]
630;Ц;Ц 78-104-630;Ц 78;780;1006 - 4243;322 - 976;226;66;66142;;;
631;ВКОП;ВКОП 32-110-631;ВКОП 32;320;1137 - 10952;996 - 1173;1970;83;129925;1450;[1123, 0.02, -2.884957589022501e-06];[0, 0.0002, -1e-08]
632;УВО;УВО 79-125-632;УВО 79;790;653 - 6765;809 - 877;189;102;179230;;;
633;ВКОП;ВКОП 34-119-633;ВКОП 34;340;904 - 8649;1064 - 1251;4535;108;136677;;;
634;Ц;Ц 55-162-634;Ц 55;550;613 - 6536;1105 - 1179;4294;65;187611;;;
635;ВР;ВР 108-149-635;ВР 108;1080;1464 - 5538;311 - 647;3143;73;99235;1000;[647, 0, -1.0955529549215173e-05];[0, 0.0002, -1e-08]
636;ВКОП;ВКОП 120-130-636;ВКОП 120;1200;1728 - 6911;1283 - 1365;4359;96;129505;1450;[1315, 0.02, -3.563927003689822e-06];[0, 0.0002, -1e-08]
637;ВО;ВО 78-145-637;ВО 78;780;570 - 3469;765 - 1354;1035;78;92892;;;
638;ВЦ;ВЦ 55-171-638;ВЦ 55;550;1649 - 6169;88 - 506;2755;89;105606;1000;[506, 0, -1.0983651412958727e-05];[0, 0.0002, -1e-08]
639;УВО;УВО 21-188-639;УВО 21;210;1335 - 2990;940 - 1453;1965;81;108262;;;
640;Ц;Ц 80-196-640;Ц 80;800;654 - 7640;1031 - 1179;3706;95;76015;2900;[1179, 0, -2.5355664592527617e-06];[0, 0.0002, -1e-08]
641;ВКОП;ВКОП 66-114-641;ВКОП 66;660;540 - 2206;254 - 853;1795;90;149648;2900;[803, 0.02, -0.00012187974936894269];[0, 0.0002, -1e-08]
642;ВЦ;ВЦ 118-133-642;ВЦ 118;1180;1967 - 11593;444 - 620;2170;71;36603;;;
643;Ц;Ц 106-110-643;Ц 106;1060;847 - 5061;1170 - 1378;4119;75;143493;1450;[1378, 0, -8.120647523255211e-06];[0, 0.0002, -1e-08]
644;УВО;УВО 119-198-644;УВО 119;1190;846 - 4515;446 - 984;2605;68;74699;1450;[934, 0.02, -2.8368585580978378e-05];[0, 0.0002, -1e-08]
645;Ц;Ц 71-130-645;Ц 71;710;839 - 7860;935 - 1028;1218;104;55689;1450;[1028, 0, -1.5053512810053804e-06];[0, 0.0002, -1e-08]
646;Ц;Ц 38-105-646;Ц 38;380;1030 - 10426;509 - 797;3209;99;128901;;;
647;ВЦ;ВЦ 41-165-647;ВЦ 41;410;857 - 10144;316 - 1280;123;77;96685;;;
648;ВЦ;ВЦ 82-122-648;ВЦ 82;820;793 - 2806;1038 - 1100;241;84;154035;2900;[1100, 0, -7.874379765587334e-06];[0, 0.0002, -1e-08]
649;ВО;ВО 112-123-649;ВО 112;1120;977 - 4433;84 - 439;4814;106;155334;;;
650;ВЦ;ВЦ 62-107-650;ВЦ 62;620;965 - 9762;217 - 323;4196;63;93632;1450;[323, 0, -1.1123161902742345e-06];[0, 0.0002, -1e-08]
651;Ц;Ц 97-101-651;Ц 97;970;1310 - 9241;180 - 854;4968;83;186036;;;
652;УВО;УВО 97-130-652;УВО 97;970;709 - 9069;290 - 425;1829;90;77723;1450;[375, 0.02, -3.238790157341272e-06];[0, 0.0002, -1e-08]
653;ВР;ВР 93-110-653;ВР 93;930;564 - 6661;850 - 1205;2061;65;197262;1450;[1205, 0, -8.001096082548414e-06];[0, 0.0002, -1e-08]
654;ВКОП;ВКОП 75-114-654;ВКОП 75;750;1868 - 5306;582 - 1275;532;81;160737;1450;[1225, 0.02, -2.66082860487363e-05];[0, 0.0002, -1e-08]
655;ВР;ВР 37-142-655;ВР 37;370;875 - 4436;895 - 987;2202;77;24346;;;
656;ВО;ВО 81-169-656;ВО 81;810;1847 - 10119;338 - 746;653;107;40123;;;
657;ВР;ВР 96-182-657;ВР 96;960;897 - 10005;257 - 524;466;64;66514;;;
658;УВО;УВО 107-147-658;УВО 107;1070;1436 - 10181;552 - 1033;3905;72;155051;1000;[983, 0.02, -6.122557603651291e-06];[0, 0.0002, -1e-08]
659;ВО;ВО 66-139-659;ВО 66;660;1248 - 6313;485 - 556;3455;90;87725;1000;[506, 0.02, -3.694989575567743e-06];[0, 0.0002, -1e-08]
660;УВО;УВО 118-176-660;УВО 118;1180;1991 - 7307;944 - 1327;1065;87;102170;;;
661;ВЦ;ВЦ 76-188-661;ВЦ 76;760;851 - 3429;522 - 983;1121;60;112130;;;
662;ВКОП;ВКОП 100-148-662;ВКОП 100;1000;1216 - 4838;446 - 1172;1557;63;52082;;;
663;ВЦ;ВЦ 117-163-663;ВЦ 117;1170;1671 - 8058;350 - 1367;2590;76;191916;;;
664;ВКОП;ВКОП 44-170-664;ВКОП 44;440;1082 - 4243;798 - 1284;4945;90;187214;1450;[1234, 0.02, -2.8931765946979315e-05];[0, 0.0002, -1e-08]
665;Ц;Ц 21-108-665;Ц 21;210;706 - 6137;176 - 374;2500;94;43975;2900;[374, 0, -5.257181170083379e-06];[0, 0.0002, -1e-08]
666;ВР;ВР 89-168-666;ВР 89;890;1806 - 6569;1036 - 1239;2621;69;108607;;;
667;УВО;УВО 98-105-667;УВО 98;980;1335 - 7194;266 - 449;1769;101;58590;;;
668;УВО;УВО 50-128-668;УВО 50;500;826 - 8344;60 - 322;3209;98;94372;2900;[272, 0.02, -5.441931738687998e-06];[0, 0.0002, -1e-08]
669;УВО;УВО 48-130-669;УВО 48;480;957 - 8686;66 - 570;2008;66;93344;;;
670;ВО;ВО 113-130-670;ВО 113;1130;1707 - 8924;443 - 1157;2750;74;120825;;;
671;ВР;ВР 118-151-671;ВР 118;1180;1160 - 10700;562 - 1001;1792;63;42025;2900;[1001, 0, -3.834396017119399e-06];[0, 0.0002, -1e-08]
672;УВО;УВО 63-178-672;УВО 63;630;658 - 4447;636 - 1235;4252;72;175897;1000;[1185, 0.02, -3.2258604439393606e-05];[0, 0.0002, -1e-08]
673;Ц;Ц 32-180-673;Ц 32;320;1654 - 9104;237 - 1126;3549;66;62977;1000;[1126, 0, -1.0725986916274659e-05];[0, 0.0002, -1e-08]
674;ВКОП;ВКОП 113-111-674;ВКОП 113;1130;754 - 7268;435 - 547;379;103;52898;;;
675;ВО;ВО 91-187-675;ВО 91;910;1232 - 4202;88 - 417;2889;71;80615;;;
676;ВО;ВО 56-167-676;ВО 56;560;1093 - 6712;1117 - 1416;2726;67;67626;;;
677;ВКОП;ВКОП 66-196-677;ВКОП 66;660;950 - 1988;118 - 942;3794;84;194581;;;
678;УВО;УВО 39-124-678;УВО 39;390;1771 - 3643;714 - 999;4100;70;98761;;;
679;ВО;ВО 44-150-679;ВО 44;440;738 - 7635;667 - 819;3721;76;144300;1000;[769, 0.02, -4.369289913193172e-06];[0, 0.0002, -1e-08]
680;ВО;ВО 84-180-680;ВО 84;840;575 - 4848;50 - 897;2663;86;101349;1000;[847, 0.02, -3.803582709756124e-05];[0, 0.0002, -1e-08]
681;Ц;Ц 29-123-681;Ц 29;290;1234 - 6281;526 - 653;4182;77;118565;;;
682;УВО;УВО 36-105-682;УВО 36;360;1396 - 9330;294 - 594;4936;71;30472;;;
683;ВО;ВО 46-149-683;ВО 46;460;1258 - 8590;197 - 385;3868;79;118778;1450;[335, 0.02, -4.198508973669196e-06];[0, 0.0002, -1e-08]
684;ВР;ВР 105-126-684;ВР 105;1050;1264 - 3729;278 - 594;3982;105;189924;;;
685;ВКОП;ВКОП 99-109-685;ВКОП 99;990;763 - 10582;674 - 769;4561;78;34793;;;
686;Ц;Ц 49-148-686;Ц 49;490;1333 - 2778;314 - 803;1534;69;85705;;;
687;УВО;УВО 76-123-687;УВО 76;760;1304 - 7486;263 - 1293;2966;72;12463;2900;[1243, 0.02, -2.0159101513492207e-05];[0, 0.0002, -1e-08]
688;ВЦ;ВЦ 34-169-688;ВЦ 34;340;757 - 8008;1037 - 1420;2731;84;191544;1000;[1420, 0, -5.972424179217386e-06];[0, 0.0002, -1e-08]
689;ВР;ВР 102-174-689;ВР 102;1020;1367 - 7988;444 - 639;3591;63;59920;2900;[639, 0, -3.0560362326163255e-06];[0, 0.0002, -1e-08]
690;УВО;УВО 104-146-690;УВО 104;1040;625 - 3538;57 - 606;396;109;58722;;;
691;Ц;Ц 53-193-691;Ц 53;530;782 - 9638;1173 - 1333;885;74;20121;2900;[1333, 0, -1.7224480758338769e-06];[0, 0.0002, -1e-08]
692;Ц;Ц 118-181-692;Ц 118;1180;656 - 6908;1068 - 1188;300;106;128301;1000;[1188, 0, -2.5146444510682044e-06];[0, 0.0002, -1e-08]
693;Ц;Ц 109-143-693;Ц 109;1090;1974 - 3275;427 - 598;2718;91;100854;;;
694;ВР;ВР 69-113-694;ВР 69;690;1887 - 9081;538 - 1451;2609;88;63967;;;
695;ВКОП;ВКОП 112-113-695;ВКОП 112;1120;678 - 2453;424 - 918;113;100;31874;1000;[868, 0.02, -8.194164437366228e-05];[0, 0.0002, -1e-08]
696;ВЦ;ВЦ 84-192-696;ВЦ 84;840;1824 - 4304;300 - 416;4771;71;165696;2900;[416, 0, -6.262005776592363e-06];[0, 0.0002, -1e-08]
697;ВР;ВР 99-192-697;ВР 99;990;509 - 10323;479 - 550;1821;109;176747;;;
698;ВР;ВР 33-154-698;ВР 33;330;619 - 8098;815 - 1174;4414;77;78682;;;
699;ВКОП;ВКОП 23-116-699;ВКОП 23;230;610 - 7738;141 - 346;4227;65;86991;;;
700;ВО;ВО 86-180-700;ВО 86;860;1366 - 8331;103 - 1239;4588;99;101623;1450;[1189, 0.02, -1.8047833371738034e-05];[0, 0.0002, -1e-08]
701;ВКОП;ВКОП 56-172-701;ВКОП 56;560;1833 - 11263;469 - 872;2931;75;59437;1450;[822, 0.02, -4.558426783539266e-06];[0, 0.0002, -1e-08]
702;ВЦ;ВЦ 20-118-702;ВЦ 20;200;1900 - 7475;212 - 371;1970;102;16937;;;
703;УВО;УВО 95-127-703;УВО 95;950;643 - 6667;136 - 1252;4007;101;74514;1450;[1202, 0.02, -2.698245168737513e-05];[0, 0.0002, -1e-08]
704;ВО;ВО 55-116-704;ВО 55;550;1343 - 9521;713 - 1134;1121;107;93868;;;
705;ВР;ВР 59-195-705;ВР 59;590;815 - 9733;1108 - 1276;1282;61;54003;1000;[1276, 0, -1.7734372853302989e-06];[0, 0.0002, -1e-08]
706;ВО;ВО 43-112-706;ВО 43;430;688 - 2193;185 - 1341;3170;90;146848;2900;[1291, 0.02, -0.0002390934634492828];[0, 0.0002, -1e-08]
707;ВР;ВР 73-165-707;ВР 73;730;1850 - 11257;80 - 465;287;80;116834;1450;[465, 0, -3.038193269638019e-06];[0, 0.0002, -1e-08]
708;ВКОП;ВКОП 92-114-708;ВКОП 92;920;1263 - 4969;158 - 709;1863;85;95641;;;
709;УВО;УВО 57-199-709;УВО 57;570;1967 - 10393;121 - 1054;1562;84;145561;;;
710;ВКОП;ВКОП 35-172-710;ВКОП 35;350;1811 - 10725;536 - 1045;500;99;38538;1450;[995, 0.02, -5.855217044028233e-06];[0, 0.0002, -1e-08]
711;ВКОП;ВКОП 24-100-711;ВКОП 24;240;1571 - 6641;710 - 942;4407;71;109109;;;
712;УВО;УВО 73-168-712;УВО 73;730;1629 - 7362;511 - 962;4346;79;172736;;;
713;ВО;ВО 99-144-713;ВО 99;990;969 - 6625;1137 - 1366;2211;69;172089;1450;[1316, 0.02, -7.097187611249555e-06];[0, 0.0002, -1e-08]
714;ВКОП;ВКОП 38-172-714;ВКОП 38;380;1955 - 7672;226 - 1038;120;78;179064;;;
715;УВО;УВО 110-188-715;УВО 110;1100;1932 - 4992;108 - 699;2305;71;93649;1450;[649, 0.02, -2.571582480687048e-05];[0, 0.0002, -1e-08]
716;УВО;УВО 56-188-716;УВО 56;560;920 - 3191;315 - 768;2088;88;134424;;;
717;ВЦ;ВЦ 119-146-717;ВЦ 119;1190;981 - 3311;496 - 692;2188;60;167466;1000;[692, 0, -1.7878772979810396e-05];[0, 0.0002, -1e-08]
718;ВКОП;ВКОП 23-135-718;ВКОП 23;230;694 - 6662;352 - 586;3154;96;160696;2900;[536, 0.02, -7.147903562514776e-06];[0, 0.0002, -1e-08]
719;УВО;УВО 29-167-719;УВО 29;290;1572 - 11010;203 - 1087;4632;105;172859;1450;[1037, 0.02, -8.696577547782918e-06];[0, 0.0002, -1e-08]
720;ВКОП;ВКОП 39-171-720;ВКОП 39;390;644 - 10459;854 - 1392;3456;108;195506;2900;[1342, 0.02, -6.373303407810397e-06];[0, 0.0002, -1e-08]
721;УВО;УВО 85-117-721;УВО 85;850;1586 - 7956;352 - 735;568;104;147552;;;
722;ВО;ВО 120-174-722;ВО 120;1200;1739 - 3327;181 - 324;4796;60;91620;1450;[274, 0.02, -1.4413318578518303e-05];[0, 0.0002, -1e-08]
723;ВР;ВР 63-192-723;ВР 63;630;1214 - 7774;334 - 1105;1979;70;133835;2900;[1105, 0, -1.2757492023340883e-05];[0, 0.0002, -1e-08]
724;УВО;УВО 36-188-724;УВО 36;360;879 - 10026;672 - 1472;3770;106;11585;;;
725;ВЦ;ВЦ 41-102-725;ВЦ 41;410;939 - 2904;115 - 510;4125;102;20130;;;
726;ВКОП;ВКОП 41-143-726;ВКОП 41;410;976 - 9519;116 - 921;2319;109;193924;1000;[871, 0.02, -1.0433349522252514e-05];[0, 0.0002, -1e-08]
727;ВКОП;ВКОП 43-107-727;ВКОП 43;430;1268 - 9538;335 - 602;439;63;77904;;;
728;ВКОП;ВКОП 94-198-728;ВКОП 94;940;1932 - 9808;325 - 513;1657;106;156330;2900;[463, 0.02, -3.4737099122067013e-06];[0, 0.0002, -1e-08]
729;ВКОП;ВКОП 48-167-729;ВКОП 48;480;1580 - 11528;427 - 526;1901;87;140565;;;
730;УВО;УВО 101-154-730;УВО 101;1010;901 - 8148;415 - 796;1984;88;198195;1000;[746, 0.02, -7.44028790883626e-06];[0, 0.0002, -1e-08]
731;Ц;Ц 38-151-731;Ц 38;380;1521 - 4260;414 - 884;1243;79;92626;;;
732;ВР;ВР 84-106-732;ВР 84;840;589 - 6420;918 - 1321;349;74;36059;;;
733;ВКОП;ВКОП 43-196-733;ВКОП 43;430;1799 - 3176;264 - 516;2300;62;196973;;;
734;ВО;ВО 96-138-734;ВО 96;960;922 - 3204;340 - 546;1499;110;103046;2900;[496, 0.02, -2.1438557608233154e-05];[0, 0.0002, -1e-08]
735;УВО;УВО 39-108-735;УВО 39;390;1966 - 4977;212 - 456;344;86;17910;1450;[406, 0.02, -1.1850372674721642e-05];[0, 0.0002, -1e-08]
736;УВО;УВО 41-143-736;УВО 41;410;636 - 1963;103 - 340;4777;84;186544;;;
737;ВР;ВР 31-113-737;ВР 31;310;719 - 4422;506 - 786;2590;62;12449;2900;[786, 0, -1.4319259342447338e-05];[0, 0.0002, -1e-08]
738;Ц;Ц 36-157-738;Ц 36;360;1291 - 5885;484 - 566;4839;70;89957;1450;[566, 0, -2.3676686187901933e-06];[0, 0.0002, -1e-08]
739;ВКОП;ВКОП 56-139-739;ВКОП 56;560;1233 - 3066;88 - 601;1634;105;36225;2900;[551, 0.02, -5.577661101345524e-05];[0, 0.0002, -1e-08]
740;ВЦ;ВЦ 39-107-740;ВЦ 39;390;707 - 2760;678 - 1163;3925;69;63095;;;
741;ВО;ВО 62-158-741;ВО 62;620;1577 - 10409;1076 - 1155;4851;76;84005;1000;[1105, 0.02, -2.189072008184497e-06];[0, 0.0002, -1e-08]
742;ВО;ВО 22-174-742;ВО 22;220;1047 - 5302;700 - 1288;4375;97;101115;;;
743;ВО;ВО 43-167-743;ВО 43;430;1048 - 4711;536 - 1293;4328;104;17467;;;
744;ВКОП;ВКОП 94-199-744;ВКОП 94;940;1196 - 10384;174 - 505;1049;99;71759;;;
745;Ц;Ц 120-101-745;Ц 120;1200;1663 - 11453;313 - 378;3358;64;90093;1000;[378, 0, -4.95535571376795e-07];[0, 0.0002, -1e-08]
746;УВО;УВО 50-191-746;УВО 50;500;683 - 6256;815 - 1442;785;97;118098;;;
747;ВО;ВО 78-165-747;ВО 78;780;758 - 10637;437 - 618;686;79;167664;;;
748;УВО;УВО 113-149-748;УВО 113;1130;790 - 10242;348 - 593;4790;80;197584;1000;[543, 0.02, -3.8116823029150334e-06];[0, 0.0002, -1e-08]
749;Ц;Ц 25-161-749;Ц 25;250;1058 - 9009;287 - 522;2244;69;171563;1450;[522, 0, -2.8954407908786864e-06];[0, 0.0002, -1e-08]
750;Ц;Ц 115-101-750;Ц 115;1150;1154 - 7108;293 - 466;4826;79;35733;1000;[466, 0, -3.4241380435116503e-06];[0, 0.0002, -1e-08]
751;Ц;Ц 114-139-751;Ц 114;1140;824 - 8410;359 - 629;4698;100;74570;2900;[629, 0, -3.8174360685498405e-06];[0, 0.0002, -1e-08]
752;ВКОП;ВКОП 66-199-752;ВКОП 66;660;1085 - 8867;509 - 1293;3742;102;54190;;;
753;ВО;ВО 69-137-753;ВО 69;690;739 - 2657;102 - 1065;2295;92;173140;;;
754;ВЦ;ВЦ 105-195-754;ВЦ 105;1050;1887 - 11883;533 - 626;3190;100;40191;;;
755;ВО;ВО 65-194-755;ВО 65;650;828 - 3611;75 - 1108;155;66;151537;;;
756;ВО;ВО 110-102-756;ВО 110;1100;659 - 6026;150 - 1406;4556;91;59310;1450;[1356, 0.02, -3.653049419987665e-05];[0, 0.0002, -1e-08]
757;УВО;УВО 50-170-757;УВО 50;500;1799 - 10817;160 - 486;4275;110;98670;;;
758;ВЦ;ВЦ 55-155-758;ВЦ 55;550;911 - 3166;156 - 899;2973;87;178017;2900;[899, 0, -7.412539023077239e-05];[0, 0.0002, -1e-08]
759;ВР;ВР 53-111-759;ВР 53;530;1267 - 6447;329 - 1412;3367;63;100918;;;
760;ВКОП;ВКОП 77-122-760;ВКОП 77;770;1730 - 10899;261 - 886;3178;75;79740;;;
761;Ц;Ц 54-121-761;Ц 54;540;1190 - 10010;106 - 980;1807;78;36034;;;
762;ВКОП;ВКОП 85-182-762;ВКОП 85;850;1227 - 3767;582 - 1459;4820;68;135789;;;
763;ВКОП;ВКОП 64-192-763;ВКОП 64;640;1228 - 7742;144 - 671;3510;63;116451;2900;[621, 0.02, -1.0541460419372076e-05];[0, 0.0002, -1e-08]
764;Ц;Ц 97-144-764;Ц 97;970;1836 - 9775;1105 - 1189;2428;98;99681;1450;[1189, 0, -8.791151287602776e-07];[0, 0.0002, -1e-08]
765;Ц;Ц 84-183-765;Ц 84;840;796 - 7846;277 - 404;4683;90;120301;;;
766;ВЦ;ВЦ 59-144-766;ВЦ 59;590;647 - 1656;765 - 1117;3129;109;137352;1450;[1117, 0, -0.0001283577213003804];[0, 0.0002, -1e-08]
767;ВЦ;ВЦ 118-173-767;ВЦ 118;1180;658 - 6988;655 - 1133;391;89;179709;;;
768;Ц;Ц 59-148-768;Ц 59;590;1374 - 4140;443 - 1374;4842;63;53244;;;
769;УВО;УВО 92-144-769;УВО 92;920;1511 - 5500;609 - 741;513;69;67487;2900;[691, 0.02, -6.347107438016529e-06];[0, 0.0002, -1e-08]
770;ВЦ;ВЦ 24-115-770;ВЦ 24;240;1009 - 3253;1003 - 1136;1918;73;22877;1450;[1136, 0, -1.256850187899103e-05];[0, 0.0002, -1e-08]
771;ВЦ;ВЦ 80-152-771;ВЦ 80;800;1798 - 7470;157 - 413;2697;105;126555;1000;[413, 0, -4.5877396242712935e-06];[0, 0.0002, -1e-08]
772;ВО;ВО 34-195-772;ВО 34;340;1606 - 4498;653 - 1180;3048;83;55405;;;
773;ВЦ;ВЦ 66-101-773;ВЦ 66;660;1135 - 2682;67 - 1388;2934;68;28846;1450;[1388, 0, -0.00018364760568565202];[0, 0.0002, -1e-08]
774;УВО;УВО 81-112-774;УВО 81;810;1058 - 8875;306 - 500;4770;86;161249;1000;[450, 0.02, -4.081729815512795e-06];[0, 0.0002, -1e-08]
775;Ц;Ц 96-145-775;Ц 96;960;1020 - 9320;488 - 1405;2747;82;188764;1000;[1405, 0, -1.0556926817587356e-05];[0, 0.0002, -1e-08]
776;ВКОП;ВКОП 26-151-776;ВКОП 26;260;1534 - 5428;554 - 658;4765;101;112060;;;
777;ВР;ВР 38-178-777;ВР 38;380;1585 - 5732;272 - 684;771;64;187668;;;
778;ВКОП;ВКОП 24-127-778;ВКОП 24;240;1805 - 5916;186 - 757;4460;94;32942;;;
779;ВР;ВР 108-172-779;ВР 108;1080;1087 - 9869;89 - 968;4910;64;25476;;;
780;ВО;ВО 33-153-780;ВО 33;330;1109 - 10789;473 - 804;4256;107;50869;;;
781;ВО;ВО 48-175-781;ВО 48;480;1277 - 3078;181 - 766;3386;75;21909;1450;[716, 0.02, -6.29675649909796e-05];[0, 0.0002, -1e-08]
782;ВЦ;ВЦ 89-118-782;ВЦ 89;890;1604 - 7697;330 - 937;3123;67;120709;;;
783;УВО;УВО 50-176-783;УВО 50;500;1526 - 7766;169 - 324;4353;107;182065;;;
784;Ц;Ц 67-132-784;Ц 67;670;1391 - 8059;269 - 1326;2071;66;39850;1450;[1326, 0, -1.627468815919127e-05];[0, 0.0002, -1e-08]
785;УВО;УВО 94-127-785;УВО 94;940;990 - 8940;409 - 736;579;97;125986;1450;[686, 0.02, -5.702946313729612e-06];[0, 0.0002, -1e-08]
786;Ц;Ц 52-158-786;Ц 52;520;781 - 8064;175 - 748;4841;101;161783;;;
787;ВО;ВО 97-132-787;ВО 97;970;919 - 3162;125 - 1057;1306;65;139373;1000;[1007, 0.02, -9.454060132959347e-05];[0, 0.0002, -1e-08]
788;ВР;ВР 24-113-788;ВР 24;240;1485 - 4298;524 - 754;2662;89;83410;;;
789;Ц;Ц 54-196-789;Ц 54;540;1917 - 11526;684 - 1361;2654;84;149619;2900;[1361, 0, -5.096023689389272e-06];[0, 0.0002, -1e-08]
790;УВО;УВО 99-175-790;УВО 99;990;916 - 5734;465 - 718;1857;68;37366;;;
791;Ц;Ц 105-173-791;Ц 105;1050;1176 - 6877;599 - 952;1670;88;125583;;;
792;ВКОП;ВКОП 85-131-792;ВКОП 85;850;859 - 7754;128 - 710;3735;68;180937;;;
793;ВО;ВО 84-138-793;ВО 84;840;1175 - 9618;1041 - 1402;558;71;69833;1450;[1352, 0.02, -5.441381246027011e-06];[0, 0.0002, -1e-08]
794;УВО;УВО 37-113-794;УВО 37;370;1303 - 7520;80 - 674;1325;103;168584;;;
795;УВО;УВО 25-139-795;УВО 25;250;1613 - 11321;203 - 404;3960;100;192695;1450;[354, 0.02, -2.9447967796460193e-06];[0, 0.0002, -1e-08]
796;Ц;Ц 59-169-796;Ц 59;590;1593 - 7541;735 - 953;1967;101;188474;;;
797;ВКОП;ВКОП 100-175-797;ВКОП 100;1000;1575 - 5599;645 - 1044;936;63;68254;;;
798;УВО;УВО 98-163-798;УВО 98;980;908 - 10122;750 - 1349;3891;74;117942;2900;[1299, 0.02, -7.334350210186174e-06];[0, 0.0002, -1e-08]
799;ВР;ВР 46-122-799;ВР 46;460;816 - 8696;272 - 708;3495;79;191356;1450;[708, 0, -5.765638739675804e-06];[0, 0.0002, -1e-08]
800;ВО;ВО 38-115-800;ВО 38;380;1710 - 3188;409 - 951;2918;76;169083;1000;[901, 0.02, -5.468278944410422e-05];[0, 0.0002, -1e-08]
801;ВР;ВР 89-145-801;ВР 89;890;978 - 10795;202 - 627;637;68;181043;;;
802;ВЦ;ВЦ 91-112-802;ВЦ 91;910;1168 - 9862;149 - 567;4970;67;67222;;;
803;УВО;УВО 23-114-803;УВО 23;230;915 - 8012;562 - 849;4192;95;199965;;;
804;Ц;Ц 71-162-804;Ц 71;710;1577 - 7637;243 - 573;4198;85;199019;1000;[573, 0, -5.6580705543909555e-06];[0, 0.0002, -1e-08]
805;Ц;Ц 106-158-805;Ц 106;1060;1942 - 9123;219 - 1494;1993;93;154490;1000;[1494, 0, -1.5319155869094822e-05];[0, 0.0002, -1e-08]
806;ВР;ВР 65-182-806;ВР 65;650;1054 - 10121;606 - 826;1233;75;143004;2900;[826, 0, -2.1477109486819014e-06];[0, 0.0002, -1e-08]
807;Ц;Ц 76-176-807;Ц 76;760;784 - 3768;172 - 396;2131;90;70144;1450;[396, 0, -1.5777065555961252e-05];[0, 0.0002, -1e-08]
808;ВО;ВО 58-159-808;ВО 58;580;985 - 5229;363 - 1312;3607;74;161881;;;
809;УВО;УВО 93-180-809;УВО 93;930;1224 - 6120;179 - 715;1837;87;196305;;;
810;УВО;УВО 60-182-810;УВО 60;600;1727 - 7744;244 - 336;1794;101;177608;2900;[286, 0.02, -3.283000221979373e-06];[0, 0.0002, -1e-08]
811;ВР;ВР 40-154-811;ВР 40;400;658 - 4721;134 - 575;1100;108;193951;1000;[575, 0, -1.978657331591696e-05];[0, 0.0002, -1e-08]
812;ВКОП;ВКОП 91-146-812;ВКОП 91;910;846 - 5997;395 - 1437;3426;94;105699;2900;[1387, 0.02, -3.091813262531438e-05];[0, 0.0002, -1e-08]
813;Ц;Ц 60-155-813;Ц 60;600;1307 - 10485;944 - 1493;3867;109;162875;;;
814;ВР;ВР 119-170-814;ВР 119;1190;958 - 10629;1211 - 1420;2455;86;176745;1000;[1420, 0, -1.8499563104935161e-06];[0, 0.0002, -1e-08]
815;Ц;Ц 34-180-815;Ц 34;340;1362 - 6134;394 - 1084;2975;65;186687;;;
816;ВО;ВО 23-172-816;ВО 23;230;787 - 5033;277 - 455;1637;106;198339;;;
817;Ц;Ц 113-156-817;Ц 113;1130;817 - 8243;517 - 1259;4037;80;43712;;;
818;ВО;ВО 63-145-818;ВО 63;630;1417 - 4657;888 - 1077;4920;81;136895;1000;[1027, 0.02, -1.0703788133052135e-05];[0, 0.0002, -1e-08]
819;ВЦ;ВЦ 45-167-819;ВЦ 45;450;1623 - 5925;912 - 1408;105;74;76268;;;
820;ВКОП;ВКОП 52-160-820;ВКОП 52;520;1259 - 8743;431 - 839;1574;105;18382;;;
821;Ц;Ц 41-184-821;Ц 41;410;960 - 4424;401 - 627;4927;96;48315;;;
822;ВО;ВО 89-177-822;ВО 89;890;912 - 2081;835 - 1219;570;82;109666;;;
823;ВЦ;ВЦ 73-152-823;ВЦ 73;730;1690 - 4361;541 - 919;4968;69;94651;;;
824;ВЦ;ВЦ 90-103-824;ВЦ 90;900;677 - 3298;1090 - 1322;3572;80;72634;;;
825;Ц;Ц 90-150-825;Ц 90;900;1259 - 3130;103 - 1493;2399;85;193446;1000;[1493, 0, -0.0001418816156131021];[0, 0.0002, -1e-08]
826;ВКОП;ВКОП 27-139-826;ВКОП 27;270;841 - 3087;607 - 941;3110;101;103344;1450;[891, 0.02, -3.628075939216139e-05];[0, 0.0002, -1e-08]
827;Ц;Ц 92-200-827;Ц 92;920;964 - 9466;573 - 783;3329;107;127687;1000;[783, 0, -2.3436151375039177e-06];[0, 0.0002, -1e-08]
828;УВО;УВО 57-137-828;УВО 57;570;590 - 3238;980 - 1248;4763;101;166176;;;
829;Ц;Ц 70-106-829;Ц 70;700;1913 - 3337;232 - 359;257;95;60228;;;
830;ВР;ВР 25-107-830;ВР 25;250;843 - 5955;599 - 1248;2411;105;148229;;;
831;ВО;ВО 43-122-831;ВО 43;430;1880 - 3917;59 - 472;650;65;195974;;;
832;ВР;ВР 112-181-832;ВР 112;1120;1783 - 7554;195 - 1430;367;80;188950;;;
833;УВО;УВО 93-199-833;УВО 93;930;1790 - 6214;646 - 1159;2041;61;187562;;;
834;ВЦ;ВЦ 73-114-834;ВЦ 73;730;926 - 9675;150 - 321;4445;77;135217;1000;[321, 0, -1.8268132924704044e-06];[0, 0.0002, -1e-08]
835;Ц;Ц 112-188-835;Ц 112;1120;1507 - 8595;1033 - 1124;4931;67;75983;;;
836;ВР;ВР 27-125-836;ВР 27;270;1999 - 4625;73 - 391;1610;105;74131;;;
837;ВО;ВО 76-185-837;ВО 76;760;1637 - 8076;329 - 538;1321;78;160783;1000;[488, 0.02, -4.914309601136896e-06];[0, 0.0002, -1e-08]
838;ВКОП;ВКОП 46-160-838;ВКОП 46;460;1244 - 4235;423 - 1240;4206;73;48975;1000;[1190, 0.02, -4.748755591301475e-05];[0, 0.0002, -1e-08]
839;ВЦ;ВЦ 86-108-839;ВЦ 86;860;1150 - 10824;164 - 385;3453;68;138308;1000;[385, 0, -1.8863258074225572e-06];[0, 0.0002, -1e-08]
840;Ц;Ц 107-114-840;Ц 107;1070;1466 - 6546;179 - 345;2525;105;49883;;;
841;ВО;ВО 58-162-841;ВО 58;580;804 - 1840;668 - 1431;4473;109;84155;;;
842;ВР;ВР 119-175-842;ВР 119;1190;1973 - 10456;81 - 961;2041;82;60652;1450;[961, 0, -8.049177842340315e-06];[0, 0.0002, -1e-08]
843;ВО;ВО 111-118-843;ВО 111;1110;1381 - 8982;457 - 746;4790;95;168619;;;
844;УВО;УВО 23-115-844;УВО 23;230;1425 - 4899;398 - 1482;1805;68;38259;;;
845;Ц;Ц 98-158-845;Ц 98;980;653 - 4760;279 - 967;780;68;36369;;;
846;Ц;Ц 103-108-846;Ц 103;1030;835 - 6693;216 - 1297;3759;106;103713;1000;[1297, 0, -2.413148475891363e-05];[0, 0.0002, -1e-08]
847;Ц;Ц 55-142-847;Ц 55;550;1680 - 9645;263 - 395;4704;60;146346;;;
848;ВКОП;ВКОП 43-106-848;ВКОП 43;430;802 - 6554;630 - 688;3053;75;108988;;;
849;Ц;Ц 97-170-849;Ц 97;970;1452 - 10467;70 - 345;2374;93;128513;;;
850;ВО;ВО 89-112-850;ВО 89;890;1686 - 10114;192 - 630;1020;87;56332;;;
851;ВР;ВР 30-107-851;ВР 30;300;536 - 1896;407 - 926;2158;61;42566;;;
852;ВР;ВР 22-115-852;ВР 22;220;843 - 8067;438 - 680;4856;82;135346;1450;[680, 0, -3.7187009274578414e-06];[0, 0.0002, -1e-08]
853;ВКОП;ВКОП 71-158-853;ВКОП 71;710;1145 - 6863;116 - 310;3653;105;32529;1000;[260, 0.02, -5.971452398155113e-06];[0, 0.0002, -1e-08]
854;ВР;ВР 119-118-854;ВР 119;1190;1360 - 5261;596 - 774;2468;110;29981;1000;[774, 0, -6.431072398303339e-06];[0, 0.0002, -1e-08]
855;ВЦ;ВЦ 52-144-855;ВЦ 52;520;772 - 9067;525 - 843;2943;81;85776;;;
856;ВЦ;ВЦ 106-163-856;ВЦ 106;1060;1060 - 4767;253 - 528;955;73;44905;1000;[528, 0, -1.2101588744976795e-05];[0, 0.0002, -1e-08]
857;ВО;ВО 39-194-857;ВО 39;390;667 - 4448;1117 - 1367;3246;75;49365;2900;[1317, 0.02, -1.4605222296982559e-05];[0, 0.0002, -1e-08]
858;ВЦ;ВЦ 38-134-858;ВЦ 38;380;1087 - 6332;388 - 579;280;65;167356;1000;[579, 0, -4.763778443498495e-06];[0, 0.0002, -1e-08]
859;Ц;Ц 38-195-859;Ц 38;380;1920 - 11913;739 - 1016;2381;78;98085;;;
860;ВКОП;ВКОП 37-101-860;ВКОП 37;370;1561 - 10564;208 - 315;4756;106;171514;1450;[265, 0.02, -2.4039836665313713e-06];[0, 0.0002, -1e-08]
861;Ц;Ц 24-153-861;Ц 24;240;774 - 5598;1304 - 1354;2014;64;179314;2900;[1354, 0, -1.59552721388655e-06];[0, 0.0002, -1e-08]
862;Ц;Ц 110-159-862;Ц 110;1100;1489 - 8773;81 - 1377;3381;99;172464;1000;[1377, 0, -1.6838707104839102e-05];[0, 0.0002, -1e-08]
863;УВО;УВО 120-122-863;УВО 120;1200;736 - 10239;1150 - 1290;2744;83;198032;;;
864;ВР;ВР 120-168-864;ВР 120;1200;1270 - 6098;416 - 1183;734;82;73006;;;
865;ВКОП;ВКОП 105-117-865;ВКОП 105;1050;1986 - 4128;210 - 807;1872;84;191415;1000;[757, 0.02, -3.694517682230635e-05];[0, 0.0002, -1e-08]
866;ВЦ;ВЦ 105-198-866;ВЦ 105;1050;1674 - 7062;81 - 553;1303;107;104338;1000;[553, 0, -9.464258029039392e-06];[0, 0.0002, -1e-08]
867;УВО;УВО 27-100-867;УВО 27;270;808 - 5347;511 - 1024;2238;103;119482;;;
868;УВО;УВО 64-127-868;УВО 64;640;575 - 4703;90 - 732;3124;63;42877;1450;[682, 0.02, -3.101788214407414e-05];[0, 0.0002, -1e-08]
869;ВЦ;ВЦ 78-173-869;ВЦ 78;780;1195 - 11067;140 - 414;359;68;88070;;;
870;ВР;ВР 79-152-870;ВР 79;790;1183 - 8384;710 - 916;110;100;76120;1450;[916, 0, -2.9306549006468156e-06];[0, 0.0002, -1e-08]
871;Ц;Ц 50-121-871;Ц 50;500;753 - 9800;743 - 1021;1049;87;193972;2900;[1021, 0, -2.894627238650562e-06];[0, 0.0002, -1e-08]
872;УВО;УВО 87-170-872;УВО 87;870;1229 - 5865;311 - 1211;1309;73;185398;2900;[1161, 0.02, -2.812063703868441e-05];[0, 0.0002, -1e-08]
873;ВКОП;ВКОП 75-175-873;ВКОП 75;750;1885 - 3061;610 - 824;3515;75;13693;1000;[774, 0.02, -2.4037001742100964e-05];[0, 0.0002, -1e-08]
874;ВО;ВО 101-177-874;ВО 101;1010;1620 - 4469;56 - 555;3394;93;196366;;;
875;ВЦ;ВЦ 112-190-875;ВЦ 112;1120;1429 - 5065;1063 - 1359;1593;96;92745;;;
876;ВО;ВО 97-172-876;ВО 97;970;701 - 9791;587 - 1280;1810;66;53612;;;
877;ВО;ВО 87-187-877;ВО 87;870;1015 - 9847;142 - 1405;4909;68;184490;2900;[1355, 0.02, -1.45409491533038e-05];[0, 0.0002, -1e-08]
878;ВР;ВР 109-186-878;ВР 109;1090;1213 - 10554;475 - 599;3428;101;184134;1450;[599, 0, -1.1132366749430427e-06];[0, 0.0002, -1e-08]
879;Ц;Ц 69-154-879;Ц 69;690;723 - 9456;168 - 1100;466;109;111007;2900;[1100, 0, -1.0423197940912904e-05];[0, 0.0002, -1e-08]
880;ВО;ВО 39-101-880;ВО 39;390;1219 - 6333;210 - 365;2706;109;182476;;;
881;ВКОП;ВКОП 54-121-881;ВКОП 54;540;722 - 4744;171 - 388;990;88;97008;2900;[338, 0.02, -1.1636248076917609e-05];[0, 0.0002, -1e-08]
882;ВР;ВР 63-171-882;ВР 63;630;1394 - 5277;1106 - 1177;4022;102;136648;2900;[1177, 0, -2.5496710942243882e-06];[0, 0.0002, -1e-08]
883;ВЦ;ВЦ 50-191-883;ВЦ 50;500;1058 - 5248;685 - 1393;4896;94;169206;2900;[1393, 0, -2.5706657123735872e-05];[0, 0.0002, -1e-08]
884;ВР;ВР 102-122-884;ВР 102;1020;1549 - 3667;674 - 778;3109;86;131055;;;
885;ВР;ВР 35-166-885;ВР 35;350;949 - 6986;596 - 1061;2074;78;131972;;;
886;ВО;ВО 73-195-886;ВО 73;730;962 - 5943;318 - 440;1076;79;159389;1000;[390, 0.02, -5.403852160050176e-06];[0, 0.0002, -1e-08]
887;ВО;ВО 110-184-887;ВО 110;1100;1137 - 8367;152 - 544;777;87;128780;2900;[494, 0.02, -7.275590479646881e-06];[0, 0.0002, -1e-08]
888;Ц;Ц 70-141-888;Ц 70;700;555 - 1825;208 - 539;4810;106;48154;1000;[539, 0, -9.938074685682117e-05];[0, 0.0002, -1e-08]
889;УВО;УВО 88-104-889;УВО 88;880;1237 - 9839;920 - 1381;856;87;39343;;;
890;ВЦ;ВЦ 117-104-890;ВЦ 117;1170;1964 - 11575;628 - 1457;738;60;167644;1000;[1457, 0, -6.187461806511202e-06];[0, 0.0002, -1e-08]
891;ВО;ВО 83-114-891;ВО 83;830;1353 - 3337;308 - 410;872;81;141761;1000;[360, 0.02, -1.0663128215540669e-05];[0, 0.0002, -1e-08]
892;ВКОП;ВКОП 70-101-892;ВКОП 70;700;908 - 10573;182 - 1187;1755;61;86270;;;
893;Ц;Ц 22-107-893;Ц 22;220;1044 - 10548;245 - 886;1692;60;166822;1000;[886, 0, -5.761264143229377e-06];[0, 0.0002, -1e-08]
894;ВКОП;ВКОП 62-132-894;ВКОП 62;620;1182 - 7380;368 - 577;1274;65;153634;1450;[527, 0.02, -5.629365236741799e-06];[0, 0.0002, -1e-08]
895;ВО;ВО 61-126-895;ВО 61;610;1778 - 5728;461 - 827;2324;80;179249;;;
896;ВО;ВО 48-171-896;ВО 48;480;614 - 5098;52 - 1355;3513;84;117042;;;
897;ВЦ;ВЦ 37-153-897;ВЦ 37;370;1621 - 2842;550 - 1183;1363;99;173318;2900;[1183, 0, -7.837103149153568e-05];[0, 0.0002, -1e-08]
898;ВР;ВР 29-102-898;ВР 29;290;1942 - 8466;380 - 880;2411;106;92693;;;
899;Ц;Ц 82-116-899;Ц 82;820;662 - 5697;399 - 695;2484;107;46486;;;
900;ВКОП;ВКОП 103-186-900;ВКОП 103;1030;1416 - 4688;897 - 1204;1502;95;64568;1450;[1154, 0.02, -1.596007233631143e-05];[0, 0.0002, -1e-08]
901;ВЦ;ВЦ 37-167-901;ВЦ 37;370;1529 - 5898;187 - 349;1479;94;13291;;;
902;ВКОП;ВКОП 43-183-902;ВКОП 43;430;1797 - 5031;177 - 653;1441;66;134220;1000;[603, 0.02, -2.0806005745890092e-05];[0, 0.0002, -1e-08]
903;ВЦ;ВЦ 102-141-903;ВЦ 102;1020;626 - 5323;980 - 1427;156;101;44020;;;
904;Ц;Ц 102-111-904;Ц 102;1020;666 - 7064;216 - 389;3440;110;148628;;;
905;ВКОП;ВКОП 108-191-905;ВКОП 108;1080;1788 - 3287;217 - 1230;3943;106;72804;1450;[1180, 0.02, -9.521518563462614e-05];[0, 0.0002, -1e-08]
906;ВКОП;ВКОП 23-121-906;ВКОП 23;230;518 - 7821;336 - 1489;4048;67;46212;2900;[1439, 0.02, -2.0589510133240987e-05];[0, 0.0002, -1e-08]
907;УВО;УВО 82-138-907;УВО 82;820;630 - 7555;845 - 1153;2336;97;141226;1450;[1103, 0.02, -7.167381842661866e-06];[0, 0.0002, -1e-08]
908;УВО;УВО 113-149-908;УВО 113;1130;1409 - 2953;316 - 1337;2395;69;127057;1450;[1287, 0.02, -0.00011812331562236638];[0, 0.0002, -1e-08]
909;ВО;ВО 107-188-909;ВО 107;1070;791 - 10379;272 - 1356;647;91;36698;;;
910;ВР;ВР 78-137-910;ВР 78;780;1038 - 3830;298 - 631;3637;101;108847;1000;[631, 0, -2.2701088697857373e-05];[0, 0.0002, -1e-08]
911;ВО;ВО 48-154-911;ВО 48;480;1133 - 8736;121 - 314;1204;101;159993;1450;[264, 0.02, -4.1631235827664405e-06];[0, 0.0002, -1e-08]
912;Ц;Ц 42-135-912;Ц 42;420;1805 - 11201;501 - 1141;3010;71;172678;1000;[1141, 0, -5.101129859614276e-06];[0, 0.0002, -1e-08]
913;ВО;ВО 43-164-913;ВО 43;430;657 - 7673;881 - 1182;4347;65;130396;;;
914;УВО;УВО 22-178-914;УВО 22;220;1985 - 5915;252 - 1166;1071;98;72407;1450;[1116, 0.02, -2.8075962011848608e-05];[0, 0.0002, -1e-08]
915;ВР;ВР 64-173-915;ВР 64;640;763 - 9822;806 - 872;3619;96;61551;1450;[872, 0, -6.841385706504304e-07];[0, 0.0002, -1e-08]
916;Ц;Ц 70-169-916;Ц 70;700;1477 - 10981;708 - 1183;4017;84;189839;1000;[1183, 0, -3.939216283880857e-06];[0, 0.0002, -1e-08]
917;ВКОП;ВКОП 78-172-917;ВКОП 78;780;1353 - 5116;1029 - 1266;3102;92;168308;;;
918;ВО;ВО 25-165-918;ВО 25;250;1317 - 10521;259 - 861;1326;107;59350;2900;[811, 0.02, -6.887795416810953e-06];[0, 0.0002, -1e-08]
919;УВО;УВО 67-125-919;УВО 67;670;1038 - 2813;227 - 1154;4736;94;155895;;;
920;Ц;Ц 73-197-920;Ц 73;730;1637 - 5112;693 - 1215;111;75;142363;1450;[1215, 0, -1.997509312526174e-05];[0, 0.0002, -1e-08]
921;УВО;УВО 22-186-921;УВО 22;220;572 - 10459;333 - 1021;2267;79;115715;;;
922;ВР;ВР 65-169-922;ВР 65;650;1677 - 10608;749 - 1120;1682;73;31102;1000;[1120, 0, -3.2969084489579564e-06];[0, 0.0002, -1e-08]
923;Ц;Ц 41-115-923;Ц 41;410;1418 - 4623;573 - 717;329;99;65106;1450;[717, 0, -6.737747091082971e-06];[0, 0.0002, -1e-08]
924;ВКОП;ВКОП 78-158-924;ВКОП 78;780;1629 - 10581;302 - 1122;4841;77;63137;;;
925;ВКОП;ВКОП 59-166-925;ВКОП 59;590;1558 - 10320;427 - 885;686;85;130504;;;
926;ВЦ;ВЦ 21-185-926;ВЦ 21;210;1296 - 10089;125 - 1108;1124;101;73344;1450;[1108, 0, -9.65733448863741e-06];[0, 0.0002, -1e-08]
927;УВО;УВО 37-160-927;УВО 37;370;1821 - 4046;1243 - 1482;3798;103;79078;1450;[1432, 0.02, -1.648858199905242e-05];[0, 0.0002, -1e-08]
928;ВР;ВР 104-134-928;ВР 104;1040;1675 - 9329;503 - 683;1148;82;115771;;;
929;ВР;ВР 35-146-929;ВР 35;350;545 - 3309;784 - 1479;1544;84;115962;2900;[1479, 0, -6.347332809655544e-05];[0, 0.0002, -1e-08]
930;Ц;Ц 70-192-930;Ц 70;700;1973 - 9053;493 - 805;3986;61;136115;;;
931;ВР;ВР 80-195-931;ВР 80;800;1147 - 2684;238 - 588;593;74;114104;1450;[588, 0, -4.858509109565766e-05];[0, 0.0002, -1e-08]
932;УВО;УВО 30-154-932;УВО 30;300;1235 - 8700;612 - 1079;2564;96;86410;;;
933;ВР;ВР 30-162-933;ВР 30;300;907 - 7115;392 - 856;2615;79;155139;;;
934;УВО;УВО 105-192-934;УВО 105;1050;1826 - 8026;780 - 1215;2003;62;97645;1450;[1165, 0.02, -8.46861455564705e-06];[0, 0.0002, -1e-08]
935;ВЦ;ВЦ 65-162-935;ВЦ 65;650;524 - 1827;224 - 640;3987;92;138601;1450;[640, 0, -0.00012462817513494146];[0, 0.0002, -1e-08]
936;УВО;УВО 37-177-936;УВО 37;370;835 - 7163;312 - 621;2509;99;40617;;;
937;УВО;УВО 96-140-937;УВО 96;960;1362 - 5306;600 - 1006;2482;72;145282;;;
938;Ц;Ц 91-147-938;Ц 91;910;735 - 2318;391 - 463;1872;101;63710;2900;[463, 0, -1.340002575782729e-05];[0, 0.0002, -1e-08]
939;Ц;Ц 53-108-939;Ц 53;530;887 - 5834;1311 - 1497;2150;61;152828;;;
940;ВО;ВО 87-187-940;ВО 87;870;1140 - 8107;586 - 1406;2262;88;119703;1000;[1356, 0.02, -1.4182761467676476e-05];[0, 0.0002, -1e-08]
941;Ц;Ц 90-171-941;Ц 90;900;1263 - 10979;960 - 1166;4875;62;65230;1450;[1166, 0, -1.7089983767087215e-06];[0, 0.0002, -1e-08]
942;УВО;УВО 77-145-942;УВО 77;770;1687 - 10376;575 - 1237;470;96;189420;1000;[1187, 0.02, -7.612014916101388e-06];[0, 0.0002, -1e-08]
943;ВКОП;ВКОП 35-175-943;ВКОП 35;350;1755 - 6806;497 - 606;2739;94;147424;;;
944;УВО;УВО 71-142-944;УВО 71;710;1199 - 5959;100 - 320;2587;65;48960;;;
945;ВО;ВО 88-174-945;ВО 88;880;1472 - 4010;712 - 1465;350;83;80022;;;
946;ВР;ВР 95-115-946;ВР 95;950;1785 - 9469;113 - 1211;1871;67;182852;1000;[1211, 0, -1.224599582424926e-05];[0, 0.0002, -1e-08]
947;УВО;УВО 96-136-947;УВО 96;960;1109 - 2363;309 - 559;1890;89;130686;1450;[509, 0.02, -4.428191782288988e-05];[0, 0.0002, -1e-08]
948;ВО;ВО 27-113-948;ВО 27;270;750 - 9384;250 - 989;3229;68;31147;2900;[939, 0.02, -9.955546398106299e-06];[0, 0.0002, -1e-08]
949;ВР;ВР 38-195-949;ВР 38;380;1039 - 7169;287 - 442;1785;70;194914;;;
950;Ц;Ц 25-127-950;Ц 25;250;928 - 3669;80 - 948;675;87;91834;1450;[948, 0, -6.447989204223789e-05];[0, 0.0002, -1e-08]
951;УВО;УВО 70-149-951;УВО 70;700;1638 - 8855;851 - 1426;4726;63;188844;;;
952;ВЦ;ВЦ 87-137-952;ВЦ 87;870;607 - 9353;214 - 1162;4972;64;131948;;;
953;Ц;Ц 90-127-953;Ц 90;900;1576 - 2678;507 - 790;4110;102;95383;1000;[790, 0, -3.946074590012611e-05];[0, 0.0002, -1e-08]
954;ВЦ;ВЦ 108-119-954;ВЦ 108;1080;688 - 7084;229 - 354;573;93;129942;1450;[354, 0, -2.490880587264355e-06];[0, 0.0002, -1e-08]
955;ВО;ВО 39-168-955;ВО 39;390;1080 - 3241;936 - 1165;4375;82;38412;1450;[1115, 0.02, -2.3211930677229163e-05];[0, 0.0002, -1e-08]
956;Ц;Ц 63-167-956;Ц 63;630;1521 - 5231;249 - 841;4480;106;169741;;;
957;ВР;ВР 71-124-957;ВР 71;710;1557 - 8624;206 - 357;1743;108;139254;1000;[357, 0, -2.030296432960096e-06];[0, 0.0002, -1e-08]
958;ВР;ВР 98-176-958;ВР 98;980;1199 - 5196;296 - 575;3191;70;134453;;;
959;ВР;ВР 50-125-959;ВР 50;500;1263 - 9989;58 - 1396;3025;103;54759;1450;[1396, 0, -1.3409484640733198e-05];[0, 0.0002, -1e-08]
960;ВЦ;ВЦ 95-173-960;ВЦ 95;950;1770 - 8156;822 - 1270;294;64;67350;;;
961;УВО;УВО 107-182-961;УВО 107;1070;1238 - 6946;127 - 540;773;93;121820;;;
962;ВКОП;ВКОП 65-197-962;ВКОП 65;650;912 - 3734;50 - 1421;443;64;94076;;;
963;УВО;УВО 41-107-963;УВО 41;410;1843 - 11542;271 - 1395;4030;108;21955;;;
964;ВО;ВО 60-107-964;ВО 60;600;1922 - 7497;158 - 1263;872;107;194584;;;
965;ВР;ВР 99-111-965;ВР 99;990;1718 - 10995;142 - 343;4386;84;69440;;;
966;ВЦ;ВЦ 102-156-966;ВЦ 102;1020;1672 - 2697;369 - 1414;3736;85;70430;1000;[1414, 0, -0.00014366613145877215];[0, 0.0002, -1e-08]
967;ВЦ;ВЦ 47-147-967;ВЦ 47;470;1424 - 9340;193 - 327;3117;84;86569;1450;[327, 0, -1.5360701365039044e-06];[0, 0.0002, -1e-08]
968;ВО;ВО 104-139-968;ВО 104;1040;1873 - 3853;212 - 1335;1037;88;100901;1000;[1285, 0.02, -7.746802438350625e-05];[0, 0.0002, -1e-08]
969;УВО;УВО 40-155-969;УВО 40;400;602 - 8088;619 - 1154;1754;110;175192;;;
970;Ц;Ц 107-133-970;Ц 107;1070;1148 - 2965;280 - 905;1019;97;116259;;;
971;УВО;УВО 95-146-971;УВО 95;950;1181 - 3900;1176 - 1483;553;89;192306;;;
972;УВО;УВО 38-127-972;УВО 38;380;812 - 6969;759 - 1099;1162;106;33624;;;
973;ВЦ;ВЦ 103-165-973;ВЦ 103;1030;1992 - 11913;68 - 1139;3162;67;85937;;;
974;Ц;Ц 40-169-974;Ц 40;400;1813 - 5505;888 - 1031;3736;85;170198;;;
975;Ц;Ц 58-173-975;Ц 58;580;1446 - 2843;684 - 875;816;75;65074;;;
976;ВЦ;ВЦ 62-115-976;ВЦ 62;620;1065 - 7831;50 - 1332;1172;77;58621;1450;[1332, 0, -2.0905163919559083e-05];[0, 0.0002, -1e-08]
977;ВР;ВР 54-172-977;ВР 54;540;590 - 4885;97 - 727;1714;95;183055;;;
978;ВЦ;ВЦ 93-153-978;ВЦ 93;930;1917 - 5064;511 - 824;2596;97;38064;;;
979;ВКОП;ВКОП 76-197-979;ВКОП 76;760;1660 - 7639;1222 - 1399;1469;109;59381;2900;[1349, 0.02, -4.794503563840628e-06];[0, 0.0002, -1e-08]
980;ВКОП;ВКОП 60-127-980;ВКОП 60;600;684 - 5842;764 - 1487;746;90;188607;2900;[1437, 0.02, -2.3142806209998053e-05];[0, 0.0002, -1e-08]
981;ВР;ВР 95-122-981;ВР 95;950;1081 - 7837;52 - 320;2540;69;43641;1450;[320, 0, -4.363501207590819e-06];[0, 0.0002, -1e-08]
982;Ц;Ц 117-154-982;Ц 117;1170;609 - 3261;205 - 817;1882;63;104317;;;
983;ВКОП;ВКОП 67-152-983;ВКОП 67;670;1132 - 8740;106 - 464;3239;100;151814;;;
984;ВКОП;ВКОП 114-137-984;ВКОП 114;1140;1732 - 10202;297 - 395;3660;81;14331;;;
985;УВО;УВО 55-102-985;УВО 55;550;1864 - 10918;447 - 649;3477;86;155697;2900;[599, 0.02, -3.106975978166405e-06];[0, 0.0002, -1e-08]
986;ВЦ;ВЦ 107-171-986;ВЦ 107;1070;1324 - 8086;817 - 1141;2495;62;24123;2900;[1141, 0, -4.95538653269096e-06];[0, 0.0002, -1e-08]
987;ВО;ВО 91-148-987;ВО 91;910;1078 - 10703;476 - 1118;4557;69;111089;;;
988;Ц;Ц 46-163-988;Ц 46;460;1556 - 5357;875 - 1095;1883;105;145525;1450;[1095, 0, -7.6661866356135e-06];[0, 0.0002, -1e-08]
989;УВО;УВО 100-140-989;УВО 100;1000;1109 - 3490;380 - 509;2034;104;41712;1000;[459, 0.02, -1.2216648467582369e-05];[0, 0.0002, -1e-08]
990;ВО;ВО 69-163-990;ВО 69;690;1570 - 10772;972 - 1055;4761;93;122171;1000;[1005, 0.02, -2.1410599663635376e-06];[0, 0.0002, -1e-08]
991;ВР;ВР 69-132-991;ВР 69;690;1250 - 5204;974 - 1343;704;97;55206;;;
992;ВО;ВО 36-117-992;ВО 36;360;550 - 5238;606 - 1216;4238;70;189706;;;
993;ВЦ;ВЦ 52-151-993;ВЦ 52;520;1625 - 10070;520 - 901;4967;72;136307;;;
994;Ц;Ц 31-143-994;Ц 31;310;767 - 6249;310 - 554;2204;106;89656;1450;[554, 0, -6.248399327825882e-06];[0, 0.0002, -1e-08]
995;ВО;ВО 97-195-995;ВО 97;970;1661 - 9180;155 - 982;2822;110;67175;;;
996;УВО;УВО 26-141-996;УВО 26;260;1896 - 9097;638 - 1185;3565;63;130114;;;
997;ВР;ВР 107-156-997;ВР 107;1070;605 - 4782;198 - 859;4832;80;121977;1000;[859, 0, -2.8905621789223878e-05];[0, 0.0002, -1e-08]
998;ВР;ВР 76-146-998;ВР 76;760;892 - 10880;244 - 406;4615;61;166417;;;
999;ВР;ВР 24-166-999;ВР 24;240;1015 - 9785;1140 - 1312;1943;73;10544;;;
1000;ВКОП;ВКОП 65-194-1000;ВКОП 65;650;1231 - 3522;443 - 517;3696;108;198328;;;
1001;УВО;УВО 42-118-1001;УВО 42;420;1130 - 10493;244 - 417;3364;97;145634;1000;[367, 0.02, -3.0231678688571106e-06];[0, 0.0002, -1e-08]
1002;УВО;УВО 48-165-1002;УВО 48;480;1144 - 3102;1136 - 1465;3326;61;196554;;;
1003;ВКОП;ВКОП 75-152-1003;ВКОП 75;750;977 - 5463;513 - 768;3774;77;142210;;;
1004;ВКОП;ВКОП 36-173-1004;ВКОП 36;360;829 - 3238;968 - 1136;3833;84;96743;1450;[1086, 0.02, -1.7431207010939043e-05];[0, 0.0002, -1e-08]
1005;УВО;УВО 29-126-1005;УВО 29;290;1963 - 11792;552 - 652;3355;64;26828;1000;[602, 0.02, -2.0556447440851746e-06];[0, 0.0002, -1e-08]
1006;Ц;Ц 81-110-1006;Ц 81;810;1843 - 6101;859 - 1314;3351;108;151934;;;
1007;ВО;ВО 73-167-1007;ВО 73;730;1486 - 6277;177 - 662;986;101;44342;1450;[612, 0.02, -1.4226640324345266e-05];[0, 0.0002, -1e-08]
1008;ВР;ВР 77-195-1008;ВР 77;770;902 - 7385;425 - 578;3269;110;98771;;;
1009;ВО;ВО 96-142-1009;ВО 96;960;1257 - 5038;775 - 983;235;90;124179;;;
1010;УВО;УВО 120-184-1010;УВО 120;1200;1157 - 4392;74 - 663;592;68;130816;;;
1011;ВО;ВО 20-151-1011;ВО 20;200;1175 - 8773;220 - 362;2905;101;177926;;;
1012;ВР;ВР 118-123-1012;ВР 118;1180;878 - 9230;87 - 373;2263;72;122862;1450;[373, 0, -3.3570872690095066e-06];[0, 0.0002, -1e-08]
1013;ВКОП;ВКОП 97-191-1013;ВКОП 97;970;1943 - 3167;499 - 568;4007;80;116180;;;
1014;ВКОП;ВКОП 52-190-1014;ВКОП 52;520;1848 - 3629;183 - 382;2801;80;162314;;;
1015;Ц;Ц 70-197-1015;Ц 70;700;965 - 4779;1116 - 1408;4705;105;100389;;;
1016;ВО;ВО 22-150-1016;ВО 22;220;570 - 7605;1245 - 1377;3095;98;22363;;;
1017;ВЦ;ВЦ 87-170-1017;ВЦ 87;870;516 - 3359;1104 - 1478;1437;81;150503;;;
1018;Ц;Ц 89-111-1018;Ц 89;890;1831 - 7346;1278 - 1475;1125;81;66284;2900;[1475, 0, -3.6506010816601286e-06];[0, 0.0002, -1e-08]
1019;УВО;УВО 97-141-1019;УВО 97;970;832 - 6520;602 - 977;3291;60;54056;2900;[927, 0.02, -1.0712672663630546e-05];[0, 0.0002, -1e-08]
1020;ВО;ВО 97-117-1020;ВО 97;970;1629 - 7701;141 - 668;3089;63;52091;;;
1021;ВР;ВР 58-114-1021;ВР 58;580;1210 - 4513;222 - 1268;4949;89;98969;;;
1022;УВО;УВО 41-162-1022;УВО 41;410;1831 - 9923;237 - 1119;2995;91;107642;;;
1023;ВР;ВР 30-140-1023;ВР 30;300;1846 - 8755;457 - 620;416;84;21227;1000;[620, 0, -2.126548556246394e-06];[0, 0.0002, -1e-08]
1024;ВЦ;ВЦ 21-144-1024;ВЦ 21;210;1236 - 3135;95 - 1377;1767;86;130751;1000;[1377, 0, -0.00013044064416514682];[0, 0.0002, -1e-08]
1025;ВО;ВО 40-130-1025;ВО 40;400;553 - 4516;367 - 553;4917;82;52590;2900;[503, 0.02, -1.1097242282336752e-05];[0, 0.0002, -1e-08]
1026;ВКОП;ВКОП 40-196-1026;ВКОП 40;400;1862 - 8592;369 - 1372;3160;72;96114;2900;[1322, 0.02, -1.5237096393856481e-05];[0, 0.0002, -1e-08]
1027;ВЦ;ВЦ 32-147-1027;ВЦ 32;320;1411 - 6323;888 - 1024;3970;82;91795;1450;[1024, 0, -3.4016728576695805e-06];[0, 0.0002, -1e-08]
1028;УВО;УВО 80-121-1028;УВО 80;800;634 - 5852;295 - 756;2459;72;179441;1000;[706, 0.02, -1.5419070263118182e-05];[0, 0.0002, -1e-08]
1029;Ц;Ц 36-123-1029;Ц 36;360;1607 - 7271;374 - 446;1763;88;46983;;;
1030;ВЦ;ВЦ 107-163-1030;ВЦ 107;1070;805 - 9862;175 - 1389;1173;105;141382;2900;[1389, 0, -1.2482129682459145e-05];[0, 0.0002, -1e-08]
1031;УВО;УВО 96-105-1031;УВО 96;960;1543 - 3667;600 - 708;2846;70;199062;1450;[658, 0.02, -9.767314952923311e-06];[0, 0.0002, -1e-08]
1032;УВО;УВО 77-143-1032;УВО 77;770;1955 - 4595;120 - 730;207;75;77727;;;
1033;ВЦ;ВЦ 20-118-1033;ВЦ 20;200;1178 - 5964;246 - 399;1132;80;199113;;;
1034;Ц;Ц 58-119-1034;Ц 58;580;730 - 5104;763 - 1473;934;61;116135;;;
1035;ВО;ВО 60-124-1035;ВО 60;600;1480 - 6982;103 - 951;3399;107;46107;1450;[901, 0.02, -1.9234302291090047e-05];[0, 0.0002, -1e-08]
1036;ВР;ВР 24-185-1036;ВР 24;240;653 - 4864;498 - 1337;4110;60;94036;;;
1037;ВО;ВО 21-181-1037;ВО 21;210;1366 - 10674;233 - 345;2254;75;60095;;;
1038;ВО;ВО 69-113-1038;ВО 69;690;941 - 8925;221 - 631;1819;64;107204;1000;[581, 0.02, -6.760351199303251e-06];[0, 0.0002, -1e-08]
1039;Ц;Ц 59-112-1039;Ц 59;590;1627 - 7019;765 - 1430;381;61;84020;2900;[1430, 0, -1.3498053976424198e-05];[0, 0.0002, -1e-08]
1040;УВО;УВО 117-160-1040;УВО 117;1170;1160 - 6431;253 - 366;3108;69;136701;;;
1041;ВКОП;ВКОП 96-158-1041;ВКОП 96;960;1737 - 10065;1053 - 1300;506;84;139314;2900;[1250, 0.02, -3.931721505198821e-06];[0, 0.0002, -1e-08]
1042;ВЦ;ВЦ 34-143-1042;ВЦ 34;340;1776 - 8510;370 - 423;1364;61;58945;;;
1043;ВКОП;ВКОП 54-115-1043;ВКОП 54;540;1428 - 7423;233 - 802;666;87;81563;1450;[752, 0.02, -1.2113407380118763e-05];[0, 0.0002, -1e-08]
1044;ВО;ВО 22-189-1044;ВО 22;220;962 - 10458;57 - 857;2914;63;140184;;;
1045;Ц;Ц 66-117-1045;Ц 66;660;1216 - 6185;53 - 350;3974;65;165473;1450;[350, 0, -7.763848306951716e-06];[0, 0.0002, -1e-08]
1046;УВО;УВО 116-156-1046;УВО 116;1160;1084 - 7481;59 - 597;2816;67;184943;;;
1047;ВЦ;ВЦ 113-100-1047;ВЦ 113;1130;654 - 8229;212 - 528;683;94;145025;;;
1048;Ц;Ц 60-130-1048;Ц 60;600;1937 - 7905;208 - 396;1431;66;52095;;;
1049;УВО;УВО 76-188-1049;УВО 76;760;1030 - 8244;598 - 807;3076;76;147535;;;
1050;ВР;ВР 23-196-1050;ВР 23;230;701 - 2580;55 - 332;2100;99;73472;1000;[332, 0, -4.161408569196563e-05];[0, 0.0002, -1e-08]
1051;Ц;Ц 33-125-1051;Ц 33;330;639 - 3498;313 - 417;2949;60;195867;1000;[417, 0, -8.499506865149766e-06];[0, 0.0002, -1e-08]
1052;ВКОП;ВКОП 24-161-1052;ВКОП 24;240;734 - 5045;642 - 1388;2388;100;35172;;;
1053;ВКОП;ВКОП 108-181-1053;ВКОП 108;1080;636 - 7746;731 - 1173;2545;104;145654;2900;[1123, 0.02, -9.115254942140832e-06];[0, 0.0002, -1e-08]
1054;Ц;Ц 52-146-1054;Ц 52;520;662 - 7405;547 - 943;2904;85;155303;;;
1055;ВО;ВО 93-107-1055;ВО 93;930;1363 - 8071;372 - 986;626;71;69518;2900;[936, 0.02, -1.1136143802184556e-05];[0, 0.0002, -1e-08]
1056;ВО;ВО 96-144-1056;ВО 96;960;1528 - 9823;277 - 419;2404;83;137538;;;
1057;УВО;УВО 20-126-1057;УВО 20;200;809 - 9393;95 - 570;399;72;23442;;;
1058;ВО;ВО 99-181-1058;ВО 99;990;1552 - 10856;1177 - 1442;398;65;74348;2900;[1392, 0.02, -3.666609827369642e-06];[0, 0.0002, -1e-08]
1059;ВО;ВО 80-106-1059;ВО 80;800;1214 - 9271;412 - 581;2389;77;67714;1450;[531, 0.02, -3.5417672636808964e-06];[0, 0.0002, -1e-08]
1060;УВО;УВО 91-155-1060;УВО 91;910;716 - 3268;444 - 1167;3082;65;43590;1000;[1117, 0.02, -6.913597078004281e-05];[0, 0.0002, -1e-08]
1061;ВЦ;ВЦ 104-118-1061;ВЦ 104;1040;1699 - 6805;364 - 1146;762;94;162100;2900;[1146, 0, -1.688692186721416e-05];[0, 0.0002, -1e-08]
1062;Ц;Ц 48-166-1062;Ц 48;480;1786 - 4887;366 - 648;2059;91;176560;2900;[648, 0, -1.1807676069722067e-05];[0, 0.0002, -1e-08]
1063;ВЦ;ВЦ 106-175-1063;ВЦ 106;1060;1078 - 3101;838 - 1423;1561;90;90268;;;
1064;ВР;ВР 96-146-1064;ВР 96;960;969 - 9439;251 - 937;1792;73;97143;1000;[937, 0, -7.699670556238679e-06];[0, 0.0002, -1e-08]
1065;ВО;ВО 53-113-1065;ВО 53;530;502 - 8796;182 - 370;2199;84;137934;;;
1066;Ц;Ц 77-158-1066;Ц 77;770;1873 - 10512;328 - 888;2234;65;143277;2900;[888, 0, -5.067774974574249e-06];[0, 0.0002, -1e-08]
1067;ВР;ВР 25-109-1067;ВР 25;250;1490 - 3876;1363 - 1424;4039;78;34670;;;
1068;Ц;Ц 108-160-1068;Ц 108;1080;650 - 7863;544 - 612;2959;77;160851;;;
1069;УВО;УВО 52-195-1069;УВО 52;520;1822 - 9289;728 - 875;4077;79;21981;;;
1070;ВР;ВР 109-142-1070;ВР 109;1090;822 - 3142;148 - 319;4211;82;52114;;;
1071;УВО;УВО 55-191-1071;УВО 55;550;1246 - 10178;384 - 736;3008;67;16811;;;
1072;ВКОП;ВКОП 108-139-1072;ВКОП 108;1080;1579 - 6426;53 - 301;4997;65;72682;2900;[251, 0.02, -7.907302354492996e-06];[0, 0.0002, -1e-08]
1073;ВО;ВО 28-149-1073;ВО 28;280;640 - 4654;121 - 395;1627;68;23646;1450;[345, 0.02, -1.463915778027745e-05];[0, 0.0002, -1e-08]
1074;ВР;ВР 50-143-1074;ВР 50;500;1556 - 11151;637 - 883;1296;101;66207;1000;[883, 0, -1.978369807355275e-06];[0, 0.0002, -1e-08]
1075;ВКОП;ВКОП 53-123-1075;ВКОП 53;530;1649 - 9134;600 - 661;163;105;167235;;;
1076;Ц;Ц 27-139-1076;Ц 27;270;1840 - 5504;355 - 540;1497;89;154337;;;
1077;ВКОП;ВКОП 83-175-1077;ВКОП 83;830;1300 - 10193;229 - 720;2708;63;33666;2900;[670, 0.02, -6.206709091979904e-06];[0, 0.0002, -1e-08]
1078;ВЦ;ВЦ 78-146-1078;ВЦ 78;780;1752 - 11627;406 - 743;1116;107;155649;;;
1079;ВКОП;ВКОП 109-126-1079;ВКОП 109;1090;1920 - 11874;102 - 422;3556;91;162435;1450;[372, 0.02, -3.5993563203599053e-06];[0, 0.0002, -1e-08]
1080;УВО;УВО 115-140-1080;УВО 115;1150;1212 - 6849;350 - 830;2677;67;172650;2900;[780, 0.02, -1.208685764532758e-05];[0, 0.0002, -1e-08]
1081;ВО;ВО 98-126-1081;ВО 98;980;718 - 5002;353 - 750;2545;102;66927;;;
1082;ВКОП;ВКОП 115-163-1082;ВКОП 115;1150;1756 - 3726;197 - 522;126;105;60263;2900;[472, 0.02, -2.5175976851239596e-05];[0, 0.0002, -1e-08]
1083;ВР;ВР 110-166-1083;ВР 110;1100;1558 - 8224;614 - 1061;1241;103;131157;;;
1084;ВО;ВО 38-176-1084;ВО 38;380;1212 - 6826;546 - 1248;3887;97;85878;1000;[1198, 0.02, -1.692310875267168e-05];[0, 0.0002, -1e-08]
1085;ВР;ВР 28-122-1085;ВР 28;280;710 - 4091;259 - 407;817;107;194812;1000;[407, 0, -8.84306376070048e-06];[0, 0.0002, -1e-08]
1086;Ц;Ц 62-118-1086;Ц 62;620;1307 - 10790;86 - 1391;1324;98;57563;1000;[1391, 0, -1.1209019438415242e-05];[0, 0.0002, -1e-08]
1087;ВЦ;ВЦ 80-142-1087;ВЦ 80;800;1821 - 10858;605 - 1136;1636;98;174466;;;
1088;ВР;ВР 58-160-1088;ВР 58;580;1709 - 9060;842 - 1015;1608;71;79984;;;
1089;УВО;УВО 115-147-1089;УВО 115;1150;1678 - 7684;426 - 566;386;75;26884;1450;[516, 0.02, -4.12710172587644e-06];[0, 0.0002, -1e-08]
1090;ВЦ;ВЦ 59-181-1090;ВЦ 59;590;1253 - 5357;506 - 1365;1523;69;85888;;;
1091;ВЦ;ВЦ 73-144-1091;ВЦ 73;730;609 - 4819;569 - 1070;4902;85;65226;;;
1092;ВО;ВО 102-145-1092;ВО 102;1020;1945 - 5471;754 - 1487;3469;96;104921;1450;[1437, 0.02, -2.6474148382653774e-05];[0, 0.0002, -1e-08]
1093;ВР;ВР 47-188-1093;ВР 47;470;1144 - 3398;712 - 1400;4535;60;93472;;;
1094;ВО;ВО 80-166-1094;ВО 80;800;1800 - 4348;82 - 458;2254;101;169821;;;
1095;УВО;УВО 110-152-1095;УВО 110;1100;755 - 9991;70 - 964;4427;67;58675;;;
1096;ВР;ВР 46-170-1096;ВР 46;460;914 - 7942;773 - 891;1076;78;51699;2900;[891, 0, -1.8707779474724871e-06];[0, 0.0002, -1e-08]
1097;ВР;ВР 30-113-1097;ВР 30;300;647 - 2259;364 - 599;3049;86;110576;;;
1098;ВО;ВО 71-163-1098;ВО 71;710;1368 - 10336;181 - 726;3094;60;122502;;;
1099;ВО;ВО 85-124-1099;ВО 85;850;1018 - 9884;581 - 717;3037;73;24527;;;
1100;ВЦ;ВЦ 108-180-1100;ВЦ 108;1080;1818 - 11543;1006 - 1388;4200;67;142824;1450;[1388, 0, -2.866988636495404e-06];[0, 0.0002, -1e-08]
1101;ВЦ;ВЦ 97-102-1101;ВЦ 97;970;1585 - 6483;597 - 764;4076;71;143362;1000;[764, 0, -3.973419583662241e-06];[0, 0.0002, -1e-08]
1102;ВКОП;ВКОП 62-108-1102;ВКОП 62;620;1545 - 5897;400 - 749;3392;74;152851;;;
1103;Ц;Ц 107-110-1103;Ц 107;1070;1318 - 6999;62 - 343;1982;101;28581;;;
1104;Ц;Ц 87-193-1104;Ц 87;870;1716 - 5160;488 - 634;1373;73;128047;2900;[634, 0, -5.483444504536987e-06];[0, 0.0002, -1e-08]
1105;ВР;ВР 90-150-1105;ВР 90;900;1721 - 3858;578 - 1121;1563;69;138225;;;
1106;ВЦ;ВЦ 106-139-1106;ВЦ 106;1060;1736 - 10563;110 - 1188;768;82;194290;;;
1107;ВО;ВО 95-118-1107;ВО 95;950;1970 - 9958;220 - 627;4439;65;91774;2900;[577, 0.02, -5.608613416760113e-06];[0, 0.0002, -1e-08]
1108;ВКОП;ВКОП 81-197-1108;ВКОП 81;810;665 - 8985;623 - 809;831;100;72750;;;
1109;ВКОП;ВКОП 80-158-1109;ВКОП 80;800;1217 - 7449;73 - 807;1257;103;174429;1000;[757, 0.02, -1.5012002411133255e-05];[0, 0.0002, -1e-08]
1110;ВО;ВО 89-193-1110;ВО 89;890;617 - 4736;263 - 398;1796;108;23197;;;
1111;ВЦ;ВЦ 27-194-1111;ВЦ 27;270;1901 - 10374;786 - 1094;4492;108;112131;1450;[1094, 0, -2.8619248734313723e-06];[0, 0.0002, -1e-08]
1112;ВКОП;ВКОП 78-147-1112;ВКОП 78;780;1928 - 4123;864 - 989;307;66;106422;1000;[939, 0.02, -9.26282752486907e-06];[0, 0.0002, -1e-08]
1113;ВР;ВР 79-136-1113;ВР 79;790;709 - 8297;784 - 1319;1298;92;44140;2900;[1319, 0, -7.77162079795545e-06];[0, 0.0002, -1e-08]
1114;ВКОП;ВКОП 45-158-1114;ВКОП 45;450;500 - 4969;735 - 1427;1968;108;139123;2900;[1377, 0.02, -3.0026372809061583e-05];[0, 0.0002, -1e-08]
1115;ВКОП;ВКОП 72-171-1115;ВКОП 72;720;1184 - 2897;192 - 408;958;95;125993;1450;[358, 0.02, -2.6683001674449508e-05];[0, 0.0002, -1e-08]
1116;УВО;УВО 59-192-1116;УВО 59;590;1266 - 8503;942 - 1368;590;65;127547;1000;[1318, 0.02, -7.5525916934298935e-06];[0, 0.0002, -1e-08]
1117;ВЦ;ВЦ 50-119-1117;ВЦ 50;500;1788 - 7067;171 - 336;632;98;187367;;;
1118;УВО;УВО 28-186-1118;УВО 28;280;626 - 5091;827 - 1272;4138;101;188808;;;
1119;Ц;Ц 85-108-1119;Ц 85;850;689 - 8534;1131 - 1494;2675;107;70285;;;
1120;УВО;УВО 24-123-1120;УВО 24;240;1830 - 3505;1191 - 1451;2206;66;174599;;;
1121;ВЦ;ВЦ 31-106-1121;ВЦ 31;310;876 - 10505;581 - 712;2489;92;35158;1000;[712, 0, -1.1870777973182462e-06];[0, 0.0002, -1e-08]
1122;ВЦ;ВЦ 119-165-1122;ВЦ 119;1190;1802 - 6693;728 - 857;185;107;110448;;;
1123;ВКОП;ВКОП 104-142-1123;ВКОП 104;1040;949 - 10048;616 - 862;2230;100;134723;;;
1124;Ц;Ц 111-148-1124;Ц 111;1110;543 - 6917;214 - 500;461;75;11097;1450;[500, 0, -5.977649984724596e-06];[0, 0.0002, -1e-08]
1125;Ц;Ц 92-160-1125;Ц 92;920;1521 - 4251;244 - 506;896;106;50317;1450;[506, 0, -1.4498366747918392e-05];[0, 0.0002, -1e-08]
1126;ВР;ВР 37-124-1126;ВР 37;370;1889 - 3391;145 - 823;2606;86;142523;2900;[823, 0, -5.896225902329105e-05];[0, 0.0002, -1e-08]
1127;ВКОП;ВКОП 89-194-1127;ВКОП 89;890;1624 - 2666;473 - 657;2699;79;91122;;;
1128;ВЦ;ВЦ 96-103-1128;ВЦ 96;960;713 - 4004;72 - 1140;709;95;182796;2900;[1140, 0, -6.661669998333335e-05];[0, 0.0002, -1e-08]
1129;ВЦ;ВЦ 56-170-1129;ВЦ 56;560;1558 - 4281;353 - 465;3988;73;14445;1000;[465, 0, -6.1112150563314885e-06];[0, 0.0002, -1e-08]
1130;ВР;ВР 63-164-1130;ВР 63;630;691 - 2364;168 - 1113;3706;61;122085;1450;[1113, 0, -0.0001690973743203896];[0, 0.0002, -1e-08]
1131;ВР;ВР 106-186-1131;ВР 106;1060;1690 - 7208;245 - 719;244;76;181700;;;
1132;ВР;ВР 85-113-1132;ВР 85;850;820 - 5229;324 - 543;4905;94;81112;2900;[543, 0, -8.009526289185372e-06];[0, 0.0002, -1e-08]
1133;ВКОП;ВКОП 42-130-1133;ВКОП 42;420;1370 - 4791;69 - 345;3652;98;162224;1450;[295, 0.02, -1.402040918839989e-05];[0, 0.0002, -1e-08]
1134;Ц;Ц 101-154-1134;Ц 101;1010;514 - 5997;481 - 1337;3076;100;48041;1000;[1337, 0, -2.380157340078521e-05];[0, 0.0002, -1e-08]
1135;ВКОП;ВКОП 36-147-1135;ВКОП 36;360;1940 - 9356;452 - 1346;610;100;85842;;;
1136;Ц;Ц 89-140-1136;Ц 89;890;1966 - 7083;1026 - 1253;4480;61;192269;;;
1137;Ц;Ц 63-134-1137;Ц 63;630;950 - 3820;230 - 1439;4927;63;119674;;;
1138;УВО;УВО 31-126-1138;УВО 31;310;929 - 8641;883 - 1165;2539;95;17523;1000;[1115, 0.02, -5.4216808654428725e-06];[0, 0.0002, -1e-08]
1139;УВО;УВО 91-120-1139;УВО 91;910;1992 - 8120;305 - 362;821;66;26935;1000;[312, 0.02, -2.5692203159503993e-06];[0, 0.0002, -1e-08]
1140;ВЦ;ВЦ 119-188-1140;ВЦ 119;1190;842 - 10510;132 - 470;2793;110;45703;2900;[470, 0, -3.0599284266445532e-06];[0, 0.0002, -1e-08]
1141;УВО;УВО 109-196-1141;УВО 109;1090;989 - 7260;727 - 778;2206;62;133870;;;
1142;ВЦ;ВЦ 82-102-1142;ВЦ 82;820;1353 - 11153;1324 - 1391;4195;79;29131;;;
1143;ВР;ВР 111-112-1143;ВР 111;1110;1023 - 7558;673 - 838;1358;79;44460;;;
1144;ВР;ВР 97-127-1144;ВР 97;970;1241 - 8276;101 - 368;1699;105;148234;1000;[368, 0, -3.898255473734694e-06];[0, 0.0002, -1e-08]
1145;ВЦ;ВЦ 106-189-1145;ВЦ 106;1060;1930 - 6802;178 - 363;625;79;97909;;;
1146;ВР;ВР 119-156-1146;ВР 119;1190;1733 - 4193;591 - 730;1548;78;163787;;;
1147;ВР;ВР 96-188-1147;ВР 96;960;1545 - 6253;597 - 821;2793;102;154319;;;
1148;ВКОП;ВКОП 22-127-1148;ВКОП 22;220;1813 - 10253;743 - 1052;3761;108;77170;;;
1149;ВО;ВО 30-111-1149;ВО 30;300;1456 - 10836;932 - 1022;2435;67;105483;1000;[972, 0.02, -2.1863601919745525e-06];[0, 0.0002, -1e-08]
1150;ВР;ВР 52-112-1150;ВР 52;520;564 - 4332;198 - 529;3942;93;106433;;;
1151;ВКОП;ВКОП 108-132-1151;ВКОП 108;1080;1601 - 3709;102 - 586;2292;94;160750;1450;[536, 0.02, -3.694059635460036e-05];[0, 0.0002, -1e-08]
1152;ВР;ВР 89-128-1152;ВР 89;890;692 - 7746;376 - 675;1852;106;63638;;;
1153;УВО;УВО 120-131-1153;УВО 120;1200;990 - 3532;1129 - 1325;750;102;96537;1000;[1275, 0.02, -1.7365898454383734e-05];[0, 0.0002, -1e-08]
1154;Ц;Ц 96-198-1154;Ц 96;960;1250 - 9826;187 - 669;3336;74;51439;1000;[669, 0, -4.992217733277117e-06];[0, 0.0002, -1e-08]
1155;ВЦ;ВЦ 44-137-1155;ВЦ 44;440;1048 - 10797;540 - 1348;4328;107;164497;2900;[1348, 0, -6.931147770878112e-06];[0, 0.0002, -1e-08]
1156;ВР;ВР 22-197-1156;ВР 22;220;1267 - 11126;519 - 963;2946;66;118136;1000;[963, 0, -3.5867809865321543e-06];[0, 0.0002, -1e-08]
1157;Ц;Ц 84-160-1157;Ц 84;840;1769 - 9802;50 - 827;4688;74;127034;;;
1158;УВО;УВО 91-146-1158;УВО 91;910;1693 - 11679;866 - 987;4721;75;35340;;;
1159;ВКОП;ВКОП 88-104-1159;ВКОП 88;880;1888 - 7506;521 - 664;1011;84;80397;1450;[614, 0.02, -4.315226209653114e-06];[0, 0.0002, -1e-08]
1160;ВО;ВО 79-150-1160;ВО 79;790;1229 - 10355;359 - 705;3739;61;16702;;;
1161;ВКОП;ВКОП 61-105-1161;ВКОП 61;610;1218 - 2641;192 - 465;2519;90;40525;;;
1162;УВО;УВО 93-104-1162;УВО 93;930;1794 - 10461;602 - 1038;1367;96;60034;;;
1163;Ц;Ц 91-153-1163;Ц 91;910;548 - 9919;953 - 1342;1450;91;160288;;;
1164;ВР;ВР 30-178-1164;ВР 30;300;832 - 8426;737 - 1357;902;69;124658;2900;[1357, 0, -8.732704807703305e-06];[0, 0.0002, -1e-08]
1165;УВО;УВО 37-157-1165;УВО 37;370;1333 - 6947;604 - 763;3227;87;13992;;;
1166;ВР;ВР 31-148-1166;ВР 31;310;903 - 3562;290 - 1442;3757;88;113056;;;
1167;ВО;ВО 24-188-1167;ВО 24;240;1422 - 4722;159 - 1291;3435;89;50151;;;
1168;УВО;УВО 45-161-1168;УВО 45;450;790 - 6299;309 - 881;4957;100;104688;1000;[831, 0.02, -1.6331210806877193e-05];[0, 0.0002, -1e-08]
1169;ВКОП;ВКОП 49-122-1169;ВКОП 49;490;706 - 6955;219 - 604;135;84;157369;;;
1170;ВО;ВО 45-197-1170;ВО 45;450;1708 - 8533;211 - 581;2953;68;151782;;;
1171;Ц;Ц 86-163-1171;Ц 86;860;1702 - 10526;157 - 1399;3014;93;144830;1000;[1399, 0, -1.1209722573265645e-05];[0, 0.0002, -1e-08]
1172;УВО;УВО 101-113-1172;УВО 101;1010;756 - 2087;1098 - 1427;4388;75;159528;;;
1173;ВКОП;ВКОП 118-119-1173;ВКОП 118;1180;1872 - 8402;254 - 742;3456;96;185863;;;
1174;ВР;ВР 55-140-1174;ВР 55;550;665 - 6810;491 - 859;812;80;32552;;;
1175;ВКОП;ВКОП 30-192-1175;ВКОП 30;300;809 - 6267;170 - 650;2278;83;34018;1000;[600, 0.02, -1.4139679532339025e-05];[0, 0.0002, -1e-08]
1176;ВР;ВР 48-174-1176;ВР 48;480;926 - 9120;434 - 494;2930;94;161606;1000;[494, 0, -7.213758079409048e-07];[0, 0.0002, -1e-08]
1177;ВР;ВР 56-109-1177;ВР 56;560;1781 - 3697;924 - 1136;806;81;75769;;;
1178;ВКОП;ВКОП 108-196-1178;ВКОП 108;1080;528 - 8619;128 - 424;1001;82;89720;1450;[374, 0.02, -5.631928779725477e-06];[0, 0.0002, -1e-08]
1179;УВО;УВО 54-192-1179;УВО 54;540;1887 - 5223;402 - 707;609;101;17290;;;
1180;Ц;Ц 99-105-1180;Ц 99;990;1195 - 3593;116 - 526;4958;98;33105;1000;[526, 0, -3.175919035443954e-05];[0, 0.0002, -1e-08]
1181;Ц;Ц 55-106-1181;Ц 55;550;764 - 3716;259 - 952;3639;73;190485;;;
1182;Ц;Ц 95-112-1182;Ц 95;950;1879 - 8588;106 - 590;2156;99;152104;;;
1183;ВО;ВО 113-135-1183;ВО 113;1130;1618 - 3881;819 - 1057;3157;63;81707;2900;[1007, 0.02, -1.7634919717031308e-05];[0, 0.0002, -1e-08]
1184;Ц;Ц 82-181-1184;Ц 82;820;1226 - 8404;84 - 1159;2701;79;16911;;;
1185;ВКОП;ВКОП 114-121-1185;ВКОП 114;1140;1421 - 6007;233 - 371;3642;73;127749;;;
1186;ВР;ВР 120-132-1186;ВР 120;1200;648 - 7370;148 - 481;3091;80;60185;2900;[481, 0, -6.130688607044953e-06];[0, 0.0002, -1e-08]
1187;ВКОП;ВКОП 38-108-1187;ВКОП 38;380;1070 - 10899;675 - 1026;2778;100;195581;;;
1188;Ц;Ц 69-154-1188;Ц 69;690;886 - 6074;469 - 641;623;98;40182;;;
1189;Ц;Ц 114-106-1189;Ц 114;1140;1669 - 10465;1066 - 1298;3701;92;110466;;;
1190;Ц;Ц 68-158-1190;Ц 68;680;1711 - 10988;163 - 1245;3880;60;28631;;;
1191;УВО;УВО 108-177-1191;УВО 108;1080;1972 - 3697;332 - 389;2094;65;191441;2900;[339, 0.02, -5.921944036531385e-06];[0, 0.0002, -1e-08]
1192;Ц;Ц 94-191-1192;Ц 94;940;1374 - 7519;97 - 375;1078;85;26650;2900;[375, 0, -4.9172764634862776e-06];[0, 0.0002, -1e-08]
1193;ВР;ВР 60-160-1193;ВР 60;600;1971 - 5080;554 - 1330;2814;100;104490;;;
1194;Ц;Ц 82-147-1194;Ц 82;820;882 - 5701;266 - 845;672;87;105389;;;
1195;Ц;Ц 21-103-1195;Ц 21;210;1177 - 4539;123 - 1068;314;82;147304;2900;[1068, 0, -4.586817312308528e-05];[0, 0.0002, -1e-08]
1196;ВО;ВО 36-150-1196;ВО 36;360;557 - 7161;200 - 1220;3231;61;134463;1000;[1170, 0.02, -2.1708691789911298e-05];[0, 0.0002, -1e-08]
1197;Ц;Ц 29-196-1197;Ц 29;290;1692 - 4158;546 - 1430;4300;98;59206;;;
1198;ВО;ВО 69-114-1198;ВО 69;690;1795 - 4745;350 - 563;2836;74;158216;1000;[513, 0.02, -1.1454573112843533e-05];[0, 0.0002, -1e-08]
1199;Ц;Ц 63-124-1199;Ц 63;630;1021 - 10742;301 - 548;3725;98;168782;;;
1200;ВР;ВР 41-200-1200;ВР 41;410;642 - 5944;411 - 969;3083;100;186069;1000;[969, 0, -1.5793435003052266e-05];[0, 0.0002, -1e-08]
1201;УВО;УВО 106-154-1201;УВО 106;1060;1425 - 8036;116 - 573;3397;78;98049;2900;[523, 0.02, -8.791325050215791e-06];[0, 0.0002, -1e-08]
1202;ВО;ВО 58-150-1202;ВО 58;580;1500 - 3076;1055 - 1183;1928;110;64822;1450;[1133, 0.02, -1.4745646060528172e-05];[0, 0.0002, -1e-08]
1203;УВО;УВО 52-117-1203;УВО 52;520;1878 - 10983;133 - 425;4470;77;93425;1450;[375, 0.02, -3.8271922632055765e-06];[0, 0.0002, -1e-08]
1204;ВКОП;ВКОП 74-144-1204;ВКОП 74;740;1077 - 4390;524 - 764;532;78;75570;1000;[714, 0.02, -1.4414620098484338e-05];[0, 0.0002, -1e-08]
1205;УВО;УВО 73-160-1205;УВО 73;730;1799 - 3781;152 - 430;538;67;61613;2900;[380, 0.02, -2.123816650031432e-05];[0, 0.0002, -1e-08]
1206;ВКОП;ВКОП 34-167-1206;ВКОП 34;340;1286 - 8107;456 - 543;3530;91;73620;1450;[493, 0.02, -3.0299688015460055e-06];[0, 0.0002, -1e-08]
1207;ВР;ВР 107-125-1207;ВР 107;1070;1915 - 11360;231 - 1138;4035;104;102759;1000;[1138, 0, -7.028305395754811e-06];[0, 0.0002, -1e-08]
1208;ВО;ВО 28-111-1208;ВО 28;280;1894 - 11681;199 - 516;4220;94;35450;1450;[466, 0.02, -3.669003685647662e-06];[0, 0.0002, -1e-08]
1209;ВО;ВО 119-138-1209;ВО 119;1190;1271 - 4966;101 - 378;3240;89;198218;1450;[328, 0.02, -1.3232145321979229e-05];[0, 0.0002, -1e-08]
1210;ВКОП;ВКОП 91-156-1210;ВКОП 91;910;1410 - 7439;677 - 1463;2554;106;80728;;;
1211;ВР;ВР 93-167-1211;ВР 93;930;1818 - 6166;594 - 826;4725;109;38416;1000;[826, 0, -6.102122812796656e-06];[0, 0.0002, -1e-08]
1212;ВР;ВР 84-182-1212;ВР 84;840;994 - 6014;165 - 852;2475;93;85613;;;
1213;ВО;ВО 21-124-1213;ВО 21;210;1073 - 2142;269 - 628;3356;95;144624;;;
1214;ВКОП;ВКОП 114-192-1214;ВКОП 114;1140;899 - 6791;485 - 665;220;66;60934;;;
1215;ВО;ВО 84-120-1215;ВО 84;840;1262 - 11052;55 - 1438;4717;106;132841;1000;[1388, 0.02, -1.2722733803770914e-05];[0, 0.0002, -1e-08]
1216;Ц;Ц 101-133-1216;Ц 101;1010;1279 - 3169;195 - 926;491;85;87578;2900;[926, 0, -7.279019763982515e-05];[0, 0.0002, -1e-08]
1217;ВКОП;ВКОП 25-184-1217;ВКОП 25;250;620 - 10018;375 - 750;4403;65;180016;;;
1218;ВО;ВО 92-185-1218;ВО 92;920;1123 - 5095;931 - 1394;3196;61;169056;;;
1219;ВР;ВР 27-101-1219;ВР 27;270;571 - 1877;628 - 1241;3461;75;22458;2900;[1241, 0, -0.00017399306128160506];[0, 0.0002, -1e-08]
1220;УВО;УВО 75-136-1220;УВО 75;750;812 - 8733;558 - 1370;4588;92;160055;1000;[1320, 0.02, -1.228160297143829e-05];[0, 0.0002, -1e-08]
1221;ВР;ВР 114-103-1221;ВР 114;1140;1452 - 11033;295 - 743;3457;76;159520;2900;[743, 0, -3.680364031378422e-06];[0, 0.0002, -1e-08]
1222;ВЦ;ВЦ 40-139-1222;ВЦ 40;400;1648 - 7202;408 - 624;1949;92;70565;;;
1223;ВР;ВР 82-123-1223;ВР 82;820;1718 - 8427;727 - 1463;4894;105;26173;1000;[1463, 0, -1.0364105531434368e-05];[0, 0.0002, -1e-08]
1224;ВР;ВР 31-157-1224;ВР 31;310;951 - 6203;166 - 998;3041;102;19583;1000;[998, 0, -2.1623189977214823e-05];[0, 0.0002, -1e-08]
1225;УВО;УВО 65-111-1225;УВО 65;650;1194 - 4309;611 - 1486;3419;93;141629;;;
1226;Ц;Ц 49-117-1226;Ц 49;490;1062 - 4246;194 - 1237;1287;91;135409;2900;[1237, 0, -5.785279276452926e-05];[0, 0.0002, -1e-08]
1227;ВО;ВО 84-197-1227;ВО 84;840;563 - 5980;458 - 944;4632;99;166251;1450;[894, 0.02, -1.5536738962651424e-05];[0, 0.0002, -1e-08]
1228;УВО;УВО 101-151-1228;УВО 101;1010;1067 - 6983;559 - 1371;1293;85;137596;;;
1229;Ц;Ц 95-124-1229;Ц 95;950;1502 - 9269;880 - 1155;3008;99;175663;2900;[1155, 0, -3.200861844273043e-06];[0, 0.0002, -1e-08]
1230;ВКОП;ВКОП 23-122-1230;ВКОП 23;230;1136 - 9819;433 - 1360;254;81;13612;2900;[1310, 0.02, -1.1133173543282306e-05];[0, 0.0002, -1e-08]
1231;ВР;ВР 103-188-1231;ВР 103;1030;1829 - 9087;536 - 1354;4447;109;30372;;;
1232;ВО;ВО 104-186-1232;ВО 104;1040;865 - 6747;440 - 1498;600;87;140679;1000;[1448, 0.02, -2.510741562394577e-05];[0, 0.0002, -1e-08]
1233;ВКОП;ВКОП 96-172-1233;ВКОП 96;960;1811 - 9301;331 - 470;1914;71;150807;;;
1234;ВР;ВР 90-141-1234;ВР 90;900;1786 - 11652;127 - 306;2022;101;148731;1450;[306, 0, -1.3184148287522027e-06];[0, 0.0002, -1e-08]
1235;ВО;ВО 93-128-1235;ВО 93;930;1735 - 6803;218 - 309;3491;70;110171;2900;[259, 0.02, -3.825775819951635e-06];[0, 0.0002, -1e-08]
1236;Ц;Ц 50-136-1236;Ц 50;500;1139 - 2347;851 - 1285;2627;73;35621;;;
1237;Ц;Ц 59-119-1237;Ц 59;590;1821 - 11617;649 - 940;1930;72;40802;;;
1238;ВКОП;ВКОП 65-104-1238;ВКОП 65;650;1834 - 2842;509 - 1281;1617;84;105852;1000;[1231, 0.02, -9.642732095871667e-05];[0, 0.0002, -1e-08]
1239;УВО;УВО 119-119-1239;УВО 119;1190;1107 - 2898;597 - 994;1911;63;72401;1000;[944, 0.02, -4.8218685359742155e-05];[0, 0.0002, -1e-08]
1240;ВКОП;ВКОП 111-130-1240;ВКОП 111;1110;953 - 10244;170 - 712;2411;103;108661;1000;[662, 0.02, -6.640776456263348e-06];[0, 0.0002, -1e-08]
1241;УВО;УВО 108-144-1241;УВО 108;1080;1277 - 4624;371 - 431;3514;97;94022;;;
1242;Ц;Ц 96-165-1242;Ц 96;960;644 - 4031;772 - 1425;2737;66;16091;1000;[1425, 0, -4.01871848913909e-05];[0, 0.0002, -1e-08]
1243;Ц;Ц 112-142-1243;Ц 112;1120;1597 - 11236;149 - 540;2048;68;29933;2900;[540, 0, -3.0970862232606605e-06];[0, 0.0002, -1e-08]
1244;ВКОП;ВКОП 33-170-1244;ВКОП 33;330;1316 - 10947;689 - 1064;881;75;146070;1450;[1014, 0.02, -4.539006041123809e-06];[0, 0.0002, -1e-08]
1245;ВЦ;ВЦ 111-122-1245;ВЦ 111;1110;1802 - 7033;644 - 748;654;64;140845;1000;[748, 0, -2.102577944535571e-06];[0, 0.0002, -1e-08]
1246;ВКОП;ВКОП 33-119-1246;ВКОП 33;330;651 - 7876;556 - 620;3326;93;18176;;;
1247;ВЦ;ВЦ 116-173-1247;ВЦ 116;1160;1213 - 10469;837 - 1009;1827;62;148691;;;
1248;УВО;УВО 73-111-1248;УВО 73;730;1118 - 7960;269 - 729;1675;76;62613;;;
1249;Ц;Ц 73-143-1249;Ц 73;730;1062 - 4847;194 - 1043;1962;70;75847;;;
1250;Ц;Ц 51-178-1250;Ц 51;510;549 - 6827;1270 - 1344;1892;78;159484;;;
1251;ВЦ;ВЦ 66-195-1251;ВЦ 66;660;943 - 10825;405 - 1459;2290;104;72657;2900;[1459, 0, -8.99466102011318e-06];[0, 0.0002, -1e-08]
1252;Ц;Ц 38-165-1252;Ц 38;380;1130 - 8100;948 - 1393;3069;109;80202;1450;[1393, 0, -6.7825026672763296e-06];[0, 0.0002, -1e-08]
1253;ВО;ВО 111-184-1253;ВО 111;1110;1674 - 8964;745 - 1047;4785;89;198435;;;
1254;УВО;УВО 76-128-1254;УВО 76;760;1547 - 9630;414 - 1168;3403;67;61489;;;
1255;ВЦ;ВЦ 29-117-1255;ВЦ 29;290;1190 - 5725;61 - 815;3617;73;52813;1000;[815, 0, -2.3004900745599817e-05];[0, 0.0002, -1e-08]
1256;УВО;УВО 31-121-1256;УВО 31;310;1660 - 9354;481 - 534;2955;82;182356;1000;[484, 0.02, -2.1724094942523723e-06];[0, 0.0002, -1e-08]
1257;Ц;Ц 96-193-1257;Ц 96;960;636 - 5582;264 - 623;3642;78;50941;1000;[623, 0, -1.1521652812226843e-05];[0, 0.0002, -1e-08]
1258;ВЦ;ВЦ 23-100-1258;ВЦ 23;230;862 - 7932;374 - 461;1808;107;42531;1450;[461, 0, -1.382782394681571e-06];[0, 0.0002, -1e-08]
1259;ВО;ВО 60-139-1259;ВО 60;600;521 - 8623;267 - 578;4041;84;105498;2900;[528, 0.02, -5.829512722481829e-06];[0, 0.0002, -1e-08]
1260;ВР;ВР 102-197-1260;ВР 102;1020;1920 - 4951;541 - 598;3670;92;187307;;;
1261;УВО;УВО 98-116-1261;УВО 98;980;1167 - 6422;846 - 1088;4106;72;121804;2900;[1038, 0.02, -7.769733459637975e-06];[0, 0.0002, -1e-08]
1262;ВО;ВО 67-137-1262;ВО 67;670;892 - 3430;168 - 815;4916;86;38819;1450;[765, 0.02, -5.6575066511402566e-05];[0, 0.0002, -1e-08]
1263;ВР;ВР 75-157-1263;ВР 75;750;1531 - 11372;338 - 1209;2894;98;131986;1000;[1209, 0, -6.735106275182802e-06];[0, 0.0002, -1e-08]
1264;Ц;Ц 40-112-1264;Ц 40;400;647 - 9639;431 - 875;1939;96;78749;1450;[875, 0, -4.778801700620537e-06];[0, 0.0002, -1e-08]
1265;Ц;Ц 67-188-1265;Ц 67;670;1623 - 10292;1264 - 1434;2333;83;14793;;;
1266;ВЦ;ВЦ 106-143-1266;ВЦ 106;1060;1565 - 7128;107 - 1441;1117;106;51810;1450;[1441, 0, -2.6255509326964622e-05];[0, 0.0002, -1e-08]
1267;ВКОП;ВКОП 106-122-1267;ВКОП 106;1060;914 - 9190;567 - 882;753;73;12383;;;
1268;ВКОП;ВКОП 93-122-1268;ВКОП 93;930;1101 - 4714;148 - 344;2861;87;38578;2900;[294, 0.02, -1.0812807389645734e-05];[0, 0.0002, -1e-08]
1269;Ц;Ц 29-120-1269;Ц 29;290;1086 - 8410;296 - 703;2815;102;44364;2900;[703, 0, -5.754431407036242e-06];[0, 0.0002, -1e-08]
1270;ВО;ВО 80-130-1270;ВО 80;800;688 - 3738;414 - 1452;3063;84;183428;2900;[1402, 0.02, -7.606004990895066e-05];[0, 0.0002, -1e-08]
1271;ВЦ;ВЦ 94-178-1271;ВЦ 94;940;1171 - 6963;310 - 1266;2610;110;85533;;;
1272;ВР;ВР 46-187-1272;ВР 46;460;1749 - 11563;844 - 1373;4515;80;135729;;;
1273;ВКОП;ВКОП 90-171-1273;ВКОП 90;900;1458 - 7025;1185 - 1300;1243;66;24336;;;
1274;ВР;ВР 63-168-1274;ВР 63;630;673 - 8479;323 - 822;3728;101;130269;;;
1275;УВО;УВО 70-162-1275;УВО 70;700;791 - 6560;238 - 458;618;76;28206;2900;[408, 0.02, -6.999182034503272e-06];[0, 0.0002, -1e-08]
1276;ВО;ВО 45-171-1276;ВО 45;450;1604 - 4133;576 - 1326;3916;70;102055;2900;[1276, 0.02, -4.581865411552687e-05];[0, 0.0002, -1e-08]
1277;ВО;ВО 58-124-1277;ВО 58;580;777 - 8171;490 - 541;4913;77;62998;1000;[491, 0.02, -2.4626586759418725e-06];[0, 0.0002, -1e-08]
1278;ВЦ;ВЦ 20-110-1278;ВЦ 20;200;505 - 4327;744 - 888;1606;103;102877;1450;[888, 0, -7.691104313860294e-06];[0, 0.0002, -1e-08]
1279;Ц;Ц 68-189-1279;Ц 68;680;1155 - 6964;254 - 690;418;107;77406;;;
1280;Ц;Ц 75-130-1280;Ц 75;750;954 - 6542;868 - 929;2766;74;115544;2900;[929, 0, -1.4253081072179378e-06];[0, 0.0002, -1e-08]
1281;ВЦ;ВЦ 40-137-1281;ВЦ 40;400;1924 - 3947;678 - 1419;1111;101;38316;;;
1282;ВР;ВР 52-154-1282;ВР 52;520;1328 - 4186;761 - 889;3975;80;45272;1000;[889, 0, -7.304853687204795e-06];[0, 0.0002, -1e-08]
1283;ВЦ;ВЦ 111-154-1283;ВЦ 111;1110;702 - 10417;408 - 1116;1603;74;105174;1450;[1116, 0, -6.524510424651724e-06];[0, 0.0002, -1e-08]
1284;Ц;Ц 61-118-1284;Ц 61;610;1831 - 5231;493 - 1310;3481;66;75711;1000;[1310, 0, -2.9857443316265132e-05];[0, 0.0002, -1e-08]
1285;ВКОП;ВКОП 82-141-1285;ВКОП 82;820;1341 - 2907;94 - 796;1650;91;56698;2900;[746, 0.02, -8.403378249410193e-05];[0, 0.0002, -1e-08]
1286;ВО;ВО 107-191-1286;ВО 107;1070;632 - 7165;1208 - 1285;4136;63;126842;2900;[1235, 0.02, -3.317280978860856e-06];[0, 0.0002, -1e-08]
1287;Ц;Ц 74-124-1287;Ц 74;740;855 - 9665;125 - 1039;2044;98;113055;;;
1288;ВР;ВР 94-134-1288;ВР 94;940;1459 - 2499;541 - 848;3659;88;162837;;;
1289;ВЦ;ВЦ 72-136-1289;ВЦ 72;720;1418 - 6995;337 - 591;1234;82;94605;1000;[591, 0, -5.1910866589583795e-06];[0, 0.0002, -1e-08]
1290;ВЦ;ВЦ 115-127-1290;ВЦ 115;1150;1375 - 3297;128 - 676;2894;67;56885;;;
1291;ВР;ВР 29-100-1291;ВР 29;290;819 - 9915;218 - 764;909;102;142428;1450;[764, 0, -5.554017011465841e-06];[0, 0.0002, -1e-08]
1292;ВР;ВР 42-122-1292;ВР 42;420;689 - 10482;502 - 791;2755;63;127380;;;
1293;ВР;ВР 32-104-1293;ВР 32;320;1625 - 5114;174 - 402;3904;100;91626;;;
1294;ВО;ВО 85-152-1294;ВО 85;850;894 - 10491;117 - 326;3989;94;98889;1000;[276, 0.02, -3.3510483147080847e-06];[0, 0.0002, -1e-08]
1295;Ц;Ц 79-147-1295;Ц 79;790;1914 - 6971;790 - 1253;167;67;127297;;;
1296;ВО;ВО 83-141-1296;ВО 83;830;1551 - 5869;212 - 305;3056;64;181682;;;
1297;ВЦ;ВЦ 112-130-1297;ВЦ 112;1120;669 - 8356;325 - 980;1835;105;104655;1450;[980, 0, -9.380898508474374e-06];[0, 0.0002, -1e-08]
1298;ВО;ВО 96-103-1298;ВО 96;960;652 - 7256;468 - 573;1951;60;110347;1450;[523, 0.02, -3.80098316535971e-06];[0, 0.0002, -1e-08]
1299;ВР;ВР 67-185-1299;ВР 67;670;1710 - 10395;137 - 603;1606;110;182258;;;
1300;ВР;ВР 95-188-1300;ВР 95;950;1520 - 8281;369 - 837;627;68;14130;;;
1301;УВО;УВО 92-106-1301;УВО 92;920;881 - 9920;1029 - 1275;2809;63;46946;2900;[1225, 0.02, -4.007869406867846e-06];[0, 0.0002, -1e-08]
1302;ВР;ВР 112-127-1302;ВР 112;1120;1527 - 8574;263 - 381;4249;91;51812;2900;[381, 0, -1.6051478779210495e-06];[0, 0.0002, -1e-08]
1303;УВО;УВО 50-166-1303;УВО 50;500;1690 - 3859;398 - 1343;3412;103;65148;;;
1304;Ц;Ц 98-183-1304;Ц 98;980;662 - 3043;450 - 1141;2195;61;44435;2900;[1141, 0, -7.462324709614595e-05];[0, 0.0002, -1e-08]
1305;Ц;Ц 79-189-1305;Ц 79;790;1521 - 7391;263 - 443;4605;68;17458;;;
1306;ВЦ;ВЦ 62-152-1306;ВЦ 62;620;1980 - 9114;878 - 1453;4411;100;61999;1450;[1453, 0, -6.922290106412574e-06];[0, 0.0002, -1e-08]
1307;ВР;ВР 114-140-1307;ВР 114;1140;656 - 5121;631 - 1423;1507;63;45458;1450;[1423, 0, -3.020060408071935e-05];[0, 0.0002, -1e-08]
1308;УВО;УВО 49-145-1308;УВО 49;490;1669 - 5021;228 - 496;2783;90;97444;;;
1309;Ц;Ц 57-114-1309;Ц 57;570;1867 - 8475;188 - 328;4397;73;79124;1450;[328, 0, -1.949165078619225e-06];[0, 0.0002, -1e-08]
1310;ВЦ;ВЦ 79-129-1310;ВЦ 79;790;1790 - 8844;1246 - 1374;1460;70;155276;2900;[1374, 0, -1.6364867819939814e-06];[0, 0.0002, -1e-08]
1311;Ц;Ц 87-138-1311;Ц 87;870;1563 - 2896;301 - 920;1479;63;168406;2900;[920, 0, -7.38063169622417e-05];[0, 0.0002, -1e-08]
1312;УВО;УВО 31-167-1312;УВО 31;310;1733 - 10288;83 - 918;870;110;110425;;;
1313;ВКОП;ВКОП 61-134-1313;ВКОП 61;610;1195 - 7412;561 - 1264;4094;109;39973;1450;[1214, 0.02, -1.4584508603047115e-05];[0, 0.0002, -1e-08]
1314;ВКОП;ВКОП 99-191-1314;ВКОП 99;990;823 - 9641;337 - 434;4900;76;182342;;;
1315;Ц;Ц 109-130-1315;Ц 109;1090;1398 - 3080;533 - 796;2807;82;120583;;;
1316;ВР;ВР 40-111-1316;ВР 40;400;1582 - 3482;453 - 1142;2639;110;178430;1000;[1142, 0, -5.682791057051923e-05];[0, 0.0002, -1e-08]
1317;ВЦ;ВЦ 98-154-1317;ВЦ 98;980;1815 - 9363;518 - 1491;553;88;196454;;;
1318;ВЦ;ВЦ 92-194-1318;ВЦ 92;920;673 - 5656;572 - 1477;476;102;144774;1000;[1477, 0, -2.8289793517642328e-05];[0, 0.0002, -1e-08]
1319;ВО;ВО 117-114-1319;ВО 117;1170;1897 - 4240;310 - 393;1332;99;51062;1000;[343, 0.02, -6.552598789604841e-06];[0, 0.0002, -1e-08]
1320;Ц;Ц 21-183-1320;Ц 21;210;509 - 2138;562 - 885;861;60;52129;1450;[885, 0, -7.066219445710871e-05];[0, 0.0002, -1e-08]
1321;ВО;ВО 76-164-1321;ВО 76;760;1377 - 10961;609 - 914;1855;92;12396;;;
1322;ВКОП;ВКОП 93-118-1322;ВКОП 93;930;748 - 6336;755 - 1315;2739;67;128589;;;
1323;УВО;УВО 22-156-1323;УВО 22;220;1768 - 11155;65 - 305;1579;80;122825;;;
1324;Ц;Ц 62-196-1324;Ц 62;620;1644 - 9741;655 - 1206;2093;71;30654;2900;[1206, 0, -5.806902206212877e-06];[0, 0.0002, -1e-08]
1325;ВЦ;ВЦ 60-166-1325;ВЦ 60;600;1159 - 10296;385 - 530;4385;86;187041;;;
1326;ВО;ВО 29-125-1326;ВО 29;290;1140 - 2309;1022 - 1308;688;104;85282;1000;[1258, 0.02, -5.2927132254621185e-05];[0, 0.0002, -1e-08]
1327;ВЦ;ВЦ 73-130-1327;ВЦ 73;730;1061 - 5756;67 - 704;483;102;199582;;;
1328;ВО;ВО 108-110-1328;ВО 108;1080;925 - 3556;674 - 1468;1835;67;101180;;;
1329;ВЦ;ВЦ 54-135-1329;ВЦ 54;540;969 - 6616;142 - 637;949;104;181819;1450;[637, 0, -1.1308739649875938e-05];[0, 0.0002, -1e-08]
1330;ВЦ;ВЦ 117-115-1330;ВЦ 117;1170;1052 - 6798;155 - 1483;4037;68;39272;;;
1331;Ц;Ц 55-143-1331;Ц 55;550;1240 - 7875;589 - 1378;4448;105;174695;1000;[1378, 0, -1.272260015117158e-05];[0, 0.0002, -1e-08]
1332;ВО;ВО 47-176-1332;ВО 47;470;1023 - 7907;61 - 827;1570;106;26578;2900;[777, 0.02, -1.3981620696227897e-05];[0, 0.0002, -1e-08]
1333;ВО;ВО 110-165-1333;ВО 110;1100;1291 - 10568;573 - 1280;2862;60;67641;2900;[1230, 0.02, -7.77524711453771e-06];[0, 0.0002, -1e-08]
1334;Ц;Ц 39-142-1334;Ц 39;390;1290 - 7840;116 - 1137;2143;69;131734;1000;[1137, 0, -1.661091732611412e-05];[0, 0.0002, -1e-08]
1335;ВКОП;ВКОП 113-143-1335;ВКОП 113;1130;1764 - 6686;54 - 719;4822;71;115316;1000;[669, 0.02, -1.6748915432114948e-05];[0, 0.0002, -1e-08]
1336;УВО;УВО 63-179-1336;УВО 63;630;1322 - 4074;214 - 884;3825;86;106280;1450;[834, 0.02, -4.226425752927734e-05];[0, 0.0002, -1e-08]
1337;ВО;ВО 99-150-1337;ВО 99;990;1536 - 4132;399 - 929;572;78;77384;1000;[879, 0.02, -3.295413972030449e-05];[0, 0.0002, -1e-08]
1338;ВР;ВР 92-115-1338;ВР 92;920;1652 - 4517;238 - 518;3355;77;138151;;;
1339;ВО;ВО 57-136-1339;ВО 57;570;855 - 5048;782 - 1310;3561;63;98483;1450;[1260, 0.02, -2.272008057042252e-05];[0, 0.0002, -1e-08]
1340;УВО;УВО 73-170-1340;УВО 73;730;1072 - 5565;1125 - 1439;484;97;22436;1000;[1389, 0.02, -1.2118482138316345e-05];[0, 0.0002, -1e-08]
1341;ВКОП;ВКОП 94-137-1341;ВКОП 94;940;1901 - 3402;1242 - 1398;1017;83;31658;1000;[1348, 0.02, -1.5037666745812283e-05];[0, 0.0002, -1e-08]
1342;УВО;УВО 80-122-1342;УВО 80;800;1237 - 5772;251 - 596;598;107;156204;;;
1343;ВЦ;ВЦ 50-193-1343;ВЦ 50;500;886 - 2838;274 - 513;2530;78;70005;;;
1344;ВР;ВР 23-151-1344;ВР 23;230;871 - 3729;191 - 345;2450;82;132368;1450;[345, 0, -1.1074801583063781e-05];[0, 0.0002, -1e-08]
1345;ВКОП;ВКОП 75-152-1345;ВКОП 75;750;1483 - 9396;372 - 445;640;98;104648;2900;[395, 0.02, -2.389085797041249e-06];[0, 0.0002, -1e-08]
1346;ВО;ВО 21-180-1346;ВО 21;210;1411 - 7349;709 - 811;4456;107;50987;1450;[761, 0.02, -3.6842825724380074e-06];[0, 0.0002, -1e-08]
1347;ВЦ;ВЦ 112-165-1347;ВЦ 112;1120;958 - 6007;172 - 933;400;82;80125;;;
1348;ВЦ;ВЦ 104-147-1348;ВЦ 104;1040;508 - 8971;514 - 738;2335;61;77988;;;
1349;ВО;ВО 120-187-1349;ВО 120;1200;1007 - 10650;380 - 1123;2947;71;10981;;;
1350;ВЦ;ВЦ 36-195-1350;ВЦ 36;360;1600 - 3357;107 - 920;3705;75;194906;;;
1351;ВЦ;ВЦ 104-180-1351;ВЦ 104;1040;1654 - 3841;981 - 1065;2175;83;62146;;;
1352;Ц;Ц 88-115-1352;Ц 88;880;1613 - 6654;88 - 1056;3824;71;197472;;;
1353;ВЦ;ВЦ 31-110-1353;ВЦ 31;310;774 - 3309;273 - 1297;874;89;199148;1000;[1297, 0, -9.352041434657953e-05];[0, 0.0002, -1e-08]
1354;ВО;ВО 85-166-1354;ВО 85;850;675 - 3573;164 - 1182;2208;92;37140;;;
1355;ВЦ;ВЦ 23-115-1355;ВЦ 23;230;1570 - 10869;337 - 459;563;101;77583;1450;[459, 0, -1.0327153996090969e-06];[0, 0.0002, -1e-08]
1356;ВКОП;ВКОП 28-136-1356;ВКОП 28;280;1135 - 2291;369 - 1194;2775;64;91266;;;
1357;ВКОП;ВКОП 104-199-1357;ВКОП 104;1040;1229 - 4065;329 - 527;4036;73;196376;2900;[477, 0.02, -1.3876596330538952e-05];[0, 0.0002, -1e-08]
1358;УВО;УВО 97-167-1358;УВО 97;970;1092 - 8479;1255 - 1393;1697;87;101204;1450;[1343, 0.02, -3.5828024979357998e-06];[0, 0.0002, -1e-08]
1359;ВР;ВР 90-178-1359;ВР 90;900;1449 - 3254;67 - 576;2075;81;143473;;;
1360;ВО;ВО 64-175-1360;ВО 64;640;539 - 4165;1209 - 1267;648;62;27472;;;
1361;ВО;ВО 69-156-1361;ВО 69;690;1614 - 3085;617 - 1177;3145;108;183475;;;
1362;ВЦ;ВЦ 75-145-1362;ВЦ 75;750;1361 - 6339;97 - 674;2470;84;199079;;;
1363;ВР;ВР 34-112-1363;ВР 34;340;1304 - 10848;404 - 1325;4300;87;105805;1000;[1325, 0, -7.826368222518077e-06];[0, 0.0002, -1e-08]
1364;ВЦ;ВЦ 89-153-1364;ВЦ 89;890;822 - 9316;122 - 1369;3746;72;119704;;;
1365;УВО;УВО 66-184-1365;УВО 66;660;1651 - 3800;156 - 355;1285;84;59007;1000;[305, 0.02, -1.5581717451523547e-05];[0, 0.0002, -1e-08]
1366;ВО;ВО 88-125-1366;ВО 88;880;1286 - 3097;371 - 463;4579;71;187509;;;
1367;ВР;ВР 30-127-1367;ВР 30;300;1559 - 9982;532 - 1267;151;76;134575;1000;[1267, 0, -7.3765316138474215e-06];[0, 0.0002, -1e-08]
1368;ВО;ВО 57-100-1368;ВО 57;570;1144 - 5734;235 - 434;2571;73;186131;1000;[384, 0.02, -8.019768144512523e-06];[0, 0.0002, -1e-08]
1369;ВО;ВО 68-153-1369;ВО 68;680;1195 - 9287;129 - 325;4741;70;161228;;;
1370;ВР;ВР 27-169-1370;ВР 27;270;1939 - 10780;416 - 1338;479;66;72611;;;
1371;УВО;УВО 48-178-1371;УВО 48;480;1814 - 9417;517 - 1357;1071;96;19387;;;
1372;Ц;Ц 84-114-1372;Ц 84;840;765 - 7712;389 - 652;1777;110;58161;;;
1373;ВО;ВО 23-106-1373;ВО 23;230;1235 - 10390;481 - 757;4167;82;53416;2900;[707, 0.02, -4.0184489231798175e-06];[0, 0.0002, -1e-08]
1374;Ц;Ц 91-116-1374;Ц 91;910;1432 - 5115;777 - 982;4476;70;65339;;;
1375;УВО;УВО 39-131-1375;УВО 39;390;1435 - 8922;53 - 1219;4557;93;140954;1450;[1169, 0.02, -1.6261383307502352e-05];[0, 0.0002, -1e-08]
1376;ВО;ВО 78-141-1376;ВО 78;780;1724 - 4093;135 - 508;3653;68;186222;1000;[458, 0.02, -2.4166924287615648e-05];[0, 0.0002, -1e-08]
1377;ВР;ВР 83-116-1377;ВР 83;830;1822 - 11686;495 - 780;4625;102;24322;1450;[780, 0, -2.086955054662259e-06];[0, 0.0002, -1e-08]
1378;Ц;Ц 76-184-1378;Ц 76;760;577 - 4802;275 - 618;2153;60;111131;1450;[618, 0, -1.4874754566549652e-05];[0, 0.0002, -1e-08]
1379;Ц;Ц 114-124-1379;Ц 114;1140;955 - 9197;1298 - 1375;4182;79;169643;;;
1380;УВО;УВО 112-188-1380;УВО 112;1120;748 - 4222;671 - 1459;620;69;121222;;;
1381;Ц;Ц 95-123-1381;Ц 95;950;1079 - 3652;1013 - 1433;1589;87;57065;1450;[1433, 0, -3.1491094318526724e-05];[0, 0.0002, -1e-08]
1382;ВО;ВО 88-170-1382;ВО 88;880;1637 - 2669;88 - 459;272;62;50595;1000;[409, 0.02, -5.255517570495992e-05];[0, 0.0002, -1e-08]
1383;ВКОП;ВКОП 105-199-1383;ВКОП 105;1050;1764 - 8343;298 - 677;4227;106;20230;1000;[627, 0.02, -7.123847088905098e-06];[0, 0.0002, -1e-08]
1384;ВЦ;ВЦ 50-167-1384;ВЦ 50;500;790 - 9065;212 - 709;2419;81;98712;2900;[709, 0, -6.048125187672899e-06];[0, 0.0002, -1e-08]
1385;ВО;ВО 83-122-1385;ВО 83;830;1398 - 7585;514 - 691;2396;60;183389;1450;[641, 0.02, -4.844241640228586e-06];[0, 0.0002, -1e-08]
1386;УВО;УВО 98-159-1386;УВО 98;980;509 - 5816;252 - 378;3296;87;56019;;;
1387;ВКОП;ВКОП 97-105-1387;ВКОП 97;970;1444 - 7045;332 - 961;3917;80;149132;;;
1388;ВЦ;ВЦ 81-189-1388;ВЦ 81;810;1743 - 11276;137 - 667;3412;92;30016;;;
1389;УВО;УВО 21-103-1389;УВО 21;210;1276 - 4283;335 - 1086;120;66;23277;;;
1390;УВО;УВО 75-117-1390;УВО 75;750;1390 - 6935;477 - 787;1061;90;91303;;;
1391;ВЦ;ВЦ 64-191-1391;ВЦ 64;640;700 - 2668;276 - 1068;1624;101;16568;1000;[1068, 0, -0.00011126370847559729];[0, 0.0002, -1e-08]
1392;УВО;УВО 110-138-1392;УВО 110;1100;628 - 3541;996 - 1349;3902;92;19451;1450;[1299, 0.02, -2.9813343205716773e-05];[0, 0.0002, -1e-08]
1393;ВЦ;ВЦ 27-103-1393;ВЦ 27;270;953 - 10675;351 - 419;4020;66;134153;2900;[419, 0, -5.967235053118265e-07];[0, 0.0002, -1e-08]
1394;УВО;УВО 106-193-1394;УВО 106;1060;1858 - 6172;533 - 663;1741;62;50098;1450;[613, 0.02, -5.340531885894486e-06];[0, 0.0002, -1e-08]
1395;ВР;ВР 95-154-1395;ВР 95;950;1200 - 6594;833 - 1388;222;65;138847;;;
1396;ВЦ;ВЦ 43-127-1396;ВЦ 43;430;1565 - 7511;392 - 1109;1513;92;67526;;;
1397;Ц;Ц 60-146-1397;Ц 60;600;526 - 9390;422 - 1415;3204;76;49213;1450;[1415, 0, -1.1262065891591559e-05];[0, 0.0002, -1e-08]
1398;Ц;Ц 105-198-1398;Ц 105;1050;1444 - 10123;57 - 686;2552;85;33315;2900;[686, 0, -6.138074732260157e-06];[0, 0.0002, -1e-08]
1399;ВЦ;ВЦ 51-132-1399;ВЦ 51;510;1054 - 2153;893 - 1102;4194;81;13355;2900;[1102, 0, -4.5087715021479224e-05];[0, 0.0002, -1e-08]
1400;ВЦ;ВЦ 77-114-1400;ВЦ 77;770;846 - 8010;355 - 606;3185;86;17613;1000;[606, 0, -3.912088665697217e-06];[0, 0.0002, -1e-08]
1401;ВО;ВО 78-182-1401;ВО 78;780;831 - 4150;973 - 1131;581;96;58472;1450;[1081, 0.02, -1.1090143707359559e-05];[0, 0.0002, -1e-08]
1402;ВО;ВО 92-166-1402;ВО 92;920;900 - 5996;115 - 933;4833;82;178659;;;
1403;УВО;УВО 26-199-1403;УВО 26;260;1278 - 2542;175 - 300;209;64;12391;;;
1404;Ц;Ц 84-116-1404;Ц 84;840;1984 - 4094;326 - 852;1350;64;82529;;;
1405;ВО;ВО 80-137-1405;ВО 80;800;1147 - 10541;225 - 533;1941;97;139868;1000;[483, 0.02, -4.219320385222277e-06];[0, 0.0002, -1e-08]
1406;ВО;ВО 54-136-1406;ВО 54;540;1245 - 6306;656 - 778;1478;95;178937;;;
1407;Ц;Ц 96-144-1407;Ц 96;960;1628 - 11414;309 - 516;4037;73;113479;2900;[516, 0, -1.5888928438077807e-06];[0, 0.0002, -1e-08]
1408;ВКОП;ВКОП 35-158-1408;ВКОП 35;350;635 - 7727;512 - 808;2598;77;77064;;;
1409;ВО;ВО 100-183-1409;ВО 100;1000;655 - 7163;50 - 1215;3919;61;48989;;;
1410;ВЦ;ВЦ 58-143-1410;ВЦ 58;580;849 - 3372;393 - 1482;2202;83;76810;2900;[1482, 0, -9.577512949430731e-05];[0, 0.0002, -1e-08]
1411;УВО;УВО 24-200-1411;УВО 24;240;1680 - 6377;198 - 356;501;107;47881;;;
1412;Ц;Ц 105-120-1412;Ц 105;1050;1472 - 4355;505 - 707;1533;67;14547;;;
1413;УВО;УВО 87-151-1413;УВО 87;870;1185 - 10378;1067 - 1324;522;102;40725;;;
1414;Ц;Ц 63-200-1414;Ц 63;630;817 - 3671;296 - 368;3103;61;19095;1000;[368, 0, -5.3427361532047404e-06];[0, 0.0002, -1e-08]
1415;УВО;УВО 29-197-1415;УВО 29;290;1523 - 10534;347 - 1238;2843;81;23635;1000;[1188, 0.02, -9.477569697644547e-06];[0, 0.0002, -1e-08]
1416;ВЦ;ВЦ 58-103-1416;ВЦ 58;580;1540 - 7580;1001 - 1487;850;105;85293;;;
1417;Ц;Ц 109-120-1417;Ц 109;1090;513 - 2703;1042 - 1273;2858;62;104320;2900;[1273, 0, -3.161694388977923e-05];[0, 0.0002, -1e-08]
1418;ВО;ВО 87-130-1418;ВО 87;870;633 - 6703;220 - 803;4756;94;189143;;;
1419;Ц;Ц 67-129-1419;Ц 67;670;1877 - 10142;262 - 525;1322;83;76915;1000;[525, 0, -2.556869343509894e-06];[0, 0.0002, -1e-08]
1420;УВО;УВО 59-129-1420;УВО 59;590;611 - 10499;1126 - 1495;3629;74;74848;;;
1421;Ц;Ц 117-125-1421;Ц 117;1170;531 - 9938;223 - 685;3468;74;104519;1000;[685, 0, -4.677825217090578e-06];[0, 0.0002, -1e-08]
1422;УВО;УВО 101-186-1422;УВО 101;1010;1375 - 6758;418 - 602;1187;85;92713;2900;[552, 0.02, -5.893511628190096e-06];[0, 0.0002, -1e-08]
1423;ВР;ВР 76-187-1423;ВР 76;760;1641 - 8291;272 - 1489;4977;79;135242;;;
1424;ВКОП;ВКОП 40-157-1424;ВКОП 40;400;1709 - 9649;263 - 1441;4636;104;188675;;;
1425;Ц;Ц 26-118-1425;Ц 26;260;803 - 10022;119 - 492;3140;100;60236;;;
1426;ВКОП;ВКОП 65-186-1426;ВКОП 65;650;1950 - 8951;1115 - 1197;2015;106;176491;2900;[1147, 0.02, -2.6337861189686257e-06];[0, 0.0002, -1e-08]
1427;ВО;ВО 81-111-1427;ВО 81;810;545 - 4278;240 - 547;953;92;150748;1450;[497, 0.02, -1.8717812367700538e-05];[0, 0.0002, -1e-08]
1428;ВКОП;ВКОП 28-151-1428;ВКОП 28;280;1211 - 5961;403 - 1271;3024;73;143319;;;
1429;ВР;ВР 79-161-1429;ВР 79;790;1441 - 8922;716 - 1012;1217;76;38378;2900;[1012, 0, -3.7184956112455548e-06];[0, 0.0002, -1e-08]
1430;ВО;ВО 84-171-1430;ВО 84;840;1766 - 8677;305 - 774;904;97;136784;1450;[724, 0.02, -7.870067880829688e-06];[0, 0.0002, -1e-08]
1431;ВР;ВР 94-182-1431;ВР 94;940;901 - 6270;691 - 811;2949;85;14222;1450;[811, 0, -3.052433170791267e-06];[0, 0.0002, -1e-08]
1432;ВЦ;ВЦ 47-110-1432;ВЦ 47;470;643 - 4153;640 - 897;2253;83;80919;1450;[897, 0, -1.4900788866316095e-05];[0, 0.0002, -1e-08]
1433;Ц;Ц 85-132-1433;Ц 85;850;609 - 10437;755 - 1036;2551;90;165360;1000;[1036, 0, -2.5796153525449683e-06];[0, 0.0002, -1e-08]
1434;ВР;ВР 55-131-1434;ВР 55;550;572 - 4970;847 - 919;2960;107;96985;;;
1435;ВЦ;ВЦ 41-100-1435;ВЦ 41;410;1393 - 4649;540 - 1262;1300;82;150738;;;
1436;ВКОП;ВКОП 104-122-1436;ВКОП 104;1040;696 - 9948;203 - 588;490;100;182772;2900;[538, 0.02, -5.395568011157012e-06];[0, 0.0002, -1e-08]
1437;ВЦ;ВЦ 108-130-1437;ВЦ 108;1080;1928 - 6719;844 - 1082;2745;110;130083;2900;[1082, 0, -5.271906204548499e-06];[0, 0.0002, -1e-08]
1438;Ц;Ц 53-165-1438;Ц 53;530;758 - 10335;1111 - 1421;2286;64;53362;;;
1439;ВЦ;ВЦ 54-192-1439;ВЦ 54;540;1169 - 9071;168 - 631;3169;77;153258;;;
1440;ВО;ВО 22-135-1440;ВО 22;220;669 - 2375;653 - 1313;1312;103;151262;1450;[1263, 0.02, -0.00011656509695290858];[0, 0.0002, -1e-08]
1441;ВР;ВР 105-123-1441;ВР 105;1050;1510 - 7213;646 - 1419;4725;70;180000;;;
1442;ВР;ВР 71-194-1442;ВР 71;710;1559 - 5832;653 - 735;2957;61;107881;2900;[735, 0, -2.410897917172367e-06];[0, 0.0002, -1e-08]
1443;УВО;УВО 110-140-1443;УВО 110;1100;1437 - 8982;184 - 334;2263;74;124549;;;
1444;ВКОП;ВКОП 29-135-1444;ВКОП 29;290;511 - 2194;592 - 681;1498;88;110764;1000;[631, 0.02, -1.7217753897469603e-05];[0, 0.0002, -1e-08]
1445;ВР;ВР 41-141-1445;ВР 41;410;1234 - 10656;248 - 429;2515;66;57514;;;
1446;ВР;ВР 27-109-1446;ВР 27;270;1121 - 6427;59 - 1362;3757;102;189181;;;
1447;ВР;ВР 37-176-1447;ВР 37;370;1264 - 8082;520 - 1260;2288;75;198460;;;
1448;ВР;ВР 87-174-1448;ВР 87;870;1934 - 6158;606 - 1179;2586;97;183672;;;
1449;Ц;Ц 62-191-1449;Ц 62;620;1360 - 3382;640 - 1015;2210;64;39586;;;
1450;Ц;Ц 50-173-1450;Ц 50;500;1576 - 9017;839 - 1394;1848;64;105965;2900;[1394, 0, -6.826040234107844e-06];[0, 0.0002, -1e-08]
1451;ВО;ВО 108-132-1451;ВО 108;1080;1652 - 5470;574 - 700;3975;69;35789;;;
1452;ВО;ВО 95-160-1452;ВО 95;950;1588 - 9199;220 - 1354;2202;98;90303;;;
1453;ВО;ВО 54-177-1453;ВО 54;540;1074 - 5979;527 - 1233;4279;78;132416;;;
1454;ВО;ВО 77-154-1454;ВО 77;770;1665 - 8522;339 - 420;141;99;177600;1000;[370, 0.02, -2.7737202236094372e-06];[0, 0.0002, -1e-08]
1455;Ц;Ц 110-178-1455;Ц 110;1100;854 - 7576;213 - 736;2225;108;197324;2900;[736, 0, -9.11216881186518e-06];[0, 0.0002, -1e-08]
1456;ВЦ;ВЦ 49-184-1456;ВЦ 49;490;834 - 8499;128 - 373;3999;65;139068;;;
1457;ВКОП;ВКОП 48-166-1457;ВКОП 48;480;1862 - 10639;79 - 962;535;109;87499;2900;[912, 0.02, -9.239292453149826e-06];[0, 0.0002, -1e-08]
1458;ВР;ВР 66-175-1458;ВР 66;660;1946 - 6969;467 - 650;1387;98;179462;;;
1459;ВКОП;ВКОП 22-199-1459;ВКОП 22;220;1108 - 3842;113 - 323;4270;78;191205;;;
1460;УВО;УВО 54-124-1460;УВО 54;540;781 - 4984;540 - 959;4056;60;103367;1000;[909, 0.02, -1.8867760461083814e-05];[0, 0.0002, -1e-08]
1461;ВКОП;ВКОП 106-192-1461;ВКОП 106;1060;1709 - 9377;71 - 605;3590;95;95015;1450;[555, 0.02, -7.637373928427386e-06];[0, 0.0002, -1e-08]
1462;ВЦ;ВЦ 112-130-1462;ВЦ 112;1120;1204 - 2492;915 - 1112;111;105;33623;;;
1463;Ц;Ц 117-184-1463;Ц 117;1170;1262 - 2643;489 - 590;3442;80;107835;;;
1464;ВР;ВР 108-191-1464;ВР 108;1080;1239 - 6789;295 - 671;1131;99;166092;1450;[671, 0, -8.1578596171651e-06];[0, 0.0002, -1e-08]
1465;УВО;УВО 42-118-1465;УВО 42;420;697 - 8474;341 - 745;3672;84;169834;2900;[695, 0.02, -7.289926916352002e-06];[0, 0.0002, -1e-08]
1466;Ц;Ц 23-105-1466;Ц 23;230;1397 - 8809;597 - 1017;1359;95;40849;2900;[1017, 0, -5.412477081864528e-06];[0, 0.0002, -1e-08]
1467;ВЦ;ВЦ 91-185-1467;ВЦ 91;910;1739 - 9082;297 - 365;3601;94;93015;;;
1468;ВО;ВО 91-139-1468;ВО 91;910;1193 - 11125;185 - 378;3441;69;74745;2900;[328, 0.02, -2.9531624794849136e-06];[0, 0.0002, -1e-08]
1469;ВО;ВО 88-175-1469;ВО 88;880;537 - 7085;146 - 701;625;99;132646;;;
1470;ВЦ;ВЦ 107-160-1470;ВЦ 107;1070;1639 - 8280;939 - 1078;1059;80;187914;;;
1471;ВР;ВР 70-169-1471;ВР 70;700;598 - 3834;602 - 967;3946;96;197889;1000;[967, 0, -2.4830681960734053e-05];[0, 0.0002, -1e-08]
1472;ВЦ;ВЦ 105-103-1472;ВЦ 105;1050;531 - 5366;169 - 363;2857;60;89229;2900;[363, 0, -6.7375250556054196e-06];[0, 0.0002, -1e-08]
1473;УВО;УВО 102-101-1473;УВО 102;1020;1316 - 3350;538 - 1200;4926;94;182975;2900;[1150, 0.02, -6.0503452884829587e-05];[0, 0.0002, -1e-08]
1474;ВР;ВР 84-123-1474;ВР 84;840;1165 - 9231;624 - 1351;387;84;144873;;;
1475;Ц;Ц 26-143-1475;Ц 26;260;1617 - 3935;253 - 553;2706;76;187116;;;
1476;ВО;ВО 35-183-1476;ВО 35;350;1663 - 5640;201 - 1296;4112;104;84514;;;
1477;ВКОП;ВКОП 61-176-1477;ВКОП 61;610;945 - 4705;326 - 491;2935;102;86204;1000;[441, 0.02, -9.445713685556213e-06];[0, 0.0002, -1e-08]
1478;ВО;ВО 54-159-1478;ВО 54;540;1209 - 8723;146 - 1465;4885;60;123654;;;
1479;Ц;Ц 108-159-1479;Ц 108;1080;1691 - 3418;173 - 415;1879;81;127768;1000;[415, 0, -2.07143470991868e-05];[0, 0.0002, -1e-08]
1480;ВКОП;ВКОП 60-124-1480;ВКОП 60;600;1210 - 6407;536 - 664;2426;72;178011;;;
1481;ВЦ;ВЦ 96-143-1481;ВЦ 96;960;1869 - 5972;328 - 1027;3930;67;65049;2900;[1027, 0, -1.9599165383982137e-05];[0, 0.0002, -1e-08]
1482;Ц;Ц 41-193-1482;Ц 41;410;1533 - 11531;427 - 1033;3191;101;56287;;;
1483;ВЦ;ВЦ 101-175-1483;ВЦ 101;1010;1014 - 9663;125 - 344;4424;67;162764;;;
1484;ВР;ВР 22-172-1484;ВР 22;220;1951 - 7622;150 - 1169;3429;78;37513;;;
1485;ВЦ;ВЦ 81-173-1485;ВЦ 81;810;1239 - 3315;864 - 1375;1382;93;195473;;;
1486;ВО;ВО 73-142-1486;ВО 73;730;1140 - 4809;934 - 1051;1835;88;65683;;;
1487;Ц;Ц 82-161-1487;Ц 82;820;1939 - 5158;91 - 654;2472;82;40576;;;
1488;ВКОП;ВКОП 86-119-1488;ВКОП 86;860;1223 - 3239;1042 - 1214;2677;103;147900;2900;[1164, 0.02, -1.780362651426859e-05];[0, 0.0002, -1e-08]
1489;Ц;Ц 115-107-1489;Ц 115;1150;1991 - 7017;457 - 611;1780;80;155566;1000;[611, 0, -3.1276472665408823e-06];[0, 0.0002, -1e-08]
1490;Ц;Ц 69-184-1490;Ц 69;690;1566 - 8473;268 - 573;2894;88;187329;;;
1491;УВО;УВО 92-193-1491;УВО 92;920;1972 - 6761;316 - 541;2158;77;185203;;;
1492;УВО;УВО 55-121-1492;УВО 55;550;1640 - 5024;622 - 684;417;90;177920;;;
1493;ВЦ;ВЦ 21-172-1493;ВЦ 21;210;1365 - 5265;673 - 979;1587;79;184702;;;
1494;ВО;ВО 111-174-1494;ВО 111;1110;1826 - 4646;916 - 1069;449;63;170687;2900;[1019, 0.02, -9.07654073723081e-06];[0, 0.0002, -1e-08]
1495;ВО;ВО 77-145-1495;ВО 77;770;1849 - 2956;329 - 785;1946;106;147021;1450;[735, 0.02, -5.322996185826951e-05];[0, 0.0002, -1e-08]
1496;УВО;УВО 32-186-1496;УВО 32;320;1231 - 4591;285 - 1098;3798;62;184649;;;
1497;ВР;ВР 62-140-1497;ВР 62;620;1532 - 9201;247 - 450;3302;106;13677;;;
1498;ВКОП;ВКОП 101-158-1498;ВКОП 101;1010;678 - 5837;676 - 804;1333;60;54147;1000;[754, 0.02, -5.715783613710707e-06];[0, 0.0002, -1e-08]
1499;ВО;ВО 51-103-1499;ВО 51;510;1812 - 6607;319 - 860;2873;96;73150;;;
1500;ВО;ВО 103-169-1500;ВО 103;1030;1398 - 5792;429 - 681;1013;77;156425;1000;[631, 0.02, -9.474394096639297e-06];[0, 0.0002, -1e-08]
1501;ВЦ;ВЦ 97-145-1501;ВЦ 97;970;1159 - 3882;351 - 585;1548;101;119135;;;
1502;ВР;ВР 51-106-1502;ВР 51;510;1263 - 5595;370 - 649;1735;61;95752;;;
1503;ВР;ВР 56-111-1503;ВР 56;560;1828 - 11728;892 - 1173;938;74;29363;;;
1504;Ц;Ц 62-187-1504;Ц 62;620;671 - 5841;282 - 1292;2525;78;32903;2900;[1292, 0, -2.960376590385383e-05];[0, 0.0002, -1e-08]
1505;ВКОП;ВКОП 38-182-1505;ВКОП 38;380;535 - 6339;213 - 328;2249;80;32148;1000;[278, 0.02, -4.772674440466884e-06];[0, 0.0002, -1e-08]
1506;ВО;ВО 55-167-1506;ВО 55;550;1010 - 6108;358 - 514;1416;89;31748;2900;[464, 0.02, -6.115633506295114e-06];[0, 0.0002, -1e-08]
1507;ВР;ВР 67-104-1507;ВР 67;670;1065 - 8490;705 - 1173;1802;94;57755;2900;[1173, 0, -6.492776785825769e-06];[0, 0.0002, -1e-08]
1508;Ц;Ц 55-112-1508;Ц 55;550;1081 - 3250;52 - 645;2903;107;91814;1450;[645, 0, -5.614201183431953e-05];[0, 0.0002, -1e-08]
1509;УВО;УВО 61-197-1509;УВО 61;610;501 - 10069;662 - 868;2466;62;81012;1450;[818, 0.02, -3.524987349923328e-06];[0, 0.0002, -1e-08]
1510;ВО;ВО 49-131-1510;ВО 49;490;1291 - 4244;584 - 816;3243;76;104843;1450;[766, 0.02, -1.4817170506724134e-05];[0, 0.0002, -1e-08]
1511;ВО;ВО 110-164-1511;ВО 110;1100;1510 - 6359;187 - 687;4479;80;31612;;;
1512;ВЦ;ВЦ 60-184-1512;ВЦ 60;600;1596 - 9506;266 - 627;3017;84;157314;;;
1513;Ц;Ц 110-145-1513;Ц 110;1100;1169 - 5695;245 - 637;1595;98;24830;1000;[637, 0, -1.2086445837229183e-05];[0, 0.0002, -1e-08]
1514;УВО;УВО 83-181-1514;УВО 83;830;512 - 4740;303 - 504;2594;91;138469;;;
1515;ВЦ;ВЦ 63-128-1515;ВЦ 63;630;1132 - 9862;862 - 1396;3093;77;110361;2900;[1396, 0, -5.49049196905534e-06];[0, 0.0002, -1e-08]
1516;ВР;ВР 107-139-1516;ВР 107;1070;1865 - 8648;244 - 1305;1458;100;140404;1450;[1305, 0, -1.4186786141245515e-05];[0, 0.0002, -1e-08]
1517;ВР;ВР 98-113-1517;ВР 98;980;1763 - 9377;1036 - 1227;4911;65;57428;1000;[1227, 0, -2.172228639142316e-06];[0, 0.0002, -1e-08]
1518;ВО;ВО 24-189-1518;ВО 24;240;696 - 2713;575 - 684;624;88;66010;2900;[634, 0.02, -1.538781547501219e-05];[0, 0.0002, -1e-08]
1519;ВР;ВР 87-194-1519;ВР 87;870;531 - 6060;756 - 1124;254;99;189954;;;
1520;ВКОП;ВКОП 52-162-1520;ВКОП 52;520;785 - 6276;338 - 542;3341;96;141777;1450;[492, 0.02, -7.096545927894706e-06];[0, 0.0002, -1e-08]
1521;ВЦ;ВЦ 98-136-1521;ВЦ 98;980;990 - 2832;389 - 525;1302;81;110406;;;
1522;ВЦ;ВЦ 27-125-1522;ВЦ 27;270;553 - 8570;247 - 303;4648;94;148377;1450;[303, 0, -7.62476359828933e-07];[0, 0.0002, -1e-08]
1523;ВР;ВР 66-164-1523;ВР 66;660;741 - 5795;79 - 616;4549;94;88905;1000;[616, 0, -1.5990697404340567e-05];[0, 0.0002, -1e-08]
1524;Ц;Ц 58-137-1524;Ц 58;580;1567 - 11010;628 - 773;3846;66;77014;;;
1525;ВО;ВО 44-128-1525;ВО 44;440;1303 - 10034;297 - 375;3207;96;182779;;;
1526;ВР;ВР 81-178-1526;ВР 81;810;1892 - 6012;167 - 378;499;62;25690;;;
1527;ВЦ;ВЦ 80-189-1527;ВЦ 80;800;670 - 9325;223 - 538;2300;94;92801;;;
1528;УВО;УВО 49-176-1528;УВО 49;490;1193 - 2881;460 - 742;2954;84;97454;1450;[692, 0.02, -3.489329905769298e-05];[0, 0.0002, -1e-08]
1529;Ц;Ц 85-129-1529;Ц 85;850;1502 - 10060;973 - 1110;3638;92;50326;1450;[1110, 0, -1.3537067851341258e-06];[0, 0.0002, -1e-08]
1530;Ц;Ц 47-184-1530;Ц 47;470;1045 - 7958;218 - 494;1424;85;140660;;;
1531;ВР;ВР 54-189-1531;ВР 54;540;632 - 4152;457 - 987;3693;105;140993;;;
1532;ВЦ;ВЦ 107-141-1532;ВЦ 107;1070;880 - 8232;520 - 824;2009;105;58810;;;
1533;УВО;УВО 89-148-1533;УВО 89;890;1622 - 5735;466 - 861;4179;98;58407;1450;[811, 0.02, -1.3976797057484404e-05];[0, 0.0002, -1e-08]
1534;ВКОП;ВКОП 79-136-1534;ВКОП 79;790;773 - 8958;97 - 819;4254;95;195631;;;
1535;ВО;ВО 112-118-1535;ВО 112;1120;1327 - 10322;65 - 449;314;88;52844;;;
1536;ВКОП;ВКОП 73-119-1536;ВКОП 73;730;874 - 7077;297 - 1146;3169;87;52976;2900;[1096, 0.02, -1.877927748040694e-05];[0, 0.0002, -1e-08]
1537;УВО;УВО 117-113-1537;УВО 117;1170;531 - 4678;149 - 619;4936;86;57680;;;
1538;ВЦ;ВЦ 53-135-1538;ВЦ 53;530;855 - 3375;613 - 750;4153;64;10775;;;
1539;УВО;УВО 41-147-1539;УВО 41;410;1703 - 8341;1068 - 1391;2309;98;113944;;;
1540;УВО;УВО 55-106-1540;УВО 55;550;1263 - 6709;715 - 1187;4645;74;131025;1000;[1137, 0.02, -1.235662264252345e-05];[0, 0.0002, -1e-08]
1541;ВР;ВР 103-108-1541;ВР 103;1030;1470 - 5457;1078 - 1305;4413;61;44136;;;
1542;Ц;Ц 107-140-1542;Ц 107;1070;1901 - 7100;688 - 1164;1925;86;167943;;;
1543;ВЦ;ВЦ 79-103-1543;ВЦ 79;790;673 - 3304;136 - 976;1255;63;109276;;;
1544;ВР;ВР 94-128-1544;ВР 94;940;767 - 8571;381 - 860;2075;101;182195;;;
1545;ВЦ;ВЦ 114-148-1545;ВЦ 114;1140;1292 - 2726;182 - 736;519;75;113765;1450;[736, 0, -7.455178765497756e-05];[0, 0.0002, -1e-08]
1546;ВЦ;ВЦ 98-175-1546;ВЦ 98;980;1551 - 3693;157 - 420;1830;109;191965;;;
1547;УВО;УВО 77-156-1547;УВО 77;770;1192 - 3277;296 - 570;4507;96;42527;;;
1548;ВР;ВР 37-122-1548;ВР 37;370;1110 - 4674;85 - 308;3951;63;140076;2900;[308, 0, -1.0207689402074752e-05];[0, 0.0002, -1e-08]
1549;ВЦ;ВЦ 77-189-1549;ВЦ 77;770;1308 - 5964;901 - 1158;622;85;181646;1000;[1158, 0, -7.225332770150975e-06];[0, 0.0002, -1e-08]
1550;ВЦ;ВЦ 106-127-1550;ВЦ 106;1060;791 - 5216;580 - 1017;3447;70;142651;;;
1551;ВО;ВО 84-110-1551;ВО 84;840;1848 - 3767;565 - 688;4524;76;180990;1000;[638, 0.02, -1.0453627829567107e-05];[0, 0.0002, -1e-08]
1552;Ц;Ц 56-196-1552;Ц 56;560;986 - 9621;98 - 1204;4300;104;86504;2900;[1204, 0, -1.1948536034791458e-05];[0, 0.0002, -1e-08]
1553;ВКОП;ВКОП 96-119-1553;ВКОП 96;960;1091 - 2768;623 - 702;319;90;199464;2900;[652, 0.02, -1.101043302482542e-05];[0, 0.0002, -1e-08]
1554;УВО;УВО 84-144-1554;УВО 84;840;1862 - 11821;226 - 324;473;87;189698;2900;[274, 0.02, -2.0354090323769802e-06];[0, 0.0002, -1e-08]
1555;ВЦ;ВЦ 92-161-1555;ВЦ 92;920;960 - 9278;429 - 629;277;103;55778;;;
1556;Ц;Ц 55-168-1556;Ц 55;550;1150 - 3518;293 - 498;2470;78;112195;1000;[498, 0, -1.6563884397338014e-05];[0, 0.0002, -1e-08]
1557;ВР;ВР 30-100-1557;ВР 30;300;510 - 7784;907 - 1214;3953;81;52407;1000;[1214, 0, -5.066787855870054e-06];[0, 0.0002, -1e-08]
1558;ВКОП;ВКОП 63-122-1558;ВКОП 63;630;951 - 8651;80 - 362;1415;101;51503;;;
1559;ВЦ;ВЦ 21-164-1559;ВЦ 21;210;1221 - 5807;189 - 826;936;102;148148;;;
1560;ВЦ;ВЦ 36-166-1560;ВЦ 36;360;1859 - 7116;324 - 393;1157;66;173097;;;
1561;ВЦ;ВЦ 56-135-1561;ВЦ 56;560;990 - 7452;264 - 351;2036;107;119031;;;
1562;ВЦ;ВЦ 58-193-1562;ВЦ 58;580;1739 - 8907;129 - 366;4441;70;31367;2900;[366, 0, -2.9873454157464036e-06];[0, 0.0002, -1e-08]
1563;УВО;УВО 62-112-1563;УВО 62;620;1468 - 3287;399 - 573;702;80;43163;2900;[523, 0.02, -1.7561414276021118e-05];[0, 0.0002, -1e-08]
1564;Ц;Ц 108-174-1564;Ц 108;1080;1405 - 5291;69 - 1300;4259;82;108187;;;
1565;Ц;Ц 55-138-1565;Ц 55;550;1334 - 9784;923 - 1067;2741;76;102865;;;
1566;ВКОП;ВКОП 101-185-1566;ВКОП 101;1010;1827 - 8234;227 - 516;4009;109;160006;2900;[466, 0.02, -5.954091547048445e-06];[0, 0.0002, -1e-08]
1567;ВО;ВО 31-143-1567;ВО 31;310;1059 - 9130;214 - 433;2575;72;76761;1000;[383, 0.02, -4.218007147578665e-06];[0, 0.0002, -1e-08]
1568;ВКОП;ВКОП 102-197-1568;ВКОП 102;1020;596 - 7465;88 - 394;2657;66;181331;2900;[344, 0.02, -7.27305680583962e-06];[0, 0.0002, -1e-08]
1569;Ц;Ц 53-105-1569;Ц 53;530;1311 - 9329;137 - 1371;3552;76;33083;;;
1570;ВКОП;ВКОП 52-141-1570;ВКОП 52;520;868 - 5588;425 - 504;2375;75;114020;;;
1571;ВКОП;ВКОП 38-156-1571;ВКОП 38;380;1437 - 6217;736 - 892;2132;92;33912;;;
1572;УВО;УВО 62-160-1572;УВО 62;620;599 - 4350;477 - 681;4462;63;146884;1000;[631, 0.02, -1.2736160655304531e-05];[0, 0.0002, -1e-08]
1573;Ц;Ц 63-198-1573;Ц 63;630;617 - 4674;1198 - 1325;986;109;106715;;;
1574;УВО;УВО 107-102-1574;УВО 107;1070;1038 - 10069;66 - 432;4365;71;36599;1000;[382, 0.02, -5.103133793450477e-06];[0, 0.0002, -1e-08]
1575;УВО;УВО 116-195-1575;УВО 116;1160;1572 - 7775;121 - 546;555;65;162934;;;
1576;ВР;ВР 65-123-1576;ВР 65;650;708 - 8928;563 - 1052;1038;103;55030;2900;[1052, 0, -6.1348012294292215e-06];[0, 0.0002, -1e-08]
1577;ВКОП;ВКОП 109-147-1577;ВКОП 109;1090;1112 - 2631;151 - 472;3677;97;81201;1000;[422, 0.02, -4.675129630761261e-05];[0, 0.0002, -1e-08]
1578;ВР;ВР 56-111-1578;ВР 56;560;604 - 4894;161 - 753;1252;95;113624;;;
1579;ВР;ВР 96-120-1579;ВР 96;960;1094 - 9630;862 - 1313;4918;80;74583;;;
1580;ВЦ;ВЦ 49-187-1580;ВЦ 49;490;1480 - 4375;552 - 1222;1497;76;62254;1450;[1222, 0, -3.500408163265306e-05];[0, 0.0002, -1e-08]
1581;ВЦ;ВЦ 120-119-1581;ВЦ 120;1200;1322 - 3395;294 - 904;3640;110;150549;;;
1582;Ц;Ц 32-140-1582;Ц 32;320;722 - 2790;55 - 1285;442;82;191379;;;
1583;ВКОП;ВКОП 26-165-1583;ВКОП 26;260;1624 - 5555;154 - 842;3874;83;76322;1000;[792, 0.02, -2.4275694896222297e-05];[0, 0.0002, -1e-08]
1584;ВКОП;ВКОП 26-162-1584;ВКОП 26;260;824 - 9513;480 - 582;705;65;120111;;;
1585;ВЦ;ВЦ 120-171-1585;ВЦ 120;1200;1850 - 10840;66 - 808;1402;104;42997;;;
1586;Ц;Ц 109-165-1586;Ц 109;1090;1132 - 2534;92 - 714;3912;104;100766;1000;[714, 0, -9.686729305439705e-05];[0, 0.0002, -1e-08]
1587;Ц;Ц 106-188-1587;Ц 106;1060;1243 - 6448;113 - 964;4693;100;26678;;;
1588;УВО;УВО 58-105-1588;УВО 58;580;1597 - 2888;334 - 855;2314;64;103573;;;
1589;Ц;Ц 54-111-1589;Ц 54;540;638 - 2522;220 - 629;4745;63;63814;1450;[629, 0, -6.430328258038224e-05];[0, 0.0002, -1e-08]
1590;ВЦ;ВЦ 50-165-1590;ВЦ 50;500;1395 - 6665;347 - 1118;3708;90;16169;;;
1591;ВО;ВО 37-145-1591;ВО 37;370;1984 - 9104;72 - 573;3200;69;186581;1000;[523, 0.02, -7.638253989825828e-06];[0, 0.0002, -1e-08]
1592;Ц;Ц 105-179-1592;Ц 105;1050;941 - 3167;121 - 528;2718;65;20054;;;
1593;Ц;Ц 95-131-1593;Ц 95;950;1601 - 5127;831 - 1101;519;78;113237;2900;[1101, 0, -1.0271577073976926e-05];[0, 0.0002, -1e-08]
1594;УВО;УВО 62-164-1594;УВО 62;620;1470 - 11188;117 - 356;3329;65;166190;2900;[306, 0.02, -3.297559863222368e-06];[0, 0.0002, -1e-08]
1595;УВО;УВО 62-121-1595;УВО 62;620;1802 - 5909;863 - 1270;1558;81;129969;1000;[1220, 0.02, -1.36091240645016e-05];[0, 0.0002, -1e-08]
1596;ВКОП;ВКОП 65-177-1596;ВКОП 65;650;1243 - 7292;1154 - 1225;2571;110;134521;;;
1597;ВО;ВО 116-157-1597;ВО 116;1160;1235 - 7774;246 - 565;419;90;187908;2900;[515, 0.02, -7.023735686209777e-06];[0, 0.0002, -1e-08]
1598;УВО;УВО 42-136-1598;УВО 42;420;527 - 3078;273 - 949;1537;100;121681;;;
1599;ВР;ВР 35-173-1599;ВР 35;350;1558 - 6244;759 - 920;3690;67;30842;;;
1600;ВО;ВО 107-151-1600;ВО 107;1070;1238 - 4921;1014 - 1127;4855;76;187400;;;
1601;ВКОП;ВКОП 93-114-1601;ВКОП 93;930;1858 - 4043;311 - 837;3633;90;52526;2900;[787, 0.02, -3.406736474807763e-05];[0, 0.0002, -1e-08]
1602;ВКОП;ВКОП 64-180-1602;ВКОП 64;640;1534 - 7806;611 - 862;2450;96;102713;;;
1603;ВО;ВО 56-153-1603;ВО 56;560;1037 - 9961;472 - 901;4058;81;145727;1000;[851, 0.02, -5.827566380483122e-06];[0, 0.0002, -1e-08]
1604;ВЦ;ВЦ 37-127-1604;ВЦ 37;370;1067 - 5313;59 - 895;2807;70;191748;1000;[895, 0, -2.9616016653553786e-05];[0, 0.0002, -1e-08]
1605;ВР;ВР 112-107-1605;ВР 112;1120;1498 - 10541;400 - 1199;1314;87;187996;;;
1606;ВО;ВО 82-158-1606;ВО 82;820;1680 - 5190;288 - 401;829;101;66636;2900;[351, 0.02, -6.192433203024937e-06];[0, 0.0002, -1e-08]
1607;ВР;ВР 95-173-1607;ВР 95;950;1950 - 9453;619 - 1043;4429;60;46489;2900;[1043, 0, -4.744894283923216e-06];[0, 0.0002, -1e-08]
1608;ВО;ВО 64-195-1608;ВО 64;640;614 - 4992;248 - 513;4844;96;143725;;;
1609;ВЦ;ВЦ 101-119-1609;ВЦ 101;1010;1142 - 10484;57 - 503;862;81;183318;1450;[503, 0, -4.057708401356053e-06];[0, 0.0002, -1e-08]
1610;ВО;ВО 44-132-1610;ВО 44;440;1030 - 7790;438 - 989;2776;74;116942;;;
1611;ВР;ВР 45-168-1611;ВР 45;450;1537 - 5776;337 - 876;2203;95;73251;2900;[876, 0, -1.6156020518565697e-05];[0, 0.0002, -1e-08]
1612;ВР;ВР 97-125-1612;ВР 97;970;1094 - 5090;278 - 1160;4628;93;79885;;;
1613;Ц;Ц 101-179-1613;Ц 101;1010;1519 - 5783;658 - 870;4968;105;13400;1000;[870, 0, -6.339127345563085e-06];[0, 0.0002, -1e-08]
1614;ВО;ВО 91-121-1614;ВО 91;910;1571 - 5001;163 - 680;2602;64;194303;1450;[630, 0.02, -2.2671730400970395e-05];[0, 0.0002, -1e-08]
1615;Ц;Ц 28-111-1615;Ц 28;280;1870 - 4064;1252 - 1393;321;90;168329;1000;[1393, 0, -8.537126449252898e-06];[0, 0.0002, -1e-08]
1616;ВО;ВО 58-118-1616;ВО 58;580;1787 - 4680;127 - 537;4307;76;190587;1450;[487, 0.02, -2.0710059171597635e-05];[0, 0.0002, -1e-08]
1617;УВО;УВО 51-129-1617;УВО 51;510;1646 - 8121;58 - 1087;140;99;167062;;;
1618;ВО;ВО 105-190-1618;ВО 105;1050;516 - 1781;219 - 568;3350;106;118587;1000;[518, 0.02, -0.000105493100325004];[0, 0.0002, -1e-08]
1619;ВЦ;ВЦ 35-149-1619;ВЦ 35;350;1628 - 6174;938 - 1238;1602;84;50617;;;
1620;ВР;ВР 108-131-1620;ВР 108;1080;1836 - 7561;546 - 700;256;91;68362;;;
1621;ВР;ВР 111-140-1621;ВР 111;1110;1788 - 5617;665 - 794;3124;80;123580;2900;[794, 0, -4.088658729449617e-06];[0, 0.0002, -1e-08]
1622;ВЦ;ВЦ 98-187-1622;ВЦ 98;980;852 - 2716;754 - 967;3886;77;60390;1000;[967, 0, -2.8874872299860533e-05];[0, 0.0002, -1e-08]
1623;ВО;ВО 41-188-1623;ВО 41;410;1149 - 4195;787 - 1491;903;103;28998;;;
1624;ВР;ВР 70-181-1624;ВР 70;700;1293 - 7078;1020 - 1401;3803;75;143865;;;
1625;ВКОП;ВКОП 68-171-1625;ВКОП 68;680;1163 - 5165;395 - 550;149;108;125388;;;
1626;ВЦ;ВЦ 42-167-1626;ВЦ 42;420;1490 - 9634;566 - 1069;2359;84;97579;;;
1627;ВР;ВР 115-126-1627;ВР 115;1150;1286 - 7529;204 - 614;775;107;159168;;;
1628;ВО;ВО 71-132-1628;ВО 71;710;1404 - 7770;1227 - 1329;3164;89;138499;1450;[1279, 0.02, -3.435316176628918e-06];[0, 0.0002, -1e-08]
1629;ВО;ВО 43-122-1629;ВО 43;430;898 - 8952;255 - 435;1207;92;73139;2900;[385, 0.02, -3.856333171213606e-06];[0, 0.0002, -1e-08]
1630;Ц;Ц 79-169-1630;Ц 79;790;1390 - 9526;706 - 863;4441;75;99277;;;
1631;ВО;ВО 97-180-1631;ВО 97;970;1926 - 4983;142 - 1114;744;103;12138;1450;[1064, 0.02, -4.114571521902141e-05];[0, 0.0002, -1e-08]
1632;УВО;УВО 99-146-1632;УВО 99;990;1031 - 10083;140 - 391;2411;75;110813;;;
1633;ВЦ;ВЦ 43-160-1633;ВЦ 43;430;1631 - 3933;98 - 308;1658;100;172568;1450;[308, 0, -1.3575986639677605e-05];[0, 0.0002, -1e-08]
1634;Ц;Ц 111-166-1634;Ц 111;1110;1483 - 8412;65 - 1158;836;99;68312;2900;[1158, 0, -1.544619929096151e-05];[0, 0.0002, -1e-08]
1635;ВО;ВО 20-200-1635;ВО 20;200;1468 - 10409;995 - 1458;2368;95;113829;;;
1636;Ц;Ц 45-108-1636;Ц 45;450;1697 - 7344;855 - 1101;3994;93;30363;1000;[1101, 0, -4.561101855411736e-06];[0, 0.0002, -1e-08]
1637;ВР;ВР 52-139-1637;ВР 52;520;1827 - 7631;146 - 459;3342;92;165478;1000;[459, 0, -5.37503665714896e-06];[0, 0.0002, -1e-08]
1638;ВО;ВО 40-152-1638;ВО 40;400;1996 - 8849;1302 - 1494;1409;93;53134;1450;[1444, 0.02, -4.0735688735100675e-06];[0, 0.0002, -1e-08]
1639;ВКОП;ВКОП 115-193-1639;ВКОП 115;1150;1684 - 8728;641 - 1265;2397;92;45590;;;
1640;ВО;ВО 84-151-1640;ВО 84;840;783 - 2217;685 - 1017;766;93;195935;;;
1641;ВО;ВО 64-187-1641;ВО 64;640;1555 - 3489;947 - 1011;4813;95;16741;;;
1642;ВР;ВР 102-140-1642;ВР 102;1020;598 - 2979;380 - 999;1530;77;68176;;;
1643;ВКОП;ВКОП 102-124-1643;ВКОП 102;1020;1013 - 4431;772 - 1192;2281;65;10689;2900;[1142, 0.02, -2.3358744155029697e-05];[0, 0.0002, -1e-08]
1644;ВР;ВР 96-138-1644;ВР 96;960;812 - 9585;446 - 649;3874;102;96312;1450;[649, 0, -2.2095905481771015e-06];[0, 0.0002, -1e-08]
1645;УВО;УВО 108-156-1645;УВО 108;1080;907 - 9944;278 - 941;711;71;171384;1450;[891, 0.02, -8.210500120060917e-06];[0, 0.0002, -1e-08]
1646;УВО;УВО 109-133-1646;УВО 109;1090;1950 - 5891;168 - 461;1662;101;51136;;;
1647;ВЦ;ВЦ 67-147-1647;ВЦ 67;670;703 - 8597;514 - 1119;2567;90;80999;;;
1648;ВО;ВО 53-182-1648;ВО 53;530;1550 - 6516;889 - 1108;2718;105;189123;;;
1649;ВКОП;ВКОП 76-200-1649;ВКОП 76;760;1022 - 10415;213 - 436;4760;101;150524;;;
1650;Ц;Ц 97-132-1650;Ц 97;970;721 - 7136;775 - 867;1272;77;97856;;;
1651;ВР;ВР 107-130-1651;ВР 107;1070;1911 - 11009;312 - 821;3715;102;119238;;;
1652;ВКОП;ВКОП 118-128-1652;ВКОП 118;1180;1250 - 2957;1049 - 1474;2841;96;188200;1000;[1424, 0.02, -4.965090316632869e-05];[0, 0.0002, -1e-08]
1653;ВР;ВР 67-159-1653;ВР 67;670;1202 - 2623;407 - 710;4735;85;87355;1000;[710, 0, -4.4039871926819974e-05];[0, 0.0002, -1e-08]
1654;ВР;ВР 74-154-1654;ВР 74;740;1319 - 9078;161 - 1376;2864;108;32341;;;
1655;Ц;Ц 45-136-1655;Ц 45;450;515 - 2735;541 - 1101;2062;101;171490;;;
1656;ВКОП;ВКОП 74-138-1656;ВКОП 74;740;1412 - 8498;796 - 1433;366;107;109047;1450;[1383, 0.02, -1.0481887089737062e-05];[0, 0.0002, -1e-08]
1657;Ц;Ц 70-161-1657;Ц 70;700;1091 - 3815;309 - 930;408;71;180194;1000;[930, 0, -4.266802251579868e-05];[0, 0.0002, -1e-08]
1658;ВЦ;ВЦ 82-147-1658;ВЦ 82;820;778 - 3384;214 - 556;1321;84;62229;2900;[556, 0, -2.9865197927669635e-05];[0, 0.0002, -1e-08]
1659;ВЦ;ВЦ 91-200-1659;ВЦ 91;910;1095 - 8891;101 - 383;1392;100;46299;2900;[383, 0, -3.5673677990736e-06];[0, 0.0002, -1e-08]
1660;Ц;Ц 58-169-1660;Ц 58;580;752 - 8978;578 - 922;4297;74;132637;;;
1661;УВО;УВО 97-125-1661;УВО 97;970;733 - 4328;189 - 720;3389;60;30889;;;
1662;ВО;ВО 40-122-1662;ВО 40;400;620 - 4859;981 - 1128;2765;86;68897;1000;[1078, 0.02, -8.224522605598902e-06];[0, 0.0002, -1e-08]
1663;УВО;УВО 112-198-1663;УВО 112;1120;1419 - 11325;81 - 328;1922;72;181743;1450;[278, 0.02, -3.3019994249764875e-06];[0, 0.0002, -1e-08]
1664;ВО;ВО 104-105-1664;ВО 104;1040;887 - 4946;768 - 1067;2839;97;78193;2900;[1017, 0.02, -1.4222343730404014e-05];[0, 0.0002, -1e-08]
1665;ВЦ;ВЦ 100-196-1665;ВЦ 100;1000;1499 - 3411;735 - 845;1013;86;120221;2900;[845, 0, -9.454297111256707e-06];[0, 0.0002, -1e-08]
1666;УВО;УВО 89-146-1666;УВО 89;890;1782 - 2817;92 - 502;2451;78;81930;2900;[452, 0.02, -5.2465575845420494e-05];[0, 0.0002, -1e-08]
1667;ВР;ВР 93-154-1667;ВР 93;930;1655 - 10802;120 - 336;3441;106;87798;1000;[336, 0, -1.8511661712683173e-06];[0, 0.0002, -1e-08]
1668;Ц;Ц 102-121-1668;Ц 102;1020;1353 - 6516;201 - 475;2598;65;136134;2900;[475, 0, -6.453397426403948e-06];[0, 0.0002, -1e-08]
1669;ВО;ВО 110-104-1669;ВО 110;1100;1193 - 8875;426 - 1245;2360;67;84060;;;
1670;Ц;Ц 116-126-1670;Ц 116;1160;611 - 2592;755 - 821;3044;90;83151;;;
1671;ВР;ВР 36-189-1671;ВР 36;360;1358 - 5821;53 - 1017;1720;96;82256;;;
1672;ВО;ВО 21-120-1672;ВО 21;210;1078 - 6923;118 - 346;3421;79;70705;1450;[296, 0.02, -6.602830679372773e-06];[0, 0.0002, -1e-08]
1673;ВО;ВО 98-151-1673;ВО 98;980;883 - 3245;331 - 1060;937;93;27448;2900;[1010, 0.02, -7.064560625449607e-05];[0, 0.0002, -1e-08]
1674;ВКОП;ВКОП 112-151-1674;ВКОП 112;1120;1883 - 10950;207 - 724;517;79;24366;2900;[674, 0.02, -5.721315235295344e-06];[0, 0.0002, -1e-08]
1675;Ц;Ц 67-185-1675;Ц 67;670;1499 - 5459;112 - 1042;2350;102;190397;1450;[1042, 0, -3.120734053023822e-05];[0, 0.0002, -1e-08]
1676;ВО;ВО 112-198-1676;ВО 112;1120;1365 - 9812;495 - 576;806;103;32350;1000;[526, 0.02, -2.3603135606557794e-06];[0, 0.0002, -1e-08]
1677;УВО;УВО 24-137-1677;УВО 24;240;647 - 9108;500 - 1277;1315;73;199728;2900;[1227, 0.02, -1.0959589209002052e-05];[0, 0.0002, -1e-08]
1678;ВО;ВО 98-103-1678;ВО 98;980;922 - 6789;552 - 751;3774;67;34066;;;
1679;ВР;ВР 76-122-1679;ВР 76;760;1890 - 3867;649 - 811;4497;94;17738;1450;[811, 0, -1.083344718483847e-05];[0, 0.0002, -1e-08]
1680;УВО;УВО 41-116-1680;УВО 41;410;935 - 5285;716 - 1155;895;98;101520;;;
1681;ВР;ВР 58-174-1681;ВР 58;580;543 - 5155;1109 - 1299;2295;90;148544;;;
1682;ВЦ;ВЦ 45-164-1682;ВЦ 45;450;701 - 5845;615 - 760;716;78;189621;2900;[760, 0, -4.244230590511511e-06];[0, 0.0002, -1e-08]
1683;ВО;ВО 23-143-1683;ВО 23;230;861 - 9574;189 - 1156;2026;63;152981;1000;[1106, 0.02, -1.2093193873509085e-05];[0, 0.0002, -1e-08]
1684;ВКОП;ВКОП 21-160-1684;ВКОП 21;210;1618 - 2901;280 - 964;2059;89;120229;1450;[914, 0.02, -8.222865535912743e-05];[0, 0.0002, -1e-08]
1685;Ц;Ц 87-127-1685;Ц 87;870;702 - 3242;479 - 705;1724;105;86762;1450;[705, 0, -2.1502176286638853e-05];[0, 0.0002, -1e-08]
1686;Ц;Ц 106-159-1686;Ц 106;1060;1285 - 10930;499 - 790;4639;67;81050;2900;[790, 0, -2.435861914252638e-06];[0, 0.0002, -1e-08]
1687;ВР;ВР 96-133-1687;ВР 96;960;1026 - 3629;786 - 1224;4073;64;47828;;;
1688;Ц;Ц 37-157-1688;Ц 37;370;1234 - 5449;248 - 307;1413;77;147586;1450;[307, 0, -1.9870939259893733e-06];[0, 0.0002, -1e-08]
1689;УВО;УВО 91-117-1689;УВО 91;910;827 - 3374;358 - 464;4280;108;71766;1000;[414, 0.02, -1.0846920679740363e-05];[0, 0.0002, -1e-08]
1690;ВЦ;ВЦ 110-158-1690;ВЦ 110;1100;978 - 10066;540 - 679;1433;66;177962;;;
1691;ВКОП;ВКОП 116-109-1691;ВКОП 116;1160;1131 - 6023;705 - 907;4860;65;70342;1450;[857, 0.02, -7.5106413846815396e-06];[0, 0.0002, -1e-08]
1692;УВО;УВО 55-132-1692;УВО 55;550;654 - 5606;84 - 422;1549;90;190143;;;
1693;ВЦ;ВЦ 29-184-1693;ВЦ 29;290;1995 - 4330;302 - 541;1314;102;92275;;;
1694;ВО;ВО 85-129-1694;ВО 85;850;566 - 9508;122 - 1286;351;104;114276;1450;[1236, 0.02, -1.4426219295170075e-05];[0, 0.0002, -1e-08]
1695;Ц;Ц 100-184-1695;Ц 100;1000;1892 - 8180;141 - 458;806;65;151683;2900;[458, 0, -4.7375374370071914e-06];[0, 0.0002, -1e-08]
1696;ВР;ВР 65-113-1696;ВР 65;650;1363 - 9186;103 - 1496;1742;76;116004;;;
1697;Ц;Ц 94-151-1697;Ц 94;940;1585 - 4598;706 - 1072;2701;87;181452;;;
1698;УВО;УВО 113-187-1698;УВО 113;1130;986 - 10955;918 - 1052;3986;106;171595;;;
1699;Ц;Ц 87-193-1699;Ц 87;870;1618 - 6184;690 - 896;4832;100;142786;;;
1700;ВР;ВР 69-135-1700;ВР 69;690;1314 - 6258;1200 - 1401;3652;63;139235;1000;[1401, 0, -5.132452512557656e-06];[0, 0.0002, -1e-08]
1701;ВО;ВО 104-155-1701;ВО 104;1040;1649 - 11494;638 - 1126;4925;106;71942;2900;[1076, 0.02, -5.055406155424022e-06];[0, 0.0002, -1e-08]
1702;ВО;ВО 100-148-1702;ВО 100;1000;1463 - 6998;242 - 692;238;68;102396;;;
1703;ВКОП;ВКОП 67-152-1703;ВКОП 67;670;1605 - 5376;417 - 944;4876;101;110689;1000;[894, 0.02, -2.0224642591411564e-05];[0, 0.0002, -1e-08]
1704;ВКОП;ВКОП 91-107-1704;ВКОП 91;910;508 - 7564;861 - 1272;3654;94;140929;;;
1705;ВР;ВР 24-155-1705;ВР 24;240;983 - 9790;126 - 609;3252;108;139543;;;
1706;Ц;Ц 116-154-1706;Ц 116;1160;1021 - 3697;950 - 1342;519;67;134843;;;
1707;ВКОП;ВКОП 35-132-1707;ВКОП 35;350;1919 - 7362;341 - 1056;3208;103;116428;1000;[1006, 0.02, -1.4986242192758972e-05];[0, 0.0002, -1e-08]
1708;ВКОП;ВКОП 71-177-1708;ВКОП 71;710;1431 - 2588;601 - 871;3254;78;38605;1450;[821, 0.02, -4.057485625010451e-05];[0, 0.0002, -1e-08]
1709;ВР;ВР 43-170-1709;ВР 43;430;1296 - 6159;607 - 849;2860;85;19787;1000;[849, 0, -6.379622158178197e-06];[0, 0.0002, -1e-08]
1710;ВЦ;ВЦ 34-167-1710;ВЦ 34;340;1598 - 3817;95 - 408;1063;97;47723;1000;[408, 0, -2.1483251746166252e-05];[0, 0.0002, -1e-08]
1711;ВКОП;ВКОП 22-151-1711;ВКОП 22;220;977 - 4930;719 - 973;1424;98;189177;;;
1712;Ц;Ц 98-134-1712;Ц 98;980;906 - 5376;590 - 1372;3912;98;135367;;;
1713;ВЦ;ВЦ 60-118-1713;ВЦ 60;600;1736 - 5672;574 - 857;2833;62;65739;2900;[857, 0, -8.79658272343693e-06];[0, 0.0002, -1e-08]
1714;ВКОП;ВКОП 89-107-1714;ВКОП 89;890;1441 - 4403;197 - 396;566;96;36284;1450;[346, 0.02, -1.2228154270344756e-05];[0, 0.0002, -1e-08]
1715;ВО;ВО 40-161-1715;ВО 40;400;777 - 4888;435 - 1225;2342;80;115525;2900;[1175, 0.02, -3.5063658352999164e-05];[0, 0.0002, -1e-08]
1716;ВЦ;ВЦ 26-166-1716;ВЦ 26;260;717 - 2344;70 - 958;1743;98;128795;1450;[958, 0, -0.00016162098568416638];[0, 0.0002, -1e-08]
1717;ВР;ВР 105-189-1717;ВР 105;1050;996 - 8796;153 - 744;3858;87;197610;1450;[744, 0, -7.638657531917955e-06];[0, 0.0002, -1e-08]
1718;Ц;Ц 89-187-1718;Ц 89;890;501 - 9860;615 - 685;1698;108;116121;;;
1719;ВКОП;ВКОП 56-168-1719;ВКОП 56;560;511 - 5080;400 - 771;3197;81;117536;;;
1720;УВО;УВО 24-114-1720;УВО 24;240;1753 - 11367;218 - 353;457;98;34559;1450;[303, 0.02, -2.417329689027338e-06];[0, 0.0002, -1e-08]
1721;Ц;Ц 109-123-1721;Ц 109;1090;1530 - 9957;209 - 1232;3088;80;103343;2900;[1232, 0, -1.0318548729104296e-05];[0, 0.0002, -1e-08]
1722;ВКОП;ВКОП 100-176-1722;ВКОП 100;1000;1306 - 6576;57 - 337;3684;66;75016;;;
1723;ВКОП;ВКОП 54-167-1723;ВКОП 54;540;1131 - 9584;330 - 1267;105;60;103779;;;
1724;Ц;Ц 22-149-1724;Ц 22;220;528 - 3580;544 - 895;1714;108;46080;1450;[895, 0, -2.7386785680846417e-05];[0, 0.0002, -1e-08]
1725;ВО;ВО 45-199-1725;ВО 45;450;1377 - 2403;51 - 660;4964;61;138832;;;
1726;УВО;УВО 95-145-1726;УВО 95;950;1908 - 7948;575 - 689;362;76;56117;2900;[639, 0.02, -3.5294841735498154e-06];[0, 0.0002, -1e-08]
1727;ВО;ВО 58-120-1727;ВО 58;580;1708 - 10599;250 - 1472;4538;99;189335;2900;[1422, 0.02, -1.231969709201365e-05];[0, 0.0002, -1e-08]
1728;ВР;ВР 59-183-1728;ВР 59;590;903 - 9289;761 - 1381;3160;91;105274;;;
1729;ВО;ВО 108-188-1729;ВО 108;1080;650 - 6016;53 - 933;4276;108;98404;;;
1730;ВЦ;ВЦ 45-196-1730;ВЦ 45;450;1588 - 7701;923 - 1394;144;95;97550;;;
1731;ВЦ;ВЦ 28-118-1731;ВЦ 28;280;731 - 8805;276 - 361;1691;106;191781;;;
1732;Ц;Ц 103-195-1732;Ц 103;1030;1403 - 6056;274 - 922;1051;81;144562;1000;[922, 0, -1.7668646136717804e-05];[0, 0.0002, -1e-08]
1733;ВО;ВО 112-179-1733;ВО 112;1120;860 - 4160;992 - 1174;1566;88;144630;1450;[1124, 0.02, -1.2435281065088757e-05];[0, 0.0002, -1e-08]
1734;ВО;ВО 70-184-1734;ВО 70;700;1842 - 9215;560 - 621;1668;103;188396;;;
1735;ВР;ВР 67-198-1735;ВР 67;670;1528 - 6171;1073 - 1137;4704;69;112348;1450;[1137, 0, -1.6806174987837187e-06];[0, 0.0002, -1e-08]
1736;ВО;ВО 105-173-1736;ВО 105;1050;1376 - 6624;166 - 324;3864;96;97560;1450;[274, 0.02, -5.480728838479311e-06];[0, 0.0002, -1e-08]
1737;Ц;Ц 99-167-1737;Ц 99;990;1536 - 2668;402 - 801;711;69;103899;2900;[801, 0, -5.6053307678994086e-05];[0, 0.0002, -1e-08]
1738;ВКОП;ВКОП 91-109-1738;ВКОП 91;910;892 - 9382;559 - 917;3252;109;163355;;;
1739;ВКОП;ВКОП 37-135-1739;ВКОП 37;370;966 - 2054;388 - 512;4265;82;40347;;;
1740;ВО;ВО 67-154-1740;ВО 67;670;1175 - 5263;116 - 406;2036;61;198931;1000;[356, 0.02, -1.2464633866813838e-05];[0, 0.0002, -1e-08]
1741;ВЦ;ВЦ 75-156-1741;ВЦ 75;750;1006 - 10419;529 - 758;1401;60;49179;1000;[758, 0, -2.10951882971707e-06];[0, 0.0002, -1e-08]
1742;ВКОП;ВКОП 32-103-1742;ВКОП 32;320;1412 - 6217;512 - 602;828;82;97635;;;
1743;ВКОП;ВКОП 79-192-1743;ВКОП 79;790;1196 - 8265;1069 - 1133;3585;63;93903;2900;[1083, 0.02, -2.624790066201656e-06];[0, 0.0002, -1e-08]
1744;Ц;Ц 60-167-1744;Ц 60;600;1409 - 11083;757 - 1471;4729;93;178425;;;
1745;ВКОП;ВКОП 93-110-1745;ВКОП 93;930;1628 - 4385;66 - 422;859;84;102763;;;
1746;ВКОП;ВКОП 94-137-1746;ВКОП 94;940;1284 - 2568;425 - 836;3413;89;75563;;;
1747;ВКОП;ВКОП 82-125-1747;ВКОП 82;820;1432 - 8055;963 - 1022;1961;76;67493;1450;[972, 0.02, -2.621641022439999e-06];[0, 0.0002, -1e-08]
1748;ВР;ВР 24-132-1748;ВР 24;240;1426 - 7485;545 - 1247;2487;68;94647;;;
1749;ВКОП;ВКОП 37-151-1749;ВКОП 37;370;1194 - 6136;113 - 306;4067;70;49438;1450;[256, 0.02, -7.057543146310743e-06];[0, 0.0002, -1e-08]
1750;ВЦ;ВЦ 38-165-1750;ВЦ 38;380;840 - 7764;325 - 455;1674;79;50262;;;
1751;Ц;Ц 48-160-1751;Ц 48;480;922 - 3858;155 - 896;2305;97;117196;2900;[896, 0, -4.978445547899096e-05];[0, 0.0002, -1e-08]
1752;ВКОП;ВКОП 87-189-1752;ВКОП 87;870;1777 - 10965;778 - 1451;4020;73;23049;1450;[1401, 0.02, -7.005667620869703e-06];[0, 0.0002, -1e-08]
1753;ВКОП;ВКОП 89-148-1753;ВКОП 89;890;1999 - 9068;427 - 1149;1355;79;12896;;;
1754;ВО;ВО 87-194-1754;ВО 87;870;922 - 6905;57 - 707;315;61;49541;2900;[657, 0.02, -1.5480601795024123e-05];[0, 0.0002, -1e-08]
1755;Ц;Ц 36-163-1755;Ц 36;360;1663 - 8042;80 - 599;4375;77;128361;1450;[599, 0, -8.02489244324793e-06];[0, 0.0002, -1e-08]
1756;ВО;ВО 100-172-1756;ВО 100;1000;1671 - 9530;826 - 920;1657;90;146763;;;
1757;ВО;ВО 85-137-1757;ВО 85;850;1774 - 7711;325 - 1077;2110;76;100449;;;
1758;ВО;ВО 101-177-1758;ВО 101;1010;1061 - 6156;991 - 1362;420;72;175260;1000;[1312, 0.02, -1.1719338777236935e-05];[0, 0.0002, -1e-08]
1759;ВО;ВО 59-154-1759;ВО 59;590;1890 - 10984;258 - 553;2744;80;71138;;;
1760;ВЦ;ВЦ 113-128-1760;ВЦ 113;1130;981 - 8029;264 - 391;4087;81;55516;2900;[391, 0, -1.9700661326380995e-06];[0, 0.0002, -1e-08]
1761;ВО;ВО 71-106-1761;ВО 71;710;1081 - 5180;466 - 925;3179;90;136449;;;
1762;ВР;ВР 22-136-1762;ВР 22;220;784 - 4691;224 - 469;1475;82;135151;2900;[469, 0, -1.1133589854273123e-05];[0, 0.0002, -1e-08]
1763;Ц;Ц 67-107-1763;Ц 67;670;1239 - 8585;857 - 1206;1207;82;171419;;;
1764;УВО;УВО 68-161-1764;УВО 68;680;1094 - 8989;269 - 399;2679;72;69837;2900;[349, 0.02, -3.2150146157673258e-06];[0, 0.0002, -1e-08]
1765;ВКОП;ВКОП 58-113-1765;ВКОП 58;580;1640 - 4511;1302 - 1387;1841;84;118618;;;
1766;УВО;УВО 114-123-1766;УВО 114;1140;984 - 7463;633 - 1038;2327;63;10116;;;
1767;ВО;ВО 75-118-1767;ВО 75;750;660 - 2567;615 - 1059;322;92;27885;2900;[1009, 0.02, -6.758338924308092e-05];[0, 0.0002, -1e-08]
1768;УВО;УВО 74-166-1768;УВО 74;740;1923 - 8372;53 - 352;3312;62;21710;2900;[302, 0.02, -5.941471229491338e-06];[0, 0.0002, -1e-08]
1769;ВКОП;ВКОП 56-144-1769;ВКОП 56;560;1734 - 6778;216 - 399;819;66;193222;1000;[349, 0.02, -5.845722553161553e-06];[0, 0.0002, -1e-08]
1770;ВР;ВР 120-184-1770;ВР 120;1200;999 - 10260;371 - 534;4196;85;64322;;;
1771;ВО;ВО 34-105-1771;ВО 34;340;1988 - 9304;938 - 1157;3429;77;151384;;;
1772;Ц;Ц 30-179-1772;Ц 30;300;948 - 9497;387 - 449;2940;92;47049;;;
1773;ВЦ;ВЦ 49-143-1773;ВЦ 49;490;593 - 4698;226 - 354;2797;101;113850;2900;[354, 0, -5.799411758416079e-06];[0, 0.0002, -1e-08]
1774;ВО;ВО 30-121-1774;ВО 30;300;908 - 2838;514 - 602;1709;79;79125;1000;[552, 0.02, -1.1765225885880784e-05];[0, 0.0002, -1e-08]
1775;ВР;ВР 42-170-1775;ВР 42;420;1403 - 2656;425 - 1315;370;109;146121;1000;[1315, 0, -0.00012616353970097257];[0, 0.0002, -1e-08]
1776;ВО;ВО 21-106-1776;ВО 21;210;1511 - 8643;438 - 564;4887;67;142367;;;
1777;ВР;ВР 100-121-1777;ВР 100;1000;1913 - 3575;201 - 562;2762;78;70734;;;
1778;ВЦ;ВЦ 52-113-1778;ВЦ 52;520;1477 - 5104;988 - 1316;1668;90;194665;2900;[1316, 0, -1.2590776427118445e-05];[0, 0.0002, -1e-08]
1779;УВО;УВО 59-182-1779;УВО 59;590;1755 - 3545;94 - 308;3113;72;78915;;;
1780;ВКОП;ВКОП 51-166-1780;ВКОП 51;510;1805 - 5082;524 - 1158;3791;102;151911;;;
1781;Ц;Ц 33-117-1781;Ц 33;330;1602 - 4635;1198 - 1497;3116;103;26980;1450;[1497, 0, -1.391783589288852e-05];[0, 0.0002, -1e-08]
1782;УВО;УВО 95-189-1782;УВО 95;950;1584 - 9719;427 - 1129;4287;79;59312;;;
1783;ВР;ВР 75-178-1783;ВР 75;750;1309 - 2776;285 - 366;4537;100;182296;;;
1784;ВЦ;ВЦ 110-190-1784;ВЦ 110;1100;570 - 7590;399 - 1361;2561;88;26900;1450;[1361, 0, -1.6699040586306438e-05];[0, 0.0002, -1e-08]
1785;ВР;ВР 89-116-1785;ВР 89;890;1768 - 10909;709 - 1097;875;77;55602;2900;[1097, 0, -3.260332116419973e-06];[0, 0.0002, -1e-08]
1786;ВКОП;ВКОП 26-200-1786;ВКОП 26;260;724 - 4506;115 - 893;1911;81;10314;1450;[843, 0.02, -4.0293466776753157e-05];[0, 0.0002, -1e-08]
1787;ВКОП;ВКОП 90-113-1787;ВКОП 90;900;1376 - 8216;639 - 866;4823;103;66564;;;
1788;УВО;УВО 55-195-1788;УВО 55;550;1718 - 3747;704 - 1130;4793;66;183511;1450;[1080, 0.02, -3.2118213029635524e-05];[0, 0.0002, -1e-08]
1789;УВО;УВО 31-117-1789;УВО 31;310;994 - 5359;316 - 673;3416;108;160736;;;
1790;УВО;УВО 71-180-1790;УВО 71;710;1579 - 9795;315 - 842;2812;78;164870;1450;[792, 0.02, -7.013610563254215e-06];[0, 0.0002, -1e-08]
1791;ВКОП;ВКОП 69-151-1791;ВКОП 69;690;1640 - 5153;270 - 601;1674;66;60295;1450;[551, 0.02, -1.4463679597598937e-05];[0, 0.0002, -1e-08]
1792;ВО;ВО 85-194-1792;ВО 85;850;1965 - 4671;540 - 971;492;79;65472;1450;[921, 0.02, -2.174419101888186e-05];[0, 0.0002, -1e-08]
1793;ВКОП;ВКОП 37-172-1793;ВКОП 37;370;1727 - 11505;576 - 655;3734;64;181155;;;
1794;ВР;ВР 88-123-1794;ВР 88;880;1971 - 7664;149 - 447;2751;74;162020;;;
1795;ВКОП;ВКОП 114-106-1795;ВКОП 114;1140;1032 - 8050;923 - 1061;4357;89;14621;;;
1796;ВО;ВО 108-154-1796;ВО 108;1080;1594 - 5166;619 - 1092;1659;76;150245;;;
1797;ВР;ВР 66-163-1797;ВР 66;660;1160 - 8317;350 - 423;452;95;163261;1000;[423, 0, -1.0553328506077034e-06];[0, 0.0002, -1e-08]
1798;ВР;ВР 81-163-1798;ВР 81;810;525 - 4588;468 - 1158;3843;102;54391;;;
1799;ВКОП;ВКОП 63-141-1799;ВКОП 63;630;1980 - 11048;828 - 937;4782;87;133419;;;
1800;ВКОП;ВКОП 116-198-1800;ВКОП 116;1160;1786 - 11704;238 - 608;1409;106;57634;1450;[558, 0.02, -4.044863292264092e-06];[0, 0.0002, -1e-08]
1801;УВО;УВО 97-154-1801;УВО 97;970;1945 - 9387;803 - 998;3263;93;198900;1000;[948, 0.02, -3.776168599288965e-06];[0, 0.0002, -1e-08]
1802;ВР;ВР 108-122-1802;ВР 108;1080;1228 - 3273;620 - 1435;1163;104;147902;;;
1803;УВО;УВО 111-102-1803;УВО 111;1110;1768 - 6174;198 - 806;1881;65;173739;2900;[756, 0.02, -1.787803834570063e-05];[0, 0.0002, -1e-08]
1804;УВО;УВО 113-104-1804;УВО 113;1130;688 - 7931;617 - 1269;4861;91;63705;;;
1805;Ц;Ц 55-194-1805;Ц 55;550;1558 - 6301;207 - 992;2663;105;157689;;;
1806;УВО;УВО 24-166-1806;УВО 24;240;1882 - 7687;332 - 605;323;64;174200;;;
1807;ВО;ВО 22-114-1807;ВО 22;220;1896 - 6812;139 - 1002;2801;60;17414;1000;[952, 0.02, -2.0456284357437687e-05];[0, 0.0002, -1e-08]
1808;ВР;ВР 89-179-1808;ВР 89;890;838 - 3505;161 - 1368;1909;105;132597;1450;[1368, 0, -9.824969831156225e-05];[0, 0.0002, -1e-08]
1809;ВЦ;ВЦ 29-170-1809;ВЦ 29;290;1362 - 11351;324 - 392;825;95;67450;1000;[392, 0, -5.277650969708992e-07];[0, 0.0002, -1e-08]
1810;УВО;УВО 101-104-1810;УВО 101;1010;592 - 8616;87 - 607;2302;75;114271;;;
1811;ВР;ВР 75-157-1811;ВР 75;750;1473 - 5070;1027 - 1207;3430;65;42578;2900;[1207, 0, -7.002555932915514e-06];[0, 0.0002, -1e-08]
1812;ВЦ;ВЦ 100-185-1812;ВЦ 100;1000;1398 - 5700;67 - 707;2730;105;78908;1450;[707, 0, -1.9698368728839644e-05];[0, 0.0002, -1e-08]
1813;УВО;УВО 61-162-1813;УВО 61;610;859 - 3697;258 - 756;841;107;129475;;;
1814;УВО;УВО 61-128-1814;УВО 61;610;1616 - 5774;896 - 1210;1922;107;131765;;;
1815;УВО;УВО 44-149-1815;УВО 44;440;1759 - 8856;502 - 1246;953;87;140551;;;
1816;ВЦ;ВЦ 99-109-1816;ВЦ 99;990;1160 - 7930;141 - 361;1034;79;38718;;;
1817;ВКОП;ВКОП 75-101-1817;ВКОП 75;750;1237 - 3081;111 - 745;1630;65;160132;1450;[695, 0.02, -6.801325796062832e-05];[0, 0.0002, -1e-08]
1818;Ц;Ц 28-122-1818;Ц 28;280;1555 - 11007;266 - 1224;1011;105;123382;;;
1819;ВЦ;ВЦ 101-191-1819;ВЦ 101;1010;1616 - 10910;624 - 857;4892;81;39737;1000;[857, 0, -1.957520955135804e-06];[0, 0.0002, -1e-08]
1820;ВО;ВО 24-118-1820;ВО 24;240;1469 - 11211;61 - 605;4612;95;97916;1000;[555, 0.02, -5.714375688702531e-06];[0, 0.0002, -1e-08]
1821;ВР;ВР 46-178-1821;ВР 46;460;1590 - 9929;113 - 908;1355;81;143134;;;
1822;ВКОП;ВКОП 25-107-1822;ВКОП 25;250;1817 - 6346;233 - 1468;4764;62;103385;;;
1823;ВКОП;ВКОП 66-197-1823;ВКОП 66;660;1204 - 9804;137 - 428;2944;82;87214;1000;[378, 0.02, -4.547307562787968e-06];[0, 0.0002, -1e-08]
1824;ВО;ВО 40-173-1824;ВО 40;400;1512 - 5440;389 - 1447;4992;84;29306;;;
1825;УВО;УВО 34-105-1825;УВО 34;340;1620 - 11497;171 - 506;957;76;59662;1450;[456, 0.02, -3.895718484037295e-06];[0, 0.0002, -1e-08]
1826;УВО;УВО 120-148-1826;УВО 120;1200;1180 - 4319;1005 - 1135;2868;103;38177;;;
1827;Ц;Ц 44-164-1827;Ц 44;440;1453 - 5437;1074 - 1483;223;107;144373;1450;[1483, 0, -1.3835811674509047e-05];[0, 0.0002, -1e-08]
1828;Ц;Ц 20-131-1828;Ц 20;200;777 - 6045;260 - 542;4286;76;138275;;;
1829;Ц;Ц 117-181-1829;Ц 117;1170;1226 - 4456;316 - 1024;1163;109;24653;;;
1830;Ц;Ц 38-119-1830;Ц 38;380;792 - 3141;50 - 602;2900;101;91745;1450;[602, 0, -5.595040118566198e-05];[0, 0.0002, -1e-08]
1831;УВО;УВО 20-138-1831;УВО 20;200;1347 - 9020;260 - 653;2621;103;141969;;;
1832;Ц;Ц 101-157-1832;Ц 101;1010;587 - 5962;551 - 967;1950;95;174465;;;
1833;Ц;Ц 79-168-1833;Ц 79;790;623 - 9024;585 - 879;860;66;163989;1450;[879, 0, -3.6103487626376943e-06];[0, 0.0002, -1e-08]
1834;Ц;Ц 31-194-1834;Ц 31;310;1412 - 5546;449 - 722;4289;64;157325;;;
1835;УВО;УВО 60-178-1835;УВО 60;600;1170 - 7980;934 - 1276;2990;104;36131;1000;[1226, 0.02, -7.091663997085446e-06];[0, 0.0002, -1e-08]
1836;ВО;ВО 25-140-1836;ВО 25;250;840 - 9013;422 - 1176;3218;75;174923;;;
1837;ВО;ВО 64-104-1837;ВО 64;640;1512 - 2812;156 - 584;516;62;136741;;;
1838;ВР;ВР 119-163-1838;ВР 119;1190;1881 - 3336;323 - 536;4118;60;134867;1000;[536, 0, -1.9139364767179062e-05];[0, 0.0002, -1e-08]
1839;УВО;УВО 73-130-1839;УВО 73;730;675 - 4514;151 - 1020;4615;108;145185;1000;[970, 0.02, -4.4624619825996964e-05];[0, 0.0002, -1e-08]
1840;Ц;Ц 62-156-1840;Ц 62;620;1395 - 3679;643 - 903;1958;61;45240;1000;[903, 0, -1.920939877463245e-05];[0, 0.0002, -1e-08]
1841;УВО;УВО 43-199-1841;УВО 43;430;890 - 7587;596 - 788;1672;67;176808;;;
1842;ВР;ВР 60-193-1842;ВР 60;600;1494 - 7482;1018 - 1462;3658;71;46249;;;
1843;ВО;ВО 103-183-1843;ВО 103;1030;1657 - 2858;642 - 713;2046;91;90136;;;
1844;ВКОП;ВКОП 32-118-1844;ВКОП 32;320;817 - 7921;115 - 785;237;101;74821;2900;[735, 0.02, -1.2406633674433148e-05];[0, 0.0002, -1e-08]
1845;ВР;ВР 81-195-1845;ВР 81;810;626 - 4912;879 - 1253;634;69;34370;1450;[1253, 0, -1.5500827594987746e-05];[0, 0.0002, -1e-08]
1846;ВО;ВО 38-172-1846;ВО 38;380;1301 - 6498;477 - 528;1123;77;199286;;;
1847;Ц;Ц 23-178-1847;Ц 23;230;803 - 7703;365 - 1093;664;81;53012;;;
1848;ВКОП;ВКОП 23-148-1848;ВКОП 23;230;969 - 5612;349 - 436;2054;97;68876;;;
1849;ВР;ВР 101-119-1849;ВР 101;1010;1948 - 7244;128 - 437;341;62;184362;;;
1850;ВЦ;ВЦ 47-182-1850;ВЦ 47;470;1722 - 9780;586 - 906;2891;104;87914;1450;[906, 0, -3.34558654405092e-06];[0, 0.0002, -1e-08]
1851;ВО;ВО 29-189-1851;ВО 29;290;1024 - 6010;248 - 1093;990;95;34715;2900;[1043, 0.02, -2.533769286353028e-05];[0, 0.0002, -1e-08]
1852;УВО;УВО 40-184-1852;УВО 40;400;1977 - 3565;270 - 671;4678;108;118815;;;
1853;ВКОП;ВКОП 85-164-1853;ВКОП 85;850;1846 - 6661;587 - 1316;4452;94;25533;1000;[1266, 0.02, -1.8306057070894286e-05];[0, 0.0002, -1e-08]
1854;ВКОП;ВКОП 103-175-1854;ВКОП 103;1030;1140 - 2803;654 - 852;2798;105;130807;;;
1855;ВЦ;ВЦ 20-149-1855;ВЦ 20;200;645 - 1835;102 - 727;3214;60;117287;2900;[727, 0, -0.00018561278203862232];[0, 0.0002, -1e-08]
1856;ВЦ;ВЦ 80-130-1856;ВЦ 80;800;1298 - 4099;318 - 870;1147;90;128447;1000;[870, 0, -3.2853620870762604e-05];[0, 0.0002, -1e-08]
1857;ВКОП;ВКОП 34-150-1857;ВКОП 34;340;966 - 3083;674 - 730;1516;62;149965;1000;[680, 0.02, -7.11844188816934e-06];[0, 0.0002, -1e-08]
1858;ВО;ВО 88-170-1858;ВО 88;880;1423 - 2795;331 - 690;3450;99;51521;;;
1859;ВЦ;ВЦ 115-200-1859;ВЦ 115;1150;1886 - 8336;177 - 798;407;60;134851;;;
1860;ВКОП;ВКОП 23-116-1860;ВКОП 23;230;640 - 6548;444 - 836;3632;104;80179;;;
1861;ВО;ВО 75-155-1861;ВО 75;750;617 - 7005;136 - 317;433;73;92217;1000;[267, 0.02, -5.524757731425652e-06];[0, 0.0002, -1e-08]
1862;УВО;УВО 86-123-1862;УВО 86;860;1464 - 3174;1221 - 1273;649;99;86419;;;
1863;ВЦ;ВЦ 92-181-1863;ВЦ 92;920;1640 - 5374;552 - 1075;4416;72;40624;;;
1864;ВО;ВО 78-155-1864;ВО 78;780;839 - 3903;621 - 892;2062;71;175115;2900;[842, 0.02, -1.963184996871022e-05];[0, 0.0002, -1e-08]
1865;ВКОП;ВКОП 86-114-1865;ВКОП 86;860;938 - 10699;110 - 979;4353;98;143337;;;
1866;ВО;ВО 33-163-1866;ВО 33;330;1051 - 10404;548 - 1169;3837;103;136292;;;
1867;УВО;УВО 36-101-1867;УВО 36;360;707 - 10077;1163 - 1386;159;101;92789;2900;[1336, 0.02, -3.688380259931444e-06];[0, 0.0002, -1e-08]
1868;Ц;Ц 60-158-1868;Ц 60;600;667 - 3148;271 - 926;728;79;41415;2900;[926, 0, -6.609549396240368e-05];[0, 0.0002, -1e-08]
1869;ВКОП;ВКОП 41-139-1869;ВКОП 41;410;1825 - 4709;913 - 1091;470;79;109067;;;
1870;УВО;УВО 23-133-1870;УВО 23;230;1721 - 5169;809 - 1318;3062;93;30751;2900;[1268, 0.02, -2.1048289239828448e-05];[0, 0.0002, -1e-08]
1871;ВКОП;ВКОП 43-133-1871;ВКОП 43;430;1176 - 10249;462 - 529;4498;90;172581;;;
1872;ВЦ;ВЦ 62-142-1872;ВЦ 62;620;726 - 10510;289 - 1392;1875;99;111153;1450;[1392, 0, -9.98550607866551e-06];[0, 0.0002, -1e-08]
1873;ВР;ВР 41-126-1873;ВР 41;410;560 - 2039;1141 - 1257;4842;108;168406;;;
1874;ВЦ;ВЦ 88-189-1874;ВЦ 88;880;1129 - 3155;844 - 1292;3398;91;110394;;;
1875;Ц;Ц 53-188-1875;Ц 53;530;1792 - 10103;682 - 1330;2100;67;126233;2900;[1330, 0, -6.348546426327288e-06];[0, 0.0002, -1e-08]
1876;ВР;ВР 82-167-1876;ВР 82;820;1029 - 4701;504 - 680;1485;64;127521;;;
1877;ВР;ВР 105-190-1877;ВР 105;1050;1816 - 3044;552 - 673;1260;89;14592;1450;[673, 0, -1.3058583612060347e-05];[0, 0.0002, -1e-08]
1878;УВО;УВО 85-172-1878;УВО 85;850;1098 - 6148;462 - 570;3575;84;106496;;;
1879;ВКОП;ВКОП 70-127-1879;ВКОП 70;700;563 - 1968;236 - 673;2100;62;151902;2900;[623, 0.02, -0.00011008452310132858];[0, 0.0002, -1e-08]
1880;УВО;УВО 71-177-1880;УВО 71;710;1691 - 10330;696 - 778;4667;101;11897;;;
1881;ВО;ВО 22-158-1881;ВО 22;220;854 - 4040;359 - 497;2014;87;20834;2900;[447, 0.02, -1.0342123321243015e-05];[0, 0.0002, -1e-08]
1882;ВЦ;ВЦ 90-130-1882;ВЦ 90;900;586 - 8331;527 - 1116;2911;70;51322;;;
1883;ВЦ;ВЦ 105-174-1883;ВЦ 105;1050;893 - 2275;1009 - 1453;167;69;180929;2900;[1453, 0, -8.578674073179568e-05];[0, 0.0002, -1e-08]
1884;УВО;УВО 24-163-1884;УВО 24;240;812 - 9136;119 - 1379;3706;81;120557;1000;[1329, 0.02, -1.6685976610303614e-05];[0, 0.0002, -1e-08]
1885;ВКОП;ВКОП 66-119-1885;ВКОП 66;660;895 - 6101;81 - 1003;1500;69;171846;1000;[953, 0.02, -2.6705030151226147e-05];[0, 0.0002, -1e-08]
1886;ВЦ;ВЦ 57-118-1886;ВЦ 57;570;560 - 1745;267 - 560;2138;98;191480;;;
1887;ВР;ВР 92-137-1887;ВР 92;920;683 - 2293;257 - 1487;842;110;118214;1000;[1487, 0, -0.00023393596887244194];[0, 0.0002, -1e-08]
1888;ВР;ВР 51-126-1888;ВР 51;510;1471 - 3074;110 - 393;492;73;93056;1000;[393, 0, -2.994875059738762e-05];[0, 0.0002, -1e-08]
1889;ВЦ;ВЦ 119-161-1889;ВЦ 119;1190;1960 - 10182;774 - 1124;2347;94;107084;2900;[1124, 0, -3.3759954990842178e-06];[0, 0.0002, -1e-08]
1890;ВЦ;ВЦ 89-185-1890;ВЦ 89;890;1699 - 2935;95 - 354;1208;85;27451;;;
1891;ВЦ;ВЦ 55-103-1891;ВЦ 55;550;1398 - 7438;506 - 706;3136;61;189633;1000;[706, 0, -3.6150777953896334e-06];[0, 0.0002, -1e-08]
1892;ВО;ВО 54-190-1892;ВО 54;540;982 - 8248;116 - 712;1959;107;22918;;;
1893;ВКОП;ВКОП 97-172-1893;ВКОП 97;970;1776 - 11699;311 - 934;1636;86;167114;;;
1894;УВО;УВО 80-125-1894;УВО 80;800;716 - 10001;143 - 760;827;81;183353;;;
1895;ВЦ;ВЦ 80-126-1895;ВЦ 80;800;1680 - 9934;627 - 1079;2769;71;14853;1450;[1079, 0, -4.580259914752851e-06];[0, 0.0002, -1e-08]
1896;ВЦ;ВЦ 61-122-1896;ВЦ 61;610;1121 - 2832;58 - 302;129;82;48008;1450;[302, 0, -3.0423090427399533e-05];[0, 0.0002, -1e-08]
1897;ВО;ВО 48-109-1897;ВО 48;480;1925 - 9257;175 - 435;3361;85;81167;2900;[385, 0.02, -4.6111629329810986e-06];[0, 0.0002, -1e-08]
1898;УВО;УВО 29-196-1898;УВО 29;290;1563 - 9335;499 - 843;4025;100;77010;;;
1899;ВЦ;ВЦ 107-158-1899;ВЦ 107;1070;1544 - 2609;1103 - 1202;4586;76;12966;1450;[1202, 0, -1.454410617726386e-05];[0, 0.0002, -1e-08]
1900;ВО;ВО 83-185-1900;ВО 83;830;1922 - 6889;174 - 706;561;67;165896;1450;[656, 0.02, -1.3059459056716314e-05];[0, 0.0002, -1e-08]
1901;ВЦ;ВЦ 93-174-1901;ВЦ 93;930;1893 - 10417;641 - 780;2792;83;83523;2900;[780, 0, -1.2809420183991379e-06];[0, 0.0002, -1e-08]
1902;Ц;Ц 106-193-1902;Ц 106;1060;589 - 5563;215 - 519;5000;93;181019;;;
1903;ВКОП;ВКОП 30-181-1903;ВКОП 30;300;1921 - 4659;163 - 402;3860;83;62573;1450;[352, 0.02, -1.2999923846927072e-05];[0, 0.0002, -1e-08]
1904;Ц;Ц 58-192-1904;Ц 58;580;1073 - 6601;106 - 354;549;85;136186;;;
1905;УВО;УВО 41-163-1905;УВО 41;410;1574 - 9860;290 - 904;1385;105;115195;;;
1906;ВКОП;ВКОП 62-145-1906;ВКОП 62;620;841 - 9997;552 - 665;1667;97;149433;;;
1907;ВКОП;ВКОП 119-124-1907;ВКОП 119;1190;1357 - 7957;331 - 540;3390;96;196432;;;
1908;ВР;ВР 28-144-1908;ВР 28;280;1795 - 7140;455 - 821;4888;95;130494;;;
1909;ВКОП;ВКОП 112-196-1909;ВКОП 112;1120;574 - 1889;371 - 775;3050;89;94767;2900;[725, 0.02, -0.00010979393389776312];[0, 0.0002, -1e-08]
1910;Ц;Ц 79-164-1910;Ц 79;790;956 - 3105;1001 - 1168;4220;105;131216;;;
1911;Ц;Ц 86-123-1911;Ц 86;860;1648 - 9067;211 - 597;4761;63;10966;;;
1912;УВО;УВО 73-181-1912;УВО 73;730;793 - 10443;342 - 666;1320;96;171020;1450;[616, 0.02, -4.427623400104289e-06];[0, 0.0002, -1e-08]
1913;ВЦ;ВЦ 107-104-1913;ВЦ 107;1070;1664 - 9842;158 - 314;4368;80;35688;1450;[314, 0, -1.6104894231933024e-06];[0, 0.0002, -1e-08]
1914;ВКОП;ВКОП 54-124-1914;ВКОП 54;540;1163 - 6072;284 - 731;1270;79;148480;1000;[681, 0.02, -1.406160765586784e-05];[0, 0.0002, -1e-08]
1915;ВР;ВР 68-135-1915;ВР 68;680;1853 - 11098;307 - 820;3045;70;70861;2900;[820, 0, -4.165123892868662e-06];[0, 0.0002, -1e-08]
1916;ВР;ВР 115-117-1916;ВР 115;1150;938 - 2347;1187 - 1251;2010;110;83164;;;
1917;УВО;УВО 73-119-1917;УВО 73;730;1695 - 4916;274 - 552;309;74;89708;2900;[502, 0.02, -1.3502679018909046e-05];[0, 0.0002, -1e-08]
1918;ВР;ВР 48-162-1918;ВР 48;480;1902 - 5495;361 - 569;2509;70;157076;1450;[569, 0, -6.888552004841857e-06];[0, 0.0002, -1e-08]
1919;ВЦ;ВЦ 66-153-1919;ВЦ 66;660;1305 - 10132;549 - 1080;3368;102;135420;;;
1920;ВО;ВО 84-111-1920;ВО 84;840;1432 - 2433;1198 - 1279;1427;100;41359;;;
1921;ВКОП;ВКОП 66-119-1921;ВКОП 66;660;675 - 6030;527 - 579;632;104;132160;1000;[529, 0.02, -3.3717537244677662e-06];[0, 0.0002, -1e-08]
1922;ВО;ВО 71-193-1922;ВО 71;710;1626 - 6079;271 - 366;287;98;37970;;;
1923;УВО;УВО 58-107-1923;УВО 58;580;1700 - 10241;666 - 1263;294;86;105627;;;
1924;Ц;Ц 110-103-1924;Ц 110;1100;532 - 7334;207 - 594;1405;66;108436;;;
1925;УВО;УВО 119-152-1925;УВО 119;1190;1600 - 3964;1049 - 1450;1689;108;156898;;;
1926;ВЦ;ВЦ 85-152-1926;ВЦ 85;850;1642 - 8730;127 - 672;1206;100;14587;1000;[672, 0, -7.1510203653187324e-06];[0, 0.0002, -1e-08]
1927;ВО;ВО 109-190-1927;ВО 109;1090;1474 - 3798;607 - 788;618;110;20389;1000;[738, 0.02, -1.4347508638592248e-05];[0, 0.0002, -1e-08]
1928;ВКОП;ВКОП 81-145-1928;ВКОП 81;810;1925 - 5622;164 - 333;1641;76;52430;1000;[283, 0.02, -7.3224554498950295e-06];[0, 0.0002, -1e-08]
1929;Ц;Ц 62-123-1929;Ц 62;620;1996 - 8968;596 - 763;2038;105;41211;2900;[763, 0, -2.0764681400654604e-06];[0, 0.0002, -1e-08]
1930;УВО;УВО 118-117-1930;УВО 118;1180;995 - 6317;226 - 571;151;67;132810;;;
1931;УВО;УВО 119-163-1931;УВО 119;1190;855 - 7942;552 - 1229;3553;66;52321;;;
1932;ВКОП;ВКОП 79-200-1932;ВКОП 79;790;1560 - 9810;372 - 1046;3436;99;101995;1000;[996, 0.02, -8.52278926515102e-06];[0, 0.0002, -1e-08]
1933;ВЦ;ВЦ 75-155-1933;ВЦ 75;750;940 - 3380;170 - 915;637;105;82424;;;
1934;ВР;ВР 113-105-1934;ВР 113;1130;1883 - 9490;183 - 534;858;103;148838;2900;[534, 0, -3.897397404622024e-06];[0, 0.0002, -1e-08]
1935;ВО;ВО 68-116-1935;ВО 68;680;1987 - 7811;55 - 769;2720;94;108775;1000;[719, 0.02, -1.3443646344609751e-05];[0, 0.0002, -1e-08]
1936;ВКОП;ВКОП 68-126-1936;ВКОП 68;680;844 - 3835;1169 - 1458;1917;80;59024;1450;[1408, 0.02, -2.1465640187050922e-05];[0, 0.0002, -1e-08]
1937;ВО;ВО 100-181-1937;ВО 100;1000;629 - 10585;374 - 850;1489;72;15359;;;
1938;ВКОП;ВКОП 21-131-1938;ВКОП 21;210;1482 - 3188;376 - 1003;4218;98;23859;;;
1939;ВЦ;ВЦ 118-180-1939;ВЦ 118;1180;1240 - 2836;423 - 1458;944;79;12104;2900;[1458, 0, -0.00012868499107784062];[0, 0.0002, -1e-08]
1940;ВР;ВР 56-186-1940;ВР 56;560;625 - 6846;182 - 435;3603;96;23658;;;
1941;Ц;Ц 112-159-1941;Ц 112;1120;1343 - 4122;551 - 1076;4519;89;79284;1000;[1076, 0, -3.0898922033721144e-05];[0, 0.0002, -1e-08]
1942;Ц;Ц 52-193-1942;Ц 52;520;922 - 6008;691 - 1058;4588;108;30833;1450;[1058, 0, -1.0167313533132033e-05];[0, 0.0002, -1e-08]
1943;ВКОП;ВКОП 95-158-1943;ВКОП 95;950;1208 - 5362;56 - 1449;2639;94;172785;;;
1944;Ц;Ц 50-136-1944;Ц 50;500;1440 - 11157;401 - 932;1360;74;81628;;;
1945;ВО;ВО 40-109-1945;ВО 40;400;1751 - 10458;244 - 761;4528;77;78808;2900;[711, 0.02, -6.182330246227833e-06];[0, 0.0002, -1e-08]
1946;Ц;Ц 120-158-1946;Ц 120;1200;911 - 6158;668 - 1432;2297;97;195974;2900;[1432, 0, -2.0147167144801487e-05];[0, 0.0002, -1e-08]
1947;ВР;ВР 59-130-1947;ВР 59;590;1302 - 2648;150 - 477;2981;73;31394;;;
1948;ВЦ;ВЦ 42-147-1948;ВЦ 42;420;694 - 5360;557 - 1048;1949;89;97168;2900;[1048, 0, -1.7090387614167967e-05];[0, 0.0002, -1e-08]
1949;ВР;ВР 118-155-1949;ВР 118;1180;1781 - 4785;601 - 1295;4742;81;186179;2900;[1295, 0, -3.0310673484384434e-05];[0, 0.0002, -1e-08]
1950;ВО;ВО 23-168-1950;ВО 23;230;1167 - 7900;267 - 384;769;88;191624;;;
1951;ВО;ВО 58-146-1951;ВО 58;580;778 - 1840;808 - 1361;4561;65;133956;1450;[1311, 0.02, -0.00015943998109640831];[0, 0.0002, -1e-08]
1952;ВЦ;ВЦ 82-135-1952;ВЦ 82;820;1501 - 2943;721 - 856;4974;85;48612;;;
1953;Ц;Ц 46-160-1953;Ц 46;460;501 - 9350;615 - 1393;4434;103;131009;;;
1954;ВО;ВО 59-151-1954;ВО 59;590;1781 - 8274;444 - 1013;3180;103;168335;;;
1955;УВО;УВО 85-169-1955;УВО 85;850;1820 - 2959;355 - 1182;2035;85;64452;1000;[1132, 0.02, -9.550142359000973e-05];[0, 0.0002, -1e-08]
1956;ВКОП;ВКОП 77-154-1956;ВКОП 77;770;895 - 8031;155 - 556;4573;89;185502;2900;[506, 0.02, -7.932466771573936e-06];[0, 0.0002, -1e-08]
1957;ВР;ВР 49-137-1957;ВР 49;490;1358 - 5946;52 - 1196;3175;77;157442;;;
1958;УВО;УВО 88-189-1958;УВО 88;880;1264 - 7552;182 - 808;2733;68;14775;;;
1959;ВЦ;ВЦ 120-153-1959;ВЦ 120;1200;539 - 7671;515 - 1101;3910;105;69454;;;
1960;ВКОП;ВКОП 56-186-1960;ВКОП 56;560;1866 - 11272;88 - 796;388;98;18823;1450;[746, 0.02, -6.953045941607259e-06];[0, 0.0002, -1e-08]
1961;ВР;ВР 37-128-1961;ВР 37;370;1076 - 10675;727 - 809;4455;94;190504;;;
1962;ВКОП;ВКОП 115-145-1962;ВКОП 115;1150;1152 - 9227;403 - 1325;2850;100;190410;;;
1963;ВЦ;ВЦ 82-143-1963;ВЦ 82;820;1253 - 9126;1052 - 1439;1655;97;83291;;;
1964;ВКОП;ВКОП 93-187-1964;ВКОП 93;930;1524 - 5868;795 - 1448;3632;82;135225;;;
1965;ВР;ВР 95-110-1965;ВР 95;950;1303 - 10904;269 - 1240;4554;71;125443;1450;[1240, 0, -8.166717713558575e-06];[0, 0.0002, -1e-08]
1966;ВКОП;ВКОП 106-195-1966;ВКОП 106;1060;582 - 8301;862 - 1252;4327;98;38296;;;
1967;ВО;ВО 39-117-1967;ВО 39;390;1432 - 11124;243 - 322;3251;95;54507;1000;[272, 0.02, -2.0322703980534685e-06];[0, 0.0002, -1e-08]
1968;ВР;ВР 66-184-1968;ВР 66;660;840 - 10480;627 - 747;1016;81;96496;2900;[747, 0, -1.0925936716974534e-06];[0, 0.0002, -1e-08]
1969;Ц;Ц 111-165-1969;Ц 111;1110;1355 - 11268;618 - 1011;2099;61;155281;1000;[1011, 0, -3.0952723896410163e-06];[0, 0.0002, -1e-08]
1970;Ц;Ц 62-189-1970;Ц 62;620;1638 - 10717;70 - 537;1522;63;69937;;;
1971;ВЦ;ВЦ 50-125-1971;ВЦ 50;500;1809 - 4886;233 - 420;730;75;184099;;;
1972;ВКОП;ВКОП 72-198-1972;ВКОП 72;720;1696 - 9389;524 - 1006;4947;67;197554;;;
1973;УВО;УВО 53-101-1973;УВО 53;530;1393 - 9929;861 - 1094;2408;78;28763;;;
1974;Ц;Ц 88-160-1974;Ц 88;880;794 - 4730;759 - 1260;1082;109;75846;1000;[1260, 0, -2.239316315721252e-05];[0, 0.0002, -1e-08]
1975;ВР;ВР 38-137-1975;ВР 38;380;501 - 3905;488 - 641;1056;103;148944;1450;[641, 0, -1.0033428366731643e-05];[0, 0.0002, -1e-08]
1976;ВО;ВО 75-196-1976;ВО 75;750;1955 - 8253;93 - 1036;796;81;104222;;;
1977;УВО;УВО 84-178-1977;УВО 84;840;1637 - 7495;313 - 739;4494;87;72425;;;
1978;ВКОП;ВКОП 76-169-1978;ВКОП 76;760;984 - 9392;300 - 460;3578;98;41678;;;
1979;ВЦ;ВЦ 64-151-1979;ВЦ 64;640;1817 - 3624;680 - 1008;4428;67;137346;;;
1980;ВКОП;ВКОП 36-131-1980;ВКОП 36;360;530 - 8759;525 - 1212;3480;81;86940;2900;[1162, 0.02, -1.0586276622935267e-05];[0, 0.0002, -1e-08]
1981;ВР;ВР 73-116-1981;ВР 73;730;1363 - 6987;493 - 932;485;101;31442;;;
1982;ВЦ;ВЦ 104-180-1982;ВЦ 104;1040;1669 - 8098;290 - 481;3727;94;167470;2900;[481, 0, -2.91257972767654e-06];[0, 0.0002, -1e-08]
1983;Ц;Ц 93-171-1983;Ц 93;930;1436 - 8448;343 - 1249;3713;103;14228;1450;[1249, 0, -1.2694639936294765e-05];[0, 0.0002, -1e-08]
1984;ВО;ВО 30-144-1984;ВО 30;300;1033 - 3548;115 - 1083;1275;72;104044;;;
1985;ВЦ;ВЦ 49-130-1985;ВЦ 49;490;1351 - 9776;1201 - 1309;979;79;25200;;;
1986;ВО;ВО 98-123-1986;ВО 98;980;533 - 2680;265 - 538;4550;97;131947;;;
1987;ВР;ВР 119-179-1987;ВР 119;1190;1708 - 8852;96 - 546;1762;67;18010;;;
1988;ВО;ВО 81-189-1988;ВО 81;810;809 - 7358;208 - 1075;2397;80;79913;2900;[1025, 0.02, -1.780859031014387e-05];[0, 0.0002, -1e-08]
1989;ВО;ВО 93-150-1989;ВО 93;930;1800 - 6491;302 - 588;4053;76;21655;1000;[538, 0.02, -8.6824887076262e-06];[0, 0.0002, -1e-08]
1990;ВЦ;ВЦ 53-101-1990;ВЦ 53;530;1235 - 5616;652 - 1447;3862;109;70834;1000;[1447, 0, -2.520652226848808e-05];[0, 0.0002, -1e-08]
1991;УВО;УВО 36-151-1991;УВО 36;360;1633 - 6089;170 - 1454;2990;60;67589;1450;[1404, 0.02, -3.656766881124814e-05];[0, 0.0002, -1e-08]
1992;УВО;УВО 74-145-1992;УВО 74;740;997 - 6865;177 - 380;3710;70;21067;2900;[330, 0.02, -6.159790656236258e-06];[0, 0.0002, -1e-08]
1993;ВР;ВР 115-174-1993;ВР 115;1150;1777 - 9682;209 - 537;1847;65;156938;2900;[537, 0, -3.498997942461198e-06];[0, 0.0002, -1e-08]
1994;ВР;ВР 46-176-1994;ВР 46;460;1189 - 6424;139 - 560;2639;102;93478;;;
1995;ВКОП;ВКОП 90-157-1995;ВКОП 90;900;1269 - 3129;64 - 502;1031;87;63710;1000;[452, 0.02, -4.602150155439261e-05];[0, 0.0002, -1e-08]
1996;Ц;Ц 107-147-1996;Ц 107;1070;563 - 9012;222 - 1341;2374;84;70545;;;
1997;ВКОП;ВКОП 58-139-1997;ВКОП 58;580;1159 - 3362;274 - 543;801;93;185843;;;
1998;Ц;Ц 75-140-1998;Ц 75;750;1507 - 3939;102 - 808;556;96;149880;2900;[808, 0, -4.550223608686957e-05];[0, 0.0002, -1e-08]
1999;ВЦ;ВЦ 47-178-1999;ВЦ 47;470;1347 - 10003;369 - 459;4296;63;22270;1450;[459, 0, -8.994602429028364e-07];[0, 0.0002, -1e-08]
2000;ВР;ВР 46-133-2000;ВР 46;460;1698 - 4051;957 - 1261;4886;91;142070;;;
2001;ВКОП;ВКОП 113-164-2001;ВКОП 113;1130;1266 - 10325;476 - 662;3418;62;194202;1000;[612, 0.02, -3.2127760613007054e-06];[0, 0.0002, -1e-08]
2002;ВЦ;ВЦ 29-182-2002;ВЦ 29;290;1273 - 2831;853 - 1004;294;100;134719;;;
2003;ВО;ВО 61-108-2003;ВО 61;610;1849 - 7141;207 - 429;1868;93;63769;;;
2004;ВР;ВР 56-185-2004;ВР 56;560;1875 - 9827;199 - 564;1741;101;162954;;;
2005;УВО;УВО 119-151-2005;УВО 119;1190;1490 - 4784;161 - 951;2183;99;176019;1450;[901, 0.02, -3.651385331260277e-05];[0, 0.0002, -1e-08]
2006;ВО;ВО 22-111-2006;ВО 22;220;870 - 7020;101 - 521;4295;66;89087;2900;[471, 0.02, -1.0357058790107223e-05];[0, 0.0002, -1e-08]
2007;УВО;УВО 65-141-2007;УВО 65;650;1744 - 10266;196 - 837;699;84;178497;;;
2008;ВКОП;ВКОП 70-113-2008;ВКОП 70;700;890 - 2242;92 - 365;2330;83;168677;1450;[315, 0.02, -5.3284907941090584e-05];[0, 0.0002, -1e-08]
2009;Ц;Ц 47-105-2009;Ц 47;470;1710 - 9079;373 - 701;3155;94;32028;1450;[701, 0, -3.979218724320467e-06];[0, 0.0002, -1e-08]
2010;Ц;Ц 52-170-2010;Ц 52;520;1235 - 11220;277 - 1185;4892;94;79307;1000;[1185, 0, -7.2127376311081875e-06];[0, 0.0002, -1e-08]
2011;ВО;ВО 116-105-2011;ВО 116;1160;1751 - 9262;141 - 415;4962;79;181320;;;
2012;ВКОП;ВКОП 111-127-2012;ВКОП 111;1110;863 - 5897;501 - 748;619;65;195143;2900;[698, 0.02, -9.056607940581014e-06];[0, 0.0002, -1e-08]
2013;ВО;ВО 55-102-2013;ВО 55;550;1712 - 4088;394 - 477;1754;77;68665;;;
2014;ВКОП;ВКОП 73-107-2014;ВКОП 73;730;1830 - 6832;275 - 1027;544;89;103087;1450;[977, 0.02, -1.796717746491233e-05];[0, 0.0002, -1e-08]
2015;ВО;ВО 119-132-2015;ВО 119;1190;1866 - 6828;230 - 534;4376;79;40499;;;
2016;ВЦ;ВЦ 58-135-2016;ВЦ 58;580;1621 - 9190;556 - 1119;652;83;131411;2900;[1119, 0, -6.666185154180692e-06];[0, 0.0002, -1e-08]
2017;ВР;ВР 41-173-2017;ВР 41;410;864 - 2200;86 - 482;4403;71;81831;1450;[482, 0, -8.181818181818182e-05];[0, 0.0002, -1e-08]
2018;ВО;ВО 115-163-2018;ВО 115;1150;1332 - 4768;109 - 1403;3638;104;102337;;;
2019;ВКОП;ВКОП 90-136-2019;ВКОП 90;900;967 - 3853;55 - 413;1785;109;101069;;;
2020;УВО;УВО 118-120-2020;УВО 118;1180;1153 - 4654;1037 - 1354;237;61;171764;;;
2021;Ц;Ц 50-126-2021;Ц 50;500;1573 - 7867;519 - 1118;4160;96;140778;1000;[1118, 0, -9.678510421986447e-06];[0, 0.0002, -1e-08]
2022;ВР;ВР 31-137-2022;ВР 31;310;1532 - 10438;286 - 596;1457;77;33904;;;
2023;УВО;УВО 41-188-2023;УВО 41;410;1116 - 2349;246 - 901;3426;70;100438;;;
2024;ВО;ВО 42-159-2024;ВО 42;420;912 - 2683;252 - 320;1197;79;134404;1450;[270, 0.02, -9.954866917209987e-06];[0, 0.0002, -1e-08]
2025;Ц;Ц 105-160-2025;Ц 105;1050;738 - 5427;307 - 528;157;75;15032;;;
2026;ВР;ВР 68-108-2026;ВР 68;680;1294 - 9845;380 - 505;620;80;186597;1000;[505, 0, -1.2896699244588738e-06];[0, 0.0002, -1e-08]
2027;Ц;Ц 94-166-2027;Ц 94;940;1420 - 6071;983 - 1319;4674;73;97615;;;
2028;ВО;ВО 103-126-2028;ВО 103;1030;1659 - 6358;247 - 855;3614;106;44202;1450;[805, 0.02, -1.6949268264397502e-05];[0, 0.0002, -1e-08]
2029;ВЦ;ВЦ 106-148-2029;ВЦ 106;1060;849 - 4594;316 - 571;621;68;106091;;;
2030;ВР;ВР 29-104-2030;ВР 29;290;1255 - 5043;744 - 913;1448;89;42250;;;
2031;Ц;Ц 84-131-2031;Ц 84;840;1943 - 9159;1266 - 1477;1969;99;122134;2900;[1477, 0, -2.515279998168018e-06];[0, 0.0002, -1e-08]
2032;Ц;Ц 41-136-2032;Ц 41;410;852 - 9919;448 - 930;3130;110;107184;1450;[930, 0, -4.8990430715430736e-06];[0, 0.0002, -1e-08]
2033;ВО;ВО 52-152-2033;ВО 52;520;1368 - 10831;172 - 567;1538;79;71687;;;
2034;ВР;ВР 46-173-2034;ВР 46;460;1258 - 10051;389 - 546;1301;95;98830;;;
2035;ВЦ;ВЦ 81-149-2035;ВЦ 81;810;1034 - 3808;506 - 1084;1216;76;142700;;;
2036;Ц;Ц 94-157-2036;Ц 94;940;530 - 2023;549 - 1253;2785;64;83046;;;
2037;ВР;ВР 80-190-2037;ВР 80;800;1221 - 5457;96 - 1075;307;78;45636;1000;[1075, 0, -3.2875683005746794e-05];[0, 0.0002, -1e-08]
2038;УВО;УВО 99-174-2038;УВО 99;990;579 - 5293;470 - 741;3836;70;34369;1450;[691, 0.02, -1.166696750828433e-05];[0, 0.0002, -1e-08]
2039;Ц;Ц 23-119-2039;Ц 23;230;1423 - 2423;776 - 1053;2265;97;111098;;;
2040;ВЦ;ВЦ 86-126-2040;ВЦ 86;860;1562 - 5723;170 - 774;211;67;20922;2900;[774, 0, -1.8441211417833305e-05];[0, 0.0002, -1e-08]
2041;ВЦ;ВЦ 79-185-2041;ВЦ 79;790;1652 - 6363;1057 - 1187;348;108;17127;2900;[1187, 0, -3.2108462187679446e-06];[0, 0.0002, -1e-08]
2042;Ц;Ц 70-183-2042;Ц 70;700;785 - 9269;770 - 1392;1790;69;192531;;;
2043;ВР;ВР 72-189-2043;ВР 72;720;1542 - 8262;83 - 505;3457;81;55371;;;
2044;ВЦ;ВЦ 109-125-2044;ВЦ 109;1090;1597 - 8354;822 - 906;250;91;131629;1450;[906, 0, -1.2036226289995448e-06];[0, 0.0002, -1e-08]
2045;ВО;ВО 102-122-2045;ВО 102;1020;1535 - 4231;741 - 816;2332;105;119400;1000;[766, 0.02, -6.123556750796769e-06];[0, 0.0002, -1e-08]
2046;Ц;Ц 78-185-2046;Ц 78;780;768 - 9771;247 - 349;607;83;115306;;;
2047;Ц;Ц 32-163-2047;Ц 32;320;955 - 4506;369 - 906;780;64;145719;;;
2048;ВО;ВО 95-164-2048;ВО 95;950;980 - 3974;563 - 870;641;99;184279;1450;[820, 0.02, -2.1306078843129564e-05];[0, 0.0002, -1e-08]
2049;ВЦ;ВЦ 97-127-2049;ВЦ 97;970;954 - 8289;1131 - 1455;125;71;98544;;;
2050;ВО;ВО 38-170-2050;ВО 38;380;521 - 10415;247 - 1372;1137;106;161440;;;
2051;Ц;Ц 57-124-2051;Ц 57;570;1905 - 7608;656 - 1025;3149;78;37234;;;
2052;ВЦ;ВЦ 110-190-2052;ВЦ 110;1100;1566 - 7805;349 - 1145;3670;76;101935;2900;[1145, 0, -1.3066740098681794e-05];[0, 0.0002, -1e-08]
2053;Ц;Ц 65-154-2053;Ц 65;650;1205 - 8562;414 - 551;425;103;72941;;;
2054;Ц;Ц 71-194-2054;Ц 71;710;1953 - 4249;1103 - 1358;2343;87;173122;;;
2055;ВО;ВО 25-172-2055;ВО 25;250;1090 - 5551;1074 - 1283;1158;110;147847;1450;[1233, 0.02, -8.76301344980744e-06];[0, 0.0002, -1e-08]
2056;ВО;ВО 98-200-2056;ВО 98;980;1290 - 5484;303 - 1346;4192;78;52881;1000;[1296, 0.02, -3.666524618264871e-05];[0, 0.0002, -1e-08]
2057;ВР;ВР 68-101-2057;ВР 68;680;1801 - 11288;1061 - 1218;3159;70;41323;;;
2058;ВЦ;ВЦ 64-119-2058;ВЦ 64;640;707 - 5332;355 - 1206;1804;109;134889;;;
2059;ВР;ВР 99-195-2059;ВР 99;990;767 - 7345;246 - 493;2776;79;179915;2900;[493, 0, -4.578395995108346e-06];[0, 0.0002, -1e-08]
2060;ВР;ВР 77-102-2060;ВР 77;770;907 - 4285;440 - 1119;2977;101;170430;;;
2061;УВО;УВО 94-195-2061;УВО 94;940;775 - 4479;597 - 673;2878;104;195878;2900;[623, 0.02, -5.761300995277458e-06];[0, 0.0002, -1e-08]
2062;Ц;Ц 66-174-2062;Ц 66;660;1585 - 3455;52 - 1210;1267;72;196098;;;
2063;ВКОП;ВКОП 45-179-2063;ВКОП 45;450;1142 - 8277;405 - 548;2970;102;172442;;;
2064;УВО;УВО 37-165-2064;УВО 37;370;673 - 5599;108 - 1454;1254;70;19990;;;
2065;ВР;ВР 118-101-2065;ВР 118;1180;1341 - 7491;231 - 715;1514;84;195726;;;
2066;ВР;ВР 62-138-2066;ВР 62;620;1440 - 3140;1039 - 1490;1955;103;97325;1450;[1490, 0, -4.574222077974766e-05];[0, 0.0002, -1e-08]
2067;ВР;ВР 106-144-2067;ВР 106;1060;1203 - 7879;671 - 1418;2915;92;20311;;;
2068;ВКОП;ВКОП 82-109-2068;ВКОП 82;820;1593 - 7289;1050 - 1117;1710;72;147353;2900;[1067, 0.02, -3.063833381821756e-06];[0, 0.0002, -1e-08]
2069;ВО;ВО 75-186-2069;ВО 75;750;840 - 10731;366 - 1326;2486;94;132314;;;
2070;ВО;ВО 82-154-2070;ВО 82;820;1844 - 4148;529 - 1063;4486;90;70980;1000;[1013, 0.02, -3.295147991061673e-05];[0, 0.0002, -1e-08]
2071;УВО;УВО 27-163-2071;УВО 27;270;584 - 5626;1403 - 1458;1701;78;83478;;;
2072;ВР;ВР 114-193-2072;ВР 114;1140;1604 - 2849;387 - 631;3886;101;105619;2900;[631, 0, -3.0061104122178184e-05];[0, 0.0002, -1e-08]
2073;ВР;ВР 30-131-2073;ВР 30;300;1900 - 5368;835 - 1132;1132;105;16421;;;
2074;Ц;Ц 70-106-2074;Ц 70;700;1171 - 3572;328 - 722;4190;81;130552;;;
2075;ВКОП;ВКОП 30-171-2075;ВКОП 30;300;752 - 2030;350 - 830;3045;82;185503;1000;[780, 0.02, -0.00011419835472833605];[0, 0.0002, -1e-08]
2076;Ц;Ц 63-199-2076;Ц 63;630;1717 - 3745;100 - 1245;2437;106;133929;2900;[1245, 0, -8.163978317329203e-05];[0, 0.0002, -1e-08]
2077;Ц;Ц 80-131-2077;Ц 80;800;1668 - 3162;544 - 888;4634;97;148089;1000;[888, 0, -3.440604170092268e-05];[0, 0.0002, -1e-08]
2078;ВР;ВР 43-182-2078;ВР 43;430;547 - 2405;404 - 767;3916;108;41716;;;
2079;ВР;ВР 42-196-2079;ВР 42;420;962 - 9263;606 - 791;2962;93;69066;;;
2080;ВО;ВО 106-165-2080;ВО 106;1060;818 - 8239;58 - 519;1601;67;73187;;;
2081;Ц;Ц 110-175-2081;Ц 110;1100;900 - 7470;167 - 836;4688;62;181921;;;
2082;Ц;Ц 62-102-2082;Ц 62;620;1518 - 6949;368 - 1341;4143;106;13350;;;
2083;Ц;Ц 23-127-2083;Ц 23;230;1406 - 2438;200 - 393;969;77;198964;;;
2084;ВЦ;ВЦ 113-180-2084;ВЦ 113;1130;1786 - 8857;567 - 708;1561;72;92299;;;
2085;ВКОП;ВКОП 81-109-2085;ВКОП 81;810;881 - 5745;333 - 762;4323;91;69920;;;
2086;Ц;Ц 51-171-2086;Ц 51;510;1804 - 10800;471 - 642;4869;88;132415;1000;[642, 0, -1.4660493827160495e-06];[0, 0.0002, -1e-08]
2087;ВР;ВР 110-193-2087;ВР 110;1100;1711 - 5225;831 - 981;2190;72;154977;1000;[981, 0, -5.494379707424281e-06];[0, 0.0002, -1e-08]
2088;ВО;ВО 56-163-2088;ВО 56;560;1874 - 5499;70 - 602;3890;70;194304;;;
2089;ВР;ВР 74-197-2089;ВР 74;740;1297 - 6583;279 - 1241;1758;68;92621;;;
2090;ВКОП;ВКОП 48-138-2090;ВКОП 48;480;810 - 7867;755 - 946;3467;73;15018;;;
2091;ВЦ;ВЦ 38-148-2091;ВЦ 38;380;1671 - 11205;441 - 967;1228;79;16318;;;
2092;ВКОП;ВКОП 56-159-2092;ВКОП 56;560;1572 - 6192;232 - 541;4294;78;156955;2900;[491, 0.02, -9.985168826659724e-06];[0, 0.0002, -1e-08]
2093;УВО;УВО 34-104-2093;УВО 34;340;876 - 7479;94 - 415;3329;70;151361;;;
2094;ВЦ;ВЦ 39-120-2094;ВЦ 39;390;1416 - 9534;470 - 768;4571;90;151999;;;
2095;ВО;ВО 65-122-2095;ВО 65;650;1643 - 4093;146 - 302;4412;94;48584;;;
2096;ВКОП;ВКОП 101-169-2096;ВКОП 101;1010;848 - 6098;390 - 704;1657;66;43070;;;
2097;ВКОП;ВКОП 68-154-2097;ВКОП 68;680;673 - 7216;988 - 1341;983;78;178575;;;
2098;Ц;Ц 24-189-2098;Ц 24;240;1726 - 9165;958 - 1452;4697;98;190515;;;
2099;УВО;УВО 110-108-2099;УВО 110;1100;1669 - 7385;290 - 911;4055;98;95545;;;
2100;ВР;ВР 89-156-2100;ВР 89;890;1546 - 6037;265 - 572;2835;69;142082;1450;[572, 0, -8.423566791160764e-06];[0, 0.0002, -1e-08]
2101;ВО;ВО 85-158-2101;ВО 85;850;1166 - 10376;421 - 1003;1341;94;174516;2900;[953, 0.02, -6.868944346392154e-06];[0, 0.0002, -1e-08]
2102;ВО;ВО 87-191-2102;ВО 87;870;819 - 10425;84 - 1164;4820;101;62275;;;
2103;Ц;Ц 84-182-2103;Ц 84;840;1857 - 5335;861 - 981;1729;110;88420;2900;[981, 0, -4.216114516697131e-06];[0, 0.0002, -1e-08]
2104;ВР;ВР 48-196-2104;ВР 48;480;1094 - 5456;1070 - 1417;4499;102;159034;1000;[1417, 0, -1.1656837746493409e-05];[0, 0.0002, -1e-08]
2105;Ц;Ц 26-118-2105;Ц 26;260;1699 - 3408;230 - 849;4131;105;30872;2900;[849, 0, -5.329561484714232e-05];[0, 0.0002, -1e-08]
2106;Ц;Ц 119-110-2106;Ц 119;1190;949 - 10043;590 - 1131;4172;64;14452;1450;[1131, 0, -5.363772381368896e-06];[0, 0.0002, -1e-08]
2107;ВЦ;ВЦ 55-122-2107;ВЦ 55;550;935 - 7262;458 - 736;3289;100;191410;;;
2108;ВКОП;ВКОП 88-146-2108;ВКОП 88;880;1988 - 8930;531 - 1027;1306;75;140642;;;
2109;Ц;Ц 33-149-2109;Ц 33;330;855 - 2392;1161 - 1248;4307;110;14117;1450;[1248, 0, -1.5205366830348653e-05];[0, 0.0002, -1e-08]
2110;ВКОП;ВКОП 60-156-2110;ВКОП 60;600;1398 - 2487;113 - 313;1648;62;161127;1450;[263, 0.02, -3.2293377917402095e-05];[0, 0.0002, -1e-08]
2111;ВР;ВР 53-108-2111;ВР 53;530;740 - 5874;166 - 983;2001;67;173880;;;
2112;ВЦ;ВЦ 35-184-2112;ВЦ 35;350;777 - 6882;130 - 612;2467;108;116010;1000;[612, 0, -1.0176951426213174e-05];[0, 0.0002, -1e-08]
2113;Ц;Ц 26-160-2113;Ц 26;260;1466 - 10367;631 - 907;1416;96;148018;;;
2114;ВКОП;ВКОП 82-131-2114;ВКОП 82;820;1093 - 4294;347 - 768;373;92;20780;;;
2115;ВР;ВР 97-135-2115;ВР 97;970;773 - 10259;635 - 746;1713;95;130522;1000;[746, 0, -1.054661078913913e-06];[0, 0.0002, -1e-08]
2116;Ц;Ц 26-159-2116;Ц 26;260;897 - 2636;307 - 360;4501;108;199509;;;
2117;ВР;ВР 60-164-2117;ВР 60;600;1269 - 6670;1011 - 1132;230;73;199583;;;
2118;ВКОП;ВКОП 43-199-2118;ВКОП 43;430;1758 - 7354;332 - 1066;1536;90;38242;1000;[1016, 0.02, -1.5367229599220553e-05];[0, 0.0002, -1e-08]
2119;Ц;Ц 44-159-2119;Ц 44;440;729 - 10665;67 - 1246;684;91;58424;1450;[1246, 0, -1.0365543666830854e-05];[0, 0.0002, -1e-08]
2120;ВКОП;ВКОП 110-144-2120;ВКОП 110;1100;845 - 7617;830 - 1412;349;98;85108;1000;[1362, 0.02, -1.1795164830422143e-05];[0, 0.0002, -1e-08]
2121;ВКОП;ВКОП 59-166-2121;ВКОП 59;590;1721 - 9060;92 - 698;3526;109;134894;1000;[648, 0.02, -8.98108757413174e-06];[0, 0.0002, -1e-08]
2122;ВР;ВР 97-139-2122;ВР 97;970;1540 - 2716;161 - 448;2889;85;196691;;;
2123;ВЦ;ВЦ 73-156-2123;ВЦ 73;730;1475 - 6404;195 - 349;1692;65;20127;2900;[349, 0, -3.755070320275312e-06];[0, 0.0002, -1e-08]
2124;ВКОП;ВКОП 38-184-2124;ВКОП 38;380;746 - 4358;222 - 943;2655;84;122864;;;
2125;Ц;Ц 55-135-2125;Ц 55;550;1865 - 3762;271 - 382;3464;87;128702;1450;[382, 0, -7.84305745272756e-06];[0, 0.0002, -1e-08]
2126;ВЦ;ВЦ 108-114-2126;ВЦ 108;1080;558 - 2818;701 - 911;3128;94;52973;2900;[911, 0, -2.6444619174817066e-05];[0, 0.0002, -1e-08]
2127;Ц;Ц 47-177-2127;Ц 47;470;669 - 3936;64 - 349;3974;108;15108;2900;[349, 0, -1.839647779099742e-05];[0, 0.0002, -1e-08]
2128;ВЦ;ВЦ 86-154-2128;ВЦ 86;860;1902 - 4766;95 - 995;1241;77;62422;;;
2129;ВР;ВР 22-167-2129;ВР 22;220;1227 - 9482;357 - 957;1383;97;36412;;;
2130;Ц;Ц 48-189-2130;Ц 48;480;1906 - 11313;274 - 899;3094;65;65392;;;
2131;ВР;ВР 61-119-2131;ВР 61;610;1597 - 3356;196 - 1240;4916;90;131266;;;
2132;УВО;УВО 82-193-2132;УВО 82;820;981 - 8360;1150 - 1460;990;78;45135;;;
2133;ВР;ВР 110-194-2133;ВР 110;1100;1260 - 4299;235 - 840;1150;64;38039;;;
2134;ВО;ВО 70-101-2134;ВО 70;700;1914 - 9353;118 - 441;3095;94;36917;;;
2135;УВО;УВО 44-132-2135;УВО 44;440;1122 - 9350;488 - 1170;2667;81;16999;;;
2136;ВР;ВР 102-119-2136;ВР 102;1020;864 - 6461;1240 - 1469;4980;94;166795;;;
2137;ВО;ВО 73-171-2137;ВО 73;730;710 - 7014;620 - 1387;4206;81;105586;;;
2138;ВКОП;ВКОП 115-128-2138;ВКОП 115;1150;1913 - 4886;552 - 1466;1395;86;19988;1000;[1416, 0.02, -4.0284847364779854e-05];[0, 0.0002, -1e-08]
2139;ВР;ВР 65-103-2139;ВР 65;650;1653 - 5643;720 - 1142;262;65;109859;;;
2140;Ц;Ц 74-104-2140;Ц 74;740;507 - 9500;385 - 710;1837;66;31854;;;
2141;ВР;ВР 115-126-2141;ВР 115;1150;1465 - 2953;279 - 689;1945;84;196638;;;
2142;УВО;УВО 98-104-2142;УВО 98;980;875 - 7001;993 - 1288;3785;88;101731;;;
2143;ВР;ВР 52-105-2143;ВР 52;520;1595 - 4152;200 - 703;2540;107;99370;2900;[703, 0, -2.9177850542580402e-05];[0, 0.0002, -1e-08]
2144;ВЦ;ВЦ 94-137-2144;ВЦ 94;940;1294 - 8813;240 - 955;2913;83;159617;;;
2145;ВР;ВР 31-121-2145;ВР 31;310;1192 - 5932;503 - 869;1374;91;191862;2900;[869, 0, -1.0401088715489415e-05];[0, 0.0002, -1e-08]
2146;ВО;ВО 79-198-2146;ВО 79;790;1454 - 8048;134 - 946;1847;64;69105;1450;[896, 0.02, -1.424974012782154e-05];[0, 0.0002, -1e-08]
2147;УВО;УВО 36-103-2147;УВО 36;360;1844 - 6811;1264 - 1492;472;64;39421;;;
2148;Ц;Ц 49-122-2148;Ц 49;490;1046 - 3792;260 - 1488;4370;107;122432;;;
2149;ВЦ;ВЦ 45-124-2149;ВЦ 45;450;1194 - 3662;369 - 523;1655;106;149752;1000;[523, 0, -1.148375823735944e-05];[0, 0.0002, -1e-08]
2150;УВО;УВО 30-150-2150;УВО 30;300;1592 - 6012;60 - 335;3645;98;112575;1450;[285, 0.02, -9.551754773885364e-06];[0, 0.0002, -1e-08]
2151;ВКОП;ВКОП 109-108-2151;ВКОП 109;1090;1241 - 5273;161 - 344;1450;73;109636;;;
2152;Ц;Ц 100-178-2152;Ц 100;1000;1130 - 10761;552 - 716;3870;70;64465;;;
2153;ВО;ВО 42-176-2153;ВО 42;420;1969 - 3724;508 - 794;1783;85;175073;;;
2154;ВР;ВР 95-155-2154;ВР 95;950;1525 - 6116;647 - 1204;2359;109;63102;;;
2155;Ц;Ц 34-188-2155;Ц 34;340;960 - 10858;62 - 1276;2223;78;167414;1000;[1276, 0, -1.0297196777326868e-05];[0, 0.0002, -1e-08]
2156;Ц;Ц 81-197-2156;Ц 81;810;962 - 8531;125 - 408;3376;100;55053;;;
2157;ВЦ;ВЦ 74-128-2157;ВЦ 74;740;1534 - 9020;185 - 907;4676;80;28861;1450;[907, 0, -8.874095997561468e-06];[0, 0.0002, -1e-08]
2158;Ц;Ц 97-133-2158;Ц 97;970;594 - 1664;641 - 1427;743;99;77550;1450;[1427, 0, -0.0002838676497781065];[0, 0.0002, -1e-08]
2159;Ц;Ц 53-191-2159;Ц 53;530;1630 - 5907;834 - 1471;4620;84;119287;1000;[1471, 0, -1.8255994264006725e-05];[0, 0.0002, -1e-08]
2160;ВО;ВО 63-182-2160;ВО 63;630;1898 - 11889;395 - 1367;4607;86;77857;;;
2161;ВКОП;ВКОП 31-141-2161;ВКОП 31;310;1182 - 8971;304 - 401;1845;76;12414;;;
2162;УВО;УВО 73-174-2162;УВО 73;730;1728 - 7171;159 - 310;2648;98;37947;;;
2163;ВР;ВР 98-169-2163;ВР 98;980;1346 - 5151;1141 - 1384;1327;92;136015;1000;[1384, 0, -9.158475202071579e-06];[0, 0.0002, -1e-08]
2164;Ц;Ц 84-163-2164;Ц 84;840;1296 - 8144;819 - 1357;794;84;79537;2900;[1357, 0, -8.111604092928467e-06];[0, 0.0002, -1e-08]
2165;УВО;УВО 92-182-2165;УВО 92;920;747 - 7303;1229 - 1304;3403;74;191742;;;
2166;ВР;ВР 22-189-2166;ВР 22;220;1911 - 4467;283 - 1098;3793;96;164179;;;
2167;ВО;ВО 21-187-2167;ВО 21;210;1344 - 4413;1038 - 1209;4387;90;23022;1450;[1159, 0.02, -1.0745295569827502e-05];[0, 0.0002, -1e-08]
2168;ВКОП;ВКОП 86-179-2168;ВКОП 86;860;916 - 5710;1080 - 1397;2682;107;96341;;;
2169;ВР;ВР 115-107-2169;ВР 115;1150;1668 - 10834;724 - 1452;3288;107;35061;;;
2170;ВКОП;ВКОП 82-182-2170;ВКОП 82;820;1084 - 6706;866 - 917;2133;73;83106;1000;[867, 0.02, -3.004640648803138e-06];[0, 0.0002, -1e-08]
2171;ВО;ВО 62-199-2171;ВО 62;620;1635 - 11547;124 - 910;1278;67;164597;;;
2172;ВЦ;ВЦ 63-113-2172;ВЦ 63;630;1265 - 8269;1382 - 1477;3071;75;72013;;;
2173;ВО;ВО 96-129-2173;ВО 96;960;1963 - 3746;339 - 389;3064;76;107428;1450;[339, 0.02, -5.339028296849973e-06];[0, 0.0002, -1e-08]
2174;ВЦ;ВЦ 23-113-2174;ВЦ 23;230;1743 - 5694;497 - 1010;1410;105;128940;;;
2175;ВКОП;ВКОП 54-198-2175;ВКОП 54;540;1626 - 6581;209 - 599;2446;78;32658;1450;[549, 0.02, -1.0889512364256013e-05];[0, 0.0002, -1e-08]
2176;Ц;Ц 100-169-2176;Ц 100;1000;1965 - 11719;437 - 608;720;69;152426;1000;[608, 0, -1.2451308738493763e-06];[0, 0.0002, -1e-08]
2177;ВЦ;ВЦ 33-111-2177;ВЦ 33;330;1700 - 3626;391 - 444;1427;97;114279;;;
2178;ВР;ВР 117-196-2178;ВР 117;1170;1341 - 2693;185 - 431;1653;81;116062;;;
2179;ВКОП;ВКОП 43-107-2179;ВКОП 43;430;1793 - 9480;924 - 1449;4127;62;69817;1450;[1399, 0.02, -7.395093378910075e-06];[0, 0.0002, -1e-08]
2180;ВЦ;ВЦ 40-190-2180;ВЦ 40;400;1669 - 9255;284 - 1024;1511;106;29920;;;
2181;Ц;Ц 85-174-2181;Ц 85;850;692 - 8242;622 - 802;1460;71;103093;;;
2182;ВЦ;ВЦ 105-194-2182;ВЦ 105;1050;1478 - 8272;211 - 534;290;103;198077;;;
2183;ВЦ;ВЦ 74-171-2183;ВЦ 74;740;1482 - 5499;683 - 1176;908;87;190916;1450;[1176, 0, -1.630344864898149e-05];[0, 0.0002, -1e-08]
2184;ВКОП;ВКОП 107-134-2184;ВКОП 107;1070;1888 - 11197;57 - 448;3888;82;51009;;;
2185;ВКОП;ВКОП 66-163-2185;ВКОП 66;660;1560 - 7558;107 - 324;2225;64;105365;;;
2186;УВО;УВО 27-119-2186;УВО 27;270;1866 - 4669;1315 - 1496;3900;109;73464;;;
2187;ВЦ;ВЦ 22-125-2187;ВЦ 22;220;1595 - 7958;205 - 366;434;86;152587;1000;[366, 0, -2.542248538933447e-06];[0, 0.0002, -1e-08]
2188;УВО;УВО 104-121-2188;УВО 104;1040;1237 - 10796;680 - 1382;3929;99;85643;2900;[1332, 0.02, -7.446530015851246e-06];[0, 0.0002, -1e-08]
2189;Ц;Ц 120-183-2189;Ц 120;1200;1493 - 6533;1017 - 1316;3886;96;30209;;;
2190;УВО;УВО 66-119-2190;УВО 66;660;569 - 7991;314 - 856;2500;85;129543;;;
2191;ВР;ВР 23-124-2191;ВР 23;230;1334 - 6995;312 - 1432;1670;73;32033;;;
2192;ВР;ВР 116-152-2192;ВР 116;1160;1956 - 3185;789 - 1108;2385;98;138850;;;
2193;УВО;УВО 53-151-2193;УВО 53;530;1667 - 10042;774 - 1138;4054;60;89662;2900;[1088, 0.02, -5.105424375559317e-06];[0, 0.0002, -1e-08]
2194;ВЦ;ВЦ 61-132-2194;ВЦ 61;610;1554 - 11090;271 - 1069;892;72;96574;1000;[1069, 0, -6.488432620716964e-06];[0, 0.0002, -1e-08]
2195;УВО;УВО 102-100-2195;УВО 102;1020;1400 - 2468;301 - 476;2778;95;33511;1000;[426, 0.02, -2.86257286131199e-05];[0, 0.0002, -1e-08]
2196;ВЦ;ВЦ 23-124-2196;ВЦ 23;230;911 - 2565;146 - 522;2503;106;141606;1450;[522, 0, -5.714958828737427e-05];[0, 0.0002, -1e-08]
2197;ВР;ВР 88-190-2197;ВР 88;880;690 - 6596;662 - 890;2803;82;115694;2900;[890, 0, -5.240509988044282e-06];[0, 0.0002, -1e-08]
2198;ВЦ;ВЦ 81-144-2198;ВЦ 81;810;1271 - 10355;562 - 992;1828;83;114340;1450;[992, 0, -4.010220466533195e-06];[0, 0.0002, -1e-08]
2199;ВКОП;ВКОП 80-160-2199;ВКОП 80;800;693 - 9037;485 - 1137;2186;72;123195;2900;[1087, 0.02, -9.584489001966012e-06];[0, 0.0002, -1e-08]
2200;Ц;Ц 20-163-2200;Ц 20;200;1448 - 8636;320 - 864;2051;104;42227;;;
2201;ВО;ВО 70-146-2201;ВО 70;700;1180 - 10663;228 - 1347;4520;74;105019;;;
2202;Ц;Ц 54-112-2202;Ц 54;540;816 - 8881;796 - 1427;3915;105;190858;1450;[1427, 0, -8.000287959651568e-06];[0, 0.0002, -1e-08]
2203;ВО;ВО 57-194-2203;ВО 57;570;1000 - 5341;871 - 1247;2716;87;46351;;;
2204;ВО;ВО 115-178-2204;ВО 115;1150;1177 - 8742;877 - 974;3713;90;89461;1000;[924, 0.02, -2.902807605355926e-06];[0, 0.0002, -1e-08]
2205;ВЦ;ВЦ 63-162-2205;ВЦ 63;630;745 - 6702;89 - 687;1481;61;89897;;;
2206;ВР;ВР 46-136-2206;ВР 46;460;1922 - 11490;176 - 865;1180;92;11942;;;
2207;ВО;ВО 115-196-2207;ВО 115;1150;1089 - 9901;802 - 1098;1503;104;196271;2900;[1048, 0.02, -4.529438961117548e-06];[0, 0.0002, -1e-08]
2208;ВР;ВР 23-173-2208;ВР 23;230;1431 - 5406;482 - 1157;4657;84;151093;1000;[1157, 0, -2.3096793425975085e-05];[0, 0.0002, -1e-08]
2209;ВКОП;ВКОП 77-142-2209;ВКОП 77;770;1903 - 3929;508 - 869;4198;93;134505;1000;[819, 0.02, -2.5236701774647095e-05];[0, 0.0002, -1e-08]
2210;Ц;Ц 32-119-2210;Ц 32;320;794 - 9366;714 - 1226;3638;98;62496;;;
2211;Ц;Ц 25-163-2211;Ц 25;250;1092 - 2632;1094 - 1195;3950;104;130272;1450;[1195, 0, -1.4579734111843016e-05];[0, 0.0002, -1e-08]
2212;ВЦ;ВЦ 75-109-2212;ВЦ 75;750;1350 - 11303;282 - 621;4481;94;198548;1000;[621, 0, -2.6534581537790774e-06];[0, 0.0002, -1e-08]
2213;Ц;Ц 114-180-2213;Ц 114;1140;1313 - 8445;203 - 1240;2482;108;191002;;;
2214;ВЦ;ВЦ 90-140-2214;ВЦ 90;900;838 - 4840;284 - 343;1129;86;109429;1000;[343, 0, -2.5186121166586984e-06];[0, 0.0002, -1e-08]
2215;ВР;ВР 58-191-2215;ВР 58;580;1280 - 11114;92 - 425;3814;107;65781;1450;[425, 0, -2.6958979508228708e-06];[0, 0.0002, -1e-08]
2216;ВКОП;ВКОП 113-127-2216;ВКОП 113;1130;609 - 7491;397 - 496;2214;105;66751;;;
2217;ВКОП;ВКОП 54-182-2217;ВКОП 54;540;1302 - 8519;1260 - 1493;3852;109;39878;1000;[1443, 0.02, -4.869279789866698e-06];[0, 0.0002, -1e-08]
2218;Ц;Ц 51-195-2218;Ц 51;510;1875 - 4966;843 - 1416;3991;73;197535;;;
2219;ВР;ВР 57-196-2219;ВР 57;570;1404 - 4443;143 - 398;3349;98;151368;2900;[398, 0, -1.2917770186181541e-05];[0, 0.0002, -1e-08]
2220;ВР;ВР 64-141-2220;ВР 64;640;989 - 7578;1040 - 1228;3538;73;116851;1450;[1228, 0, -3.27377363917066e-06];[0, 0.0002, -1e-08]
2221;Ц;Ц 72-114-2221;Ц 72;720;993 - 7285;138 - 359;3490;84;71610;;;
2222;ВКОП;ВКОП 114-111-2222;ВКОП 114;1140;1740 - 10496;439 - 1009;826;67;116555;;;
2223;ВКОП;ВКОП 29-127-2223;ВКОП 29;290;799 - 8360;506 - 1460;694;100;16489;1450;[1410, 0.02, -1.532703005883565e-05];[0, 0.0002, -1e-08]
2224;ВР;ВР 62-146-2224;ВР 62;620;1268 - 9420;351 - 1442;885;93;178475;2900;[1442, 0, -1.2294841801109804e-05];[0, 0.0002, -1e-08]
2225;УВО;УВО 37-119-2225;УВО 37;370;1489 - 9068;918 - 1370;3734;72;52115;1000;[1320, 0.02, -7.09436655537371e-06];[0, 0.0002, -1e-08]
2226;УВО;УВО 113-117-2226;УВО 113;1130;524 - 10034;866 - 1295;3475;76;180869;2900;[1245, 0.02, -5.757581885531788e-06];[0, 0.0002, -1e-08]
2227;ВЦ;ВЦ 44-104-2227;ВЦ 44;440;977 - 5931;60 - 639;1228;60;147702;1000;[639, 0, -1.6459730331624335e-05];[0, 0.0002, -1e-08]
2228;Ц;Ц 84-138-2228;Ц 84;840;1316 - 5906;326 - 444;1650;101;135043;;;
2229;ВР;ВР 110-163-2229;ВР 110;1100;1736 - 10154;1006 - 1270;1331;78;32301;1000;[1270, 0, -2.560528468246479e-06];[0, 0.0002, -1e-08]
2230;Ц;Ц 46-200-2230;Ц 46;460;910 - 8119;135 - 633;2698;60;43907;;;
2231;ВР;ВР 21-105-2231;ВР 21;210;1532 - 8614;802 - 938;961;88;23810;1450;[938, 0, -1.8328594942310478e-06];[0, 0.0002, -1e-08]
2232;ВКОП;ВКОП 65-119-2232;ВКОП 65;650;564 - 2224;1323 - 1387;4514;68;160130;1000;[1337, 0.02, -1.1823275192795404e-05];[0, 0.0002, -1e-08]
2233;ВЦ;ВЦ 73-142-2233;ВЦ 73;730;1616 - 8774;743 - 1281;2641;81;28900;1450;[1281, 0, -6.988549015630396e-06];[0, 0.0002, -1e-08]
2234;УВО;УВО 80-122-2234;УВО 80;800;1679 - 9892;376 - 531;4709;63;18825;;;
2235;ВО;ВО 36-177-2235;ВО 36;360;1015 - 8240;654 - 1306;3575;63;52612;1450;[1256, 0.02, -1.1293477236308794e-05];[0, 0.0002, -1e-08]
2236;ВР;ВР 51-143-2236;ВР 51;510;1526 - 6566;807 - 1122;187;101;120006;1450;[1122, 0, -7.306490046612159e-06];[0, 0.0002, -1e-08]
2237;ВО;ВО 91-132-2237;ВО 91;910;861 - 7124;432 - 600;2143;109;197797;1450;[550, 0.02, -5.1324716791915165e-06];[0, 0.0002, -1e-08]
2238;ВО;ВО 45-179-2238;ВО 45;450;1463 - 4879;80 - 438;2629;64;31313;;;
2239;ВО;ВО 81-128-2239;ВО 81;810;1235 - 10559;872 - 1135;2372;74;98999;1000;[1085, 0.02, -3.8045614932544194e-06];[0, 0.0002, -1e-08]
2240;ВЦ;ВЦ 98-182-2240;ВЦ 98;980;1695 - 10952;549 - 1179;2210;105;53922;1000;[1179, 0, -5.252350251659276e-06];[0, 0.0002, -1e-08]
2241;УВО;УВО 90-105-2241;УВО 90;900;1687 - 4217;214 - 387;2148;82;107045;;;
2242;Ц;Ц 21-168-2242;Ц 21;210;736 - 9779;622 - 936;4435;97;150421;;;
2243;ВР;ВР 93-144-2243;ВР 93;930;1235 - 6809;892 - 1327;4848;96;150098;1000;[1327, 0, -9.382586751558874e-06];[0, 0.0002, -1e-08]
2244;УВО;УВО 107-105-2244;УВО 107;1070;660 - 5919;514 - 573;3231;86;26507;2900;[523, 0.02, -3.6358383368925327e-06];[0, 0.0002, -1e-08]
2245;ВР;ВР 100-128-2245;ВР 100;1000;1417 - 5357;314 - 423;3448;63;41927;;;
2246;УВО;УВО 46-150-2246;УВО 46;460;1607 - 6535;268 - 1339;300;89;32304;;;
2247;ВО;ВО 116-142-2247;ВО 116;1160;943 - 3359;419 - 936;1922;82;179635;;;
2248;ВР;ВР 90-178-2248;ВР 90;900;560 - 8775;419 - 873;4957;76;10127;;;
2249;ВР;ВР 109-141-2249;ВР 109;1090;1959 - 3459;491 - 1158;510;105;109984;;;
2250;ВКОП;ВКОП 114-191-2250;ВКОП 114;1140;1628 - 11235;804 - 968;399;110;29210;1450;[918, 0.02, -2.683298841416207e-06];[0, 0.0002, -1e-08]
2251;ВКОП;ВКОП 115-106-2251;ВКОП 115;1150;1308 - 9318;61 - 354;2760;70;77041;;;
2252;Ц;Ц 31-142-2252;Ц 31;310;562 - 4592;213 - 399;2593;85;91038;;;
2253;ВО;ВО 111-104-2253;ВО 111;1110;1308 - 8951;78 - 585;506;75;19609;1000;[535, 0.02, -7.938302755124753e-06];[0, 0.0002, -1e-08]
2254;ВКОП;ВКОП 26-165-2254;ВКОП 26;260;1353 - 6951;290 - 936;2310;93;116527;2900;[886, 0.02, -1.5212639699716044e-05];[0, 0.0002, -1e-08]
2255;ВО;ВО 53-102-2255;ВО 53;530;1426 - 4709;54 - 832;1994;78;58102;2900;[782, 0.02, -3.707742176764572e-05];[0, 0.0002, -1e-08]
2256;УВО;УВО 87-162-2256;УВО 87;870;501 - 2106;54 - 548;125;103;112165;;;
2257;УВО;УВО 94-107-2257;УВО 94;940;1578 - 9453;761 - 1044;1057;73;32326;;;
2258;ВО;ВО 96-128-2258;ВО 96;960;782 - 8461;178 - 598;554;71;97861;;;
2259;Ц;Ц 110-125-2259;Ц 110;1100;1907 - 4496;246 - 654;2442;75;99406;;;
2260;ВКОП;ВКОП 96-152-2260;ВКОП 96;960;1617 - 7876;882 - 937;2575;105;30541;;;
2261;ВО;ВО 94-140-2261;ВО 94;940;1733 - 10146;187 - 623;4689;82;195934;;;
2262;ВЦ;ВЦ 35-150-2262;ВЦ 35;350;1026 - 3004;671 - 949;122;94;149177;1450;[949, 0, -3.080668296687417e-05];[0, 0.0002, -1e-08]
2263;Ц;Ц 26-123-2263;Ц 26;260;994 - 7827;307 - 598;2385;102;41834;;;
2264;УВО;УВО 52-165-2264;УВО 52;520;1899 - 9823;234 - 405;2502;110;199677;1000;[355, 0.02, -3.29003655862176e-06];[0, 0.0002, -1e-08]
2265;УВО;УВО 38-189-2265;УВО 38;380;1169 - 4721;326 - 1218;4592;98;186857;2900;[1168, 0.02, -4.201483669952599e-05];[0, 0.0002, -1e-08]
2266;ВЦ;ВЦ 119-138-2266;ВЦ 119;1190;1572 - 4742;370 - 459;311;81;141603;;;
2267;ВО;ВО 84-190-2267;ВО 84;840;1895 - 8650;529 - 638;2334;88;32392;;;
2268;УВО;УВО 75-133-2268;УВО 75;750;1380 - 10183;493 - 892;1688;76;133526;1450;[842, 0.02, -5.329746402881669e-06];[0, 0.0002, -1e-08]
2269;ВЦ;ВЦ 94-132-2269;ВЦ 94;940;592 - 5904;460 - 812;2914;77;134659;1000;[812, 0, -1.0098339465779482e-05];[0, 0.0002, -1e-08]
2270;ВР;ВР 120-118-2270;ВР 120;1200;747 - 3536;348 - 1066;4498;94;69172;;;
2271;ВЦ;ВЦ 117-182-2271;ВЦ 117;1170;936 - 8489;111 - 439;4331;101;17146;;;
2272;ВО;ВО 69-115-2272;ВО 69;690;1255 - 3039;692 - 1004;798;98;88946;1450;[954, 0.02, -3.494984202840316e-05];[0, 0.0002, -1e-08]
2273;Ц;Ц 21-191-2273;Ц 21;210;814 - 4310;145 - 686;2482;103;129740;1000;[686, 0, -2.9123443564580294e-05];[0, 0.0002, -1e-08]
2274;ВКОП;ВКОП 35-109-2274;ВКОП 35;350;1286 - 10318;289 - 524;4925;83;83991;1450;[474, 0.02, -3.6760836753893374e-06];[0, 0.0002, -1e-08]
2275;ВКОП;ВКОП 63-161-2275;ВКОП 63;630;1736 - 5080;113 - 362;1221;92;66597;;;
2276;ВО;ВО 91-130-2276;ВО 91;910;702 - 8280;354 - 1311;4731;91;14941;1450;[1261, 0.02, -1.5645055893953183e-05];[0, 0.0002, -1e-08]
2277;ВР;ВР 87-109-2277;ВР 87;870;536 - 2804;902 - 1032;283;104;151095;1000;[1032, 0, -1.6534357886939588e-05];[0, 0.0002, -1e-08]
2278;ВР;ВР 81-173-2278;ВР 81;810;1582 - 5773;1265 - 1315;3252;108;153468;;;
2279;ВКОП;ВКОП 78-167-2279;ВКОП 78;780;512 - 2182;426 - 1160;3267;99;153754;;;
2280;ВЦ;ВЦ 24-174-2280;ВЦ 24;240;1908 - 4748;349 - 437;4671;73;29090;;;
2281;ВО;ВО 97-186-2281;ВО 97;970;1756 - 5696;368 - 977;575;62;168996;;;
2282;ВЦ;ВЦ 111-180-2282;ВЦ 111;1110;1521 - 4062;609 - 1297;4652;69;72828;;;
2283;ВКОП;ВКОП 86-100-2283;ВКОП 86;860;1893 - 3544;134 - 1104;3655;67;83339;1450;[1054, 0.02, -7.88921217432955e-05];[0, 0.0002, -1e-08]
2284;ВКОП;ВКОП 38-103-2284;ВКОП 38;380;656 - 8245;123 - 458;2031;91;173768;1450;[408, 0.02, -6.6181205434978875e-06];[0, 0.0002, -1e-08]
2285;Ц;Ц 112-130-2285;Ц 112;1120;567 - 3658;1030 - 1092;3036;78;115382;1450;[1092, 0, -4.633447933945566e-06];[0, 0.0002, -1e-08]
2286;Ц;Ц 22-111-2286;Ц 22;220;1687 - 8396;506 - 560;1120;64;125825;1000;[560, 0, -7.660355063698973e-07];[0, 0.0002, -1e-08]
2287;ВР;ВР 57-153-2287;ВР 57;570;1132 - 10383;866 - 1217;557;109;140068;2900;[1217, 0, -3.2558276601927735e-06];[0, 0.0002, -1e-08]
2288;ВР;ВР 44-140-2288;ВР 44;440;1460 - 3918;496 - 1181;3482;98;154528;;;
2289;ВР;ВР 43-163-2289;ВР 43;430;1694 - 7189;486 - 934;2847;60;63530;;;
2290;Ц;Ц 72-130-2290;Ц 72;720;1654 - 2967;550 - 744;3772;99;142939;2900;[744, 0, -2.2037718805296642e-05];[0, 0.0002, -1e-08]
2291;ВР;ВР 118-171-2291;ВР 118;1180;1762 - 9146;907 - 1250;2630;95;87686;1000;[1250, 0, -4.100451939140781e-06];[0, 0.0002, -1e-08]
2292;ВО;ВО 28-171-2292;ВО 28;280;1202 - 8453;1039 - 1149;4693;69;29131;1450;[1099, 0.02, -3.205734258905013e-06];[0, 0.0002, -1e-08]
2293;ВР;ВР 103-108-2293;ВР 103;1030;1862 - 4413;997 - 1085;3730;77;56668;1000;[1085, 0, -4.5187136105553864e-06];[0, 0.0002, -1e-08]
2294;ВКОП;ВКОП 86-110-2294;ВКОП 86;860;1482 - 8400;238 - 847;2221;109;35714;;;
2295;ВО;ВО 116-174-2295;ВО 116;1160;1793 - 10201;1215 - 1276;3981;86;59248;1450;[1226, 0.02, -2.0662999367069517e-06];[0, 0.0002, -1e-08]
2296;Ц;Ц 85-148-2296;Ц 85;850;915 - 8737;541 - 881;4052;68;42032;1450;[881, 0, -4.4540413606734794e-06];[0, 0.0002, -1e-08]
2297;Ц;Ц 70-112-2297;Ц 70;700;1712 - 9068;122 - 529;1878;61;12622;1450;[529, 0, -4.949614625680712e-06];[0, 0.0002, -1e-08]
2298;УВО;УВО 48-142-2298;УВО 48;480;508 - 7991;710 - 1068;1160;105;44721;2900;[1018, 0.02, -7.326162092534304e-06];[0, 0.0002, -1e-08]
2299;УВО;УВО 66-113-2299;УВО 66;660;1623 - 4427;351 - 687;4619;105;115576;;;
2300;Ц;Ц 87-135-2300;Ц 87;870;1882 - 3562;521 - 578;122;92;99260;;;
2301;Ц;Ц 107-193-2301;Ц 107;1070;1892 - 9299;115 - 1477;3527;84;16581;;;
2302;ВР;ВР 23-146-2302;ВР 23;230;609 - 5088;218 - 574;2368;69;176479;;;
2303;ВР;ВР 69-166-2303;ВР 69;690;641 - 8203;439 - 681;3596;96;38723;;;
2304;ВО;ВО 29-175-2304;ВО 29;290;740 - 9984;601 - 813;4101;87;196501;;;
2305;УВО;УВО 43-153-2305;УВО 43;430;1362 - 2843;562 - 869;1278;94;74026;1000;[819, 0.02, -3.8831328689393785e-05];[0, 0.0002, -1e-08]
2306;УВО;УВО 29-137-2306;УВО 29;290;926 - 2712;470 - 1287;2832;66;198116;1450;[1237, 0.02, -0.00011165822608574586];[0, 0.0002, -1e-08]
2307;ВКОП;ВКОП 109-175-2307;ВКОП 109;1090;1315 - 10138;109 - 309;3367;72;37187;;;
2308;УВО;УВО 31-186-2308;УВО 31;310;1653 - 3767;62 - 809;1277;98;48198;1000;[759, 0.02, -5.442736226161427e-05];[0, 0.0002, -1e-08]
2309;ВКОП;ВКОП 46-173-2309;ВКОП 46;460;1055 - 10811;412 - 654;486;63;176150;1450;[604, 0.02, -3.49271012907584e-06];[0, 0.0002, -1e-08]
2310;ВО;ВО 87-168-2310;ВО 87;870;585 - 9529;181 - 1432;2577;63;51120;;;
2311;ВЦ;ВЦ 118-198-2311;ВЦ 118;1180;1670 - 6487;420 - 1087;2012;99;36993;2900;[1087, 0, -1.5850320127751204e-05];[0, 0.0002, -1e-08]
2312;ВО;ВО 77-114-2312;ВО 77;770;1965 - 11030;637 - 825;1713;92;36810;1450;[775, 0.02, -2.9475369654506913e-06];[0, 0.0002, -1e-08]
2313;ВЦ;ВЦ 90-161-2313;ВЦ 90;900;510 - 9449;665 - 1238;4157;99;92771;1000;[1238, 0, -6.417751900486182e-06];[0, 0.0002, -1e-08]
2314;УВО;УВО 57-149-2314;УВО 57;570;1966 - 6063;574 - 755;1178;74;105493;;;
2315;ВО;ВО 52-196-2315;ВО 52;520;1972 - 6055;223 - 501;1358;94;50081;1450;[451, 0.02, -9.521854784213796e-06];[0, 0.0002, -1e-08]
2316;Ц;Ц 52-172-2316;Ц 52;520;521 - 9041;635 - 700;2033;66;14857;2900;[700, 0, -7.952074097279631e-07];[0, 0.0002, -1e-08]
2317;ВР;ВР 119-131-2317;ВР 119;1190;961 - 2674;71 - 849;3412;64;199297;1450;[849, 0, -0.00010880698870924703];[0, 0.0002, -1e-08]
2318;ВКОП;ВКОП 57-198-2318;ВКОП 57;570;1535 - 9687;329 - 633;4276;81;96515;2900;[583, 0.02, -4.771416141796505e-06];[0, 0.0002, -1e-08]
2319;УВО;УВО 33-157-2319;УВО 33;330;981 - 6975;606 - 1085;1417;75;102221;;;
2320;ВЦ;ВЦ 45-124-2320;ВЦ 45;450;1647 - 4904;135 - 339;999;88;71741;1450;[339, 0, -8.482605004670422e-06];[0, 0.0002, -1e-08]
2321;ВКОП;ВКОП 45-151-2321;ВКОП 45;450;1880 - 4155;202 - 822;600;103;114447;;;
2322;ВР;ВР 118-140-2322;ВР 118;1180;1394 - 10793;74 - 327;2364;94;98132;;;
2323;Ц;Ц 90-171-2323;Ц 90;900;662 - 6541;66 - 863;1066;80;39736;1450;[863, 0, -1.8628162729552664e-05];[0, 0.0002, -1e-08]
2324;ВР;ВР 103-154-2324;ВР 103;1030;970 - 5497;174 - 497;417;87;159938;1000;[497, 0, -1.0689343872518951e-05];[0, 0.0002, -1e-08]
2325;ВО;ВО 107-131-2325;ВО 107;1070;1779 - 7829;1125 - 1260;1909;64;134122;;;
2326;ВЦ;ВЦ 24-151-2326;ВЦ 24;240;1752 - 6916;109 - 563;1173;89;96319;;;
2327;ВЦ;ВЦ 22-198-2327;ВЦ 22;220;1193 - 7131;942 - 1479;4195;81;22457;1450;[1479, 0, -1.0560230866705285e-05];[0, 0.0002, -1e-08]
2328;ВЦ;ВЦ 58-100-2328;ВЦ 58;580;1596 - 5660;552 - 1064;2955;103;70133;1450;[1064, 0, -1.59822197804942e-05];[0, 0.0002, -1e-08]
2329;Ц;Ц 96-149-2329;Ц 96;960;926 - 6907;445 - 789;2990;96;113240;;;
2330;УВО;УВО 48-169-2330;УВО 48;480;1638 - 4896;382 - 515;1598;110;160307;1000;[465, 0.02, -7.547511106839251e-06];[0, 0.0002, -1e-08]
2331;УВО;УВО 95-175-2331;УВО 95;950;777 - 4464;103 - 329;3003;79;113967;;;
2332;ВО;ВО 99-131-2332;ВО 99;990;781 - 7202;237 - 934;2877;72;83285;2900;[884, 0.02, -1.5250785423932272e-05];[0, 0.0002, -1e-08]
2333;Ц;Ц 117-104-2333;Ц 117;1170;1332 - 9202;315 - 414;3073;90;197280;1000;[414, 0, -1.1691513534214163e-06];[0, 0.0002, -1e-08]
2334;ВКОП;ВКОП 24-144-2334;ВКОП 24;240;1534 - 4535;881 - 1107;3010;70;177372;2900;[1057, 0.02, -1.2967863572434902e-05];[0, 0.0002, -1e-08]
2335;ВР;ВР 69-179-2335;ВР 69;690;694 - 7972;1134 - 1196;3806;98;10609;1000;[1196, 0, -9.755670184330556e-07];[0, 0.0002, -1e-08]
2336;Ц;Ц 101-185-2336;Ц 101;1010;1767 - 7846;674 - 760;951;61;42638;;;
2337;ВР;ВР 91-106-2337;ВР 91;910;1661 - 5002;383 - 805;2182;83;139647;2900;[805, 0, -1.686650409808088e-05];[0, 0.0002, -1e-08]
2338;УВО;УВО 38-122-2338;УВО 38;380;1432 - 6332;553 - 926;4554;64;128690;1450;[876, 0.02, -1.1214582928453734e-05];[0, 0.0002, -1e-08]
2339;ВКОП;ВКОП 120-145-2339;ВКОП 120;1200;526 - 1578;140 - 319;3140;99;167711;;;
2340;Ц;Ц 97-121-2340;Ц 97;970;619 - 3302;341 - 641;2706;68;192550;2900;[641, 0, -2.7514847929104143e-05];[0, 0.0002, -1e-08]
2341;ВЦ;ВЦ 29-144-2341;ВЦ 29;290;1296 - 8871;427 - 694;3668;87;51595;;;
2342;ВЦ;ВЦ 73-184-2342;ВЦ 73;730;612 - 7367;735 - 1364;1128;87;194160;2900;[1364, 0, -1.158962291328517e-05];[0, 0.0002, -1e-08]
2343;ВЦ;ВЦ 48-182-2343;ВЦ 48;480;1257 - 8926;991 - 1498;2250;96;183908;;;
2344;ВО;ВО 76-132-2344;ВО 76;760;527 - 3722;417 - 1206;4515;108;175034;2900;[1156, 0.02, -5.871820717744616e-05];[0, 0.0002, -1e-08]
2345;ВКОП;ВКОП 31-138-2345;ВКОП 31;310;1403 - 10348;522 - 1018;2562;63;185821;;;
2346;ВЦ;ВЦ 86-191-2346;ВЦ 86;860;1291 - 3419;684 - 881;1102;63;37618;1450;[881, 0, -1.6852643140319813e-05];[0, 0.0002, -1e-08]
2347;Ц;Ц 74-166-2347;Ц 74;740;1391 - 3788;270 - 337;4821;86;15120;1450;[337, 0, -4.669333157896497e-06];[0, 0.0002, -1e-08]
2348;ВР;ВР 42-108-2348;ВР 42;420;1594 - 7903;237 - 333;3023;73;157211;2900;[333, 0, -1.53704743019359e-06];[0, 0.0002, -1e-08]
2349;ВР;ВР 29-111-2349;ВР 29;290;891 - 10888;138 - 638;1743;62;77731;;;
2350;ВЦ;ВЦ 38-119-2350;ВЦ 38;380;1313 - 2335;747 - 1286;1913;81;191669;;;
2351;ВР;ВР 41-162-2351;ВР 41;410;1319 - 10249;167 - 489;3176;108;46321;;;
2352;ВР;ВР 62-133-2352;ВР 62;620;1886 - 11633;649 - 1425;2148;91;174424;;;
2353;ВЦ;ВЦ 34-181-2353;ВЦ 34;340;1549 - 7209;241 - 701;1661;82;121952;1450;[701, 0, -8.851314673261127e-06];[0, 0.0002, -1e-08]
2354;УВО;УВО 32-103-2354;УВО 32;320;1936 - 9607;205 - 852;134;82;155352;;;
2355;ВО;ВО 31-179-2355;ВО 31;310;1171 - 9392;382 - 798;1560;90;77367;1450;[748, 0.02, -6.278677129979772e-06];[0, 0.0002, -1e-08]
2356;ВО;ВО 119-179-2356;ВО 119;1190;528 - 10367;82 - 1327;2784;63;71120;1450;[1277, 0.02, -1.3048095445058696e-05];[0, 0.0002, -1e-08]
2357;Ц;Ц 65-177-2357;Ц 65;650;1324 - 7680;179 - 308;652;91;17322;;;
2358;ВКОП;ВКОП 101-168-2358;ВКОП 101;1010;1336 - 3119;390 - 554;3672;93;31605;2900;[504, 0.02, -1.81308676943155e-05];[0, 0.0002, -1e-08]
2359;ВО;ВО 58-195-2359;ВО 58;580;1249 - 3040;955 - 1489;3511;76;23388;;;
2360;УВО;УВО 101-130-2360;УВО 101;1010;1998 - 5241;614 - 983;3524;101;73562;1450;[933, 0.02, -1.5429545296593525e-05];[0, 0.0002, -1e-08]
2361;ВО;ВО 120-160-2361;ВО 120;1200;1643 - 11240;144 - 987;3940;108;49297;1000;[937, 0.02, -8.056192297463305e-06];[0, 0.0002, -1e-08]
2362;УВО;УВО 33-145-2362;УВО 33;330;941 - 6585;559 - 662;4369;93;174174;1000;[612, 0.02, -4.2594677740821646e-06];[0, 0.0002, -1e-08]
2363;ВКОП;ВКОП 53-180-2363;ВКОП 53;530;1881 - 8133;813 - 1203;3824;87;24793;1000;[1153, 0.02, -7.599285873339379e-06];[0, 0.0002, -1e-08]
2364;УВО;УВО 36-183-2364;УВО 36;360;1979 - 4076;97 - 1345;2185;105;86671;1450;[1295, 0.02, -7.701560439962595e-05];[0, 0.0002, -1e-08]
2365;ВР;ВР 35-189-2365;ВР 35;350;1774 - 6236;98 - 343;4294;72;119846;2900;[343, 0, -6.3001932539279265e-06];[0, 0.0002, -1e-08]
2366;Ц;Ц 111-116-2366;Ц 111;1110;1218 - 8959;118 - 895;1118;102;13001;;;
2367;УВО;УВО 106-124-2367;УВО 106;1060;1732 - 3126;94 - 304;435;86;58103;;;
2368;ВКОП;ВКОП 28-157-2368;ВКОП 28;280;1572 - 8868;196 - 890;3394;90;28444;1000;[840, 0.02, -1.0444368352231262e-05];[0, 0.0002, -1e-08]
2369;ВЦ;ВЦ 95-122-2369;ВЦ 95;950;1988 - 11380;546 - 772;802;70;50912;;;
2370;ВЦ;ВЦ 64-185-2370;ВЦ 64;640;1930 - 3871;192 - 362;2206;79;199404;;;
2371;Ц;Ц 22-190-2371;Ц 22;220;1994 - 3561;221 - 334;1449;72;159016;;;
2372;ВО;ВО 74-196-2372;ВО 74;740;1640 - 3041;864 - 1198;3715;91;124885;;;
2373;ВЦ;ВЦ 49-144-2373;ВЦ 49;490;520 - 6568;215 - 1359;447;65;84008;1450;[1359, 0, -2.6519158330131254e-05];[0, 0.0002, -1e-08]
2374;ВЦ;ВЦ 93-174-2374;ВЦ 93;930;754 - 4053;361 - 600;3043;66;179212;1450;[600, 0, -1.4549386919882006e-05];[0, 0.0002, -1e-08]
2375;ВР;ВР 61-187-2375;ВР 61;610;500 - 6421;281 - 1165;3770;63;190618;;;
2376;Ц;Ц 79-111-2376;Ц 79;790;999 - 6516;450 - 511;2456;60;98262;1450;[511, 0, -1.4367052664621928e-06];[0, 0.0002, -1e-08]
2377;ВЦ;ВЦ 77-131-2377;ВЦ 77;770;1850 - 6551;849 - 1257;298;81;22615;2900;[1257, 0, -9.50703218626718e-06];[0, 0.0002, -1e-08]
2378;ВО;ВО 42-143-2378;ВО 42;420;560 - 4150;363 - 946;1486;101;108078;1000;[896, 0.02, -3.576716504572507e-05];[0, 0.0002, -1e-08]
2379;Ц;Ц 89-104-2379;Ц 89;890;1301 - 2845;574 - 999;1026;95;69131;;;
2380;Ц;Ц 77-158-2380;Ц 77;770;1552 - 9480;236 - 447;4936;79;16912;;;
2381;Ц;Ц 29-185-2381;Ц 29;290;1926 - 3861;1077 - 1401;1451;68;110733;;;
2382;ВЦ;ВЦ 106-184-2382;ВЦ 106;1060;1505 - 5179;136 - 324;3963;98;196848;1450;[324, 0, -7.0091608613975345e-06];[0, 0.0002, -1e-08]
2383;ВКОП;ВКОП 111-186-2383;ВКОП 111;1110;1387 - 8619;232 - 859;4810;78;118776;1000;[809, 0.02, -1.008761123607887e-05];[0, 0.0002, -1e-08]
2384;ВО;ВО 55-121-2384;ВО 55;550;830 - 5142;609 - 691;3558;81;196824;2900;[641, 0.02, -5.0998170813161376e-06];[0, 0.0002, -1e-08]
2385;ВЦ;ВЦ 21-195-2385;ВЦ 21;210;1346 - 8878;440 - 492;2431;75;156962;2900;[492, 0, -6.597403738931396e-07];[0, 0.0002, -1e-08]
2386;ВР;ВР 99-157-2386;ВР 99;990;1608 - 6838;285 - 661;1113;69;110339;1000;[661, 0, -8.041362716700825e-06];[0, 0.0002, -1e-08]
2387;Ц;Ц 93-151-2387;Ц 93;930;991 - 3699;57 - 1389;1532;82;187550;;;
2388;ВО;ВО 82-189-2388;ВО 82;820;1541 - 5315;809 - 974;1710;75;111570;;;
2389;ВР;ВР 24-104-2389;ВР 24;240;1279 - 11230;185 - 552;616;66;11175;;;
2390;ВКОП;ВКОП 102-116-2390;ВКОП 102;1020;1934 - 8776;60 - 943;4490;104;162766;2900;[893, 0.02, -1.3094571338588958e-05];[0, 0.0002, -1e-08]
2391;ВКОП;ВКОП 105-151-2391;ВКОП 105;1050;1389 - 5847;872 - 1380;367;93;24160;1000;[1330, 0.02, -1.681730253380711e-05];[0, 0.0002, -1e-08]
2392;УВО;УВО 54-190-2392;УВО 54;540;597 - 4974;1171 - 1354;4622;82;140626;2900;[1304, 0.02, -9.396671295481176e-06];[0, 0.0002, -1e-08]
2393;ВКОП;ВКОП 89-137-2393;ВКОП 89;890;1238 - 10230;754 - 1254;3609;106;168255;1000;[1204, 0.02, -6.254962834283618e-06];[0, 0.0002, -1e-08]
2394;Ц;Ц 53-108-2394;Ц 53;530;1398 - 10473;1158 - 1211;203;65;120854;;;
2395;ВЦ;ВЦ 54-161-2395;ВЦ 54;540;697 - 4606;82 - 473;2985;65;75782;1000;[473, 0, -1.8430150859504933e-05];[0, 0.0002, -1e-08]
2396;ВР;ВР 92-133-2396;ВР 92;920;1678 - 8259;58 - 515;3210;97;193035;;;
2397;ВКОП;ВКОП 45-158-2397;ВКОП 45;450;1352 - 8584;994 - 1286;4498;86;138329;2900;[1236, 0.02, -5.614164152905034e-06];[0, 0.0002, -1e-08]
2398;ВО;ВО 94-163-2398;ВО 94;940;1666 - 8328;895 - 1002;175;80;150157;;;
2399;ВЦ;ВЦ 84-107-2399;ВЦ 84;840;1044 - 8605;529 - 1495;1475;106;150461;;;
2400;ВКОП;ВКОП 110-150-2400;ВКОП 110;1100;1234 - 6358;226 - 780;3080;70;77694;1000;[730, 0.02, -1.5613433588880157e-05];[0, 0.0002, -1e-08]
2401;ВО;ВО 48-105-2401;ВО 48;480;1261 - 2516;917 - 1330;847;95;109839;1000;[1280, 0.02, -6.529277804878665e-05];[0, 0.0002, -1e-08]
2402;ВР;ВР 99-137-2402;ВР 99;990;517 - 3560;1347 - 1471;3216;64;148682;;;
2403;ВО;ВО 40-124-2403;ВО 40;400;1082 - 5555;600 - 1364;4308;93;63697;;;
2404;ВЦ;ВЦ 61-127-2404;ВЦ 61;610;1320 - 8079;199 - 596;2204;92;35118;1000;[596, 0, -6.0824043839519455e-06];[0, 0.0002, -1e-08]
2405;ВО;ВО 32-174-2405;ВО 32;320;593 - 5374;515 - 1412;4779;62;197296;;;
2406;ВКОП;ВКОП 77-173-2406;ВКОП 77;770;1657 - 8039;723 - 878;4732;82;100285;2900;[828, 0.02, -4.112616747801537e-06];[0, 0.0002, -1e-08]
2407;ВКОП;ВКОП 104-151-2407;ВКОП 104;1040;1810 - 9323;351 - 930;1747;101;73200;;;
2408;ВО;ВО 91-133-2408;ВО 91;910;613 - 5681;952 - 1268;4521;83;111268;;;
2409;ВКОП;ВКОП 92-183-2409;ВКОП 92;920;1005 - 3363;148 - 375;4404;68;109773;2900;[325, 0.02, -2.159725808723414e-05];[0, 0.0002, -1e-08]
2410;ВО;ВО 38-126-2410;ВО 38;380;558 - 10524;162 - 898;1535;105;140090;;;
2411;ВЦ;ВЦ 61-146-2411;ВЦ 61;610;1065 - 7095;874 - 1014;805;110;34636;1000;[1014, 0, -2.7811424635260616e-06];[0, 0.0002, -1e-08]
2412;УВО;УВО 108-150-2412;УВО 108;1080;1631 - 4504;931 - 1301;764;109;124680;2900;[1251, 0.02, -2.0214910606399993e-05];[0, 0.0002, -1e-08]
2413;ВО;ВО 70-154-2413;ВО 70;700;693 - 3092;911 - 1321;1370;95;91423;;;
2414;ВКОП;ВКОП 54-145-2414;ВКОП 54;540;1722 - 2990;789 - 1427;2460;75;102148;2900;[1377, 0.02, -7.246003959687251e-05];[0, 0.0002, -1e-08]
2415;ВЦ;ВЦ 116-110-2415;ВЦ 116;1160;1325 - 8666;161 - 321;4670;80;172710;1000;[321, 0, -2.1305052722282405e-06];[0, 0.0002, -1e-08]
2416;ВР;ВР 118-151-2416;ВР 118;1180;998 - 8782;733 - 1092;4434;91;182779;;;
2417;ВЦ;ВЦ 54-111-2417;ВЦ 54;540;1176 - 7302;122 - 1017;2008;83;99753;;;
2418;ВР;ВР 118-126-2418;ВР 118;1180;1951 - 8541;326 - 541;163;70;73448;1450;[541, 0, -2.947277415475134e-06];[0, 0.0002, -1e-08]
2419;ВР;ВР 79-152-2419;ВР 79;790;1949 - 9754;526 - 1085;4432;75;155981;;;
2420;УВО;УВО 85-145-2420;УВО 85;850;1426 - 3815;368 - 744;1142;80;108801;1000;[694, 0.02, -2.764145806458262e-05];[0, 0.0002, -1e-08]
2421;ВР;ВР 52-187-2421;ВР 52;520;802 - 6023;1001 - 1122;1959;96;32449;1000;[1122, 0, -3.3354900078780965e-06];[0, 0.0002, -1e-08]
2422;ВР;ВР 41-103-2422;ВР 41;410;1000 - 3350;115 - 647;4612;62;57939;;;
2423;ВЦ;ВЦ 27-143-2423;ВЦ 27;270;1864 - 9385;566 - 1348;4950;77;97607;2900;[1348, 0, -8.878471381547482e-06];[0, 0.0002, -1e-08]
2424;Ц;Ц 49-139-2424;Ц 49;490;1610 - 9137;1109 - 1396;2795;76;48319;;;
2425;ВЦ;ВЦ 104-163-2425;ВЦ 104;1040;943 - 4346;419 - 1010;3787;81;133225;;;
2426;Ц;Ц 44-147-2426;Ц 44;440;906 - 7646;811 - 1379;3792;95;92679;1000;[1379, 0, -9.71582644496063e-06];[0, 0.0002, -1e-08]
2427;ВР;ВР 73-192-2427;ВР 73;730;505 - 4217;498 - 1404;3689;106;52395;;;
2428;ВР;ВР 44-200-2428;ВР 44;440;1048 - 9786;344 - 1074;4825;93;122974;1000;[1074, 0, -7.622763350706133e-06];[0, 0.0002, -1e-08]
2429;ВЦ;ВЦ 61-151-2429;ВЦ 61;610;993 - 8691;160 - 669;2089;102;60863;;;
2430;ВКОП;ВКОП 112-124-2430;ВКОП 112;1120;1701 - 7942;172 - 338;390;102;148883;;;
2431;Ц;Ц 65-183-2431;Ц 65;650;1570 - 5423;55 - 457;4899;98;113612;;;
2432;ВО;ВО 77-167-2432;ВО 77;770;1746 - 10529;391 - 1275;3342;68;67257;;;
2433;Ц;Ц 85-130-2433;Ц 85;850;1666 - 10410;151 - 765;497;87;169609;;;
2434;УВО;УВО 66-191-2434;УВО 66;660;1730 - 7133;1009 - 1281;224;68;185280;1000;[1231, 0.02, -7.167103556784712e-06];[0, 0.0002, -1e-08]
2435;Ц;Ц 71-100-2435;Ц 71;710;1369 - 9634;702 - 1044;2456;104;120622;;;
2436;ВКОП;ВКОП 86-145-2436;ВКОП 86;860;1402 - 10477;131 - 946;4121;109;119411;;;
2437;Ц;Ц 92-105-2437;Ц 92;920;1626 - 8642;298 - 439;4507;73;97291;;;
2438;ВР;ВР 78-106-2438;ВР 78;780;1073 - 6917;135 - 498;2295;61;28132;;;
2439;ВР;ВР 20-186-2439;ВР 20;200;682 - 6501;237 - 540;3237;95;89853;;;
2440;ВКОП;ВКОП 27-139-2440;ВКОП 27;270;585 - 1723;1058 - 1238;3057;87;32985;2900;[1188, 0.02, -5.539744449560738e-05];[0, 0.0002, -1e-08]
2441;УВО;УВО 67-196-2441;УВО 67;670;1826 - 5242;996 - 1222;2393;64;81671;1000;[1172, 0.02, -1.0220330290913311e-05];[0, 0.0002, -1e-08]
2442;ВЦ;ВЦ 57-124-2442;ВЦ 57;570;1200 - 4861;111 - 1275;170;82;137556;2900;[1275, 0, -4.9260831489825715e-05];[0, 0.0002, -1e-08]
2443;ВО;ВО 50-110-2443;ВО 50;500;1077 - 5890;69 - 1430;1410;107;41618;;;
2444;ВО;ВО 32-182-2444;ВО 32;320;1534 - 11416;468 - 1259;4424;82;33991;;;
2445;ВЦ;ВЦ 119-154-2445;ВЦ 119;1190;793 - 8374;246 - 364;1977;77;43306;2900;[364, 0, -1.6827364191905194e-06];[0, 0.0002, -1e-08]
2446;ВР;ВР 109-108-2446;ВР 109;1090;1611 - 3595;112 - 430;1229;73;46611;;;
2447;ВКОП;ВКОП 58-168-2447;ВКОП 58;580;1978 - 7316;244 - 624;877;101;99253;;;
2448;ВР;ВР 107-105-2448;ВР 107;1070;1300 - 9763;166 - 703;320;60;124966;1450;[703, 0, -5.633881487620427e-06];[0, 0.0002, -1e-08]
2449;ВКОП;ВКОП 94-183-2449;ВКОП 94;940;1755 - 5153;179 - 1375;4280;103;24343;1450;[1325, 0.02, -4.703953454714609e-05];[0, 0.0002, -1e-08]
2450;ВО;ВО 31-149-2450;ВО 31;310;1599 - 11055;707 - 842;3108;79;43442;;;
2451;Ц;Ц 109-148-2451;Ц 109;1090;793 - 4360;303 - 359;2570;66;174752;1000;[359, 0, -2.9458799764329603e-06];[0, 0.0002, -1e-08]
2452;ВО;ВО 61-161-2452;ВО 61;610;1212 - 3412;240 - 463;2532;72;183467;1450;[413, 0.02, -2.0721981173954693e-05];[0, 0.0002, -1e-08]
2453;ВЦ;ВЦ 32-179-2453;ВЦ 32;320;1758 - 4147;297 - 988;4339;70;155581;1450;[988, 0, -4.018000409242936e-05];[0, 0.0002, -1e-08]
2454;ВО;ВО 42-105-2454;ВО 42;420;1375 - 7910;667 - 895;2335;97;64130;1450;[845, 0.02, -5.373345203066739e-06];[0, 0.0002, -1e-08]
2455;УВО;УВО 105-130-2455;УВО 105;1050;1436 - 9052;555 - 863;976;65;66683;;;
2456;ВКОП;ВКОП 117-111-2456;ВКОП 117;1170;1231 - 5118;159 - 355;4291;109;91435;1000;[305, 0.02, -9.481588172890783e-06];[0, 0.0002, -1e-08]
2457;ВО;ВО 78-199-2457;ВО 78;780;1164 - 5665;813 - 1352;4149;90;120938;1450;[1302, 0.02, -1.876778565524827e-05];[0, 0.0002, -1e-08]
2458;ВКОП;ВКОП 74-150-2458;ВКОП 74;740;636 - 3077;102 - 329;3686;62;84231;1000;[279, 0.02, -2.5194527757865526e-05];[0, 0.0002, -1e-08]
2459;ВР;ВР 27-131-2459;ВР 27;270;1940 - 6459;361 - 1270;166;80;18778;;;
2460;ВКОП;ВКОП 69-174-2460;ВКОП 69;690;1994 - 8905;187 - 335;4014;104;136868;2900;[285, 0.02, -3.4817578148028936e-06];[0, 0.0002, -1e-08]
2461;ВР;ВР 98-129-2461;ВР 98;980;1077 - 4639;1087 - 1425;744;91;173996;1000;[1425, 0, -1.5706085425026883e-05];[0, 0.0002, -1e-08]
2462;ВР;ВР 79-185-2462;ВР 79;790;1745 - 5782;875 - 1462;716;73;39755;1000;[1462, 0, -1.7558278228656284e-05];[0, 0.0002, -1e-08]
2463;ВР;ВР 71-167-2463;ВР 71;710;1293 - 3340;614 - 843;703;68;105772;;;
2464;Ц;Ц 66-112-2464;Ц 66;660;698 - 7646;89 - 314;400;73;31411;;;
2465;ВО;ВО 55-152-2465;ВО 55;550;1843 - 4903;104 - 856;1182;74;93951;1000;[806, 0.02, -3.328118424209181e-05];[0, 0.0002, -1e-08]
2466;ВКОП;ВКОП 27-135-2466;ВКОП 27;270;1120 - 2992;335 - 810;4783;92;82166;1450;[760, 0.02, -5.415957705396208e-05];[0, 0.0002, -1e-08]
2467;Ц;Ц 29-149-2467;Ц 29;290;1801 - 11384;531 - 1068;2808;78;175855;1000;[1068, 0, -4.143663802533324e-06];[0, 0.0002, -1e-08]
2468;Ц;Ц 56-109-2468;Ц 56;560;1900 - 9142;297 - 598;3641;90;67417;;;
2469;ВКОП;ВКОП 78-162-2469;ВКОП 78;780;827 - 10290;224 - 488;3920;80;35681;;;
2470;Ц;Ц 108-124-2470;Ц 108;1080;926 - 9272;50 - 662;1898;71;86210;;;
2471;ВР;ВР 99-110-2471;ВР 99;990;947 - 8777;198 - 631;661;74;24998;2900;[631, 0, -5.6207685137892315e-06];[0, 0.0002, -1e-08]
2472;УВО;УВО 71-165-2472;УВО 71;710;1632 - 7628;605 - 1014;4533;70;63003;1000;[964, 0.02, -8.791747567609632e-06];[0, 0.0002, -1e-08]
2473;ВО;ВО 104-100-2473;ВО 104;1040;1848 - 7878;1028 - 1445;1935;61;136654;;;
2474;Ц;Ц 106-116-2474;Ц 106;1060;1355 - 9405;150 - 594;3950;87;40549;;;
2475;Ц;Ц 78-129-2475;Ц 78;780;1943 - 9784;443 - 724;1482;110;146509;2900;[724, 0, -2.935441513803637e-06];[0, 0.0002, -1e-08]
2476;ВЦ;ВЦ 24-153-2476;ВЦ 24;240;1361 - 10333;1307 - 1495;4921;96;60775;;;
2477;УВО;УВО 68-200-2477;УВО 68;680;1239 - 3979;1188 - 1455;4867;96;166354;;;
2478;ВКОП;ВКОП 109-157-2478;ВКОП 109;1090;1973 - 11379;151 - 1062;1111;72;53604;;;
2479;ВР;ВР 23-170-2479;ВР 23;230;1725 - 3008;138 - 559;4536;80;37410;1000;[559, 0, -4.652929068583069e-05];[0, 0.0002, -1e-08]
2480;УВО;УВО 59-189-2480;УВО 59;590;1084 - 5788;1346 - 1396;3201;104;98059;;;
2481;Ц;Ц 70-165-2481;Ц 70;700;1686 - 9877;1109 - 1360;2691;62;84651;1000;[1360, 0, -2.5729041883589737e-06];[0, 0.0002, -1e-08]
2482;ВЦ;ВЦ 61-175-2482;ВЦ 61;610;1466 - 8858;107 - 545;354;83;18841;1000;[545, 0, -5.582166146573613e-06];[0, 0.0002, -1e-08]
2483;УВО;УВО 97-100-2483;УВО 97;970;943 - 5241;564 - 896;4353;60;146528;2900;[846, 0.02, -1.4082527279572242e-05];[0, 0.0002, -1e-08]
2484;ВО;ВО 48-200-2484;ВО 48;480;1152 - 7098;838 - 1069;4299;76;140082;1000;[1019, 0.02, -6.41027625877096e-06];[0, 0.0002, -1e-08]
2485;УВО;УВО 81-103-2485;УВО 81;810;1679 - 7571;218 - 715;4318;100;113018;2900;[665, 0.02, -1.0439978575730608e-05];[0, 0.0002, -1e-08]
2486;ВКОП;ВКОП 65-178-2486;ВКОП 65;650;1622 - 8241;783 - 1258;4410;109;77465;;;
2487;УВО;УВО 105-171-2487;УВО 105;1050;1427 - 7763;908 - 1023;2352;85;124963;;;
2488;ВО;ВО 78-115-2488;ВО 78;780;909 - 5285;182 - 420;4626;75;84712;;;
2489;Ц;Ц 33-181-2489;Ц 33;330;1563 - 5155;296 - 411;2665;94;16212;;;
2490;ВЦ;ВЦ 52-199-2490;ВЦ 52;520;2000 - 6045;227 - 628;4425;82;166221;;;
2491;ВКОП;ВКОП 68-184-2491;ВКОП 68;680;1670 - 7538;134 - 320;2542;66;52201;;;
2492;Ц;Ц 54-152-2492;Ц 54;540;697 - 1790;634 - 1223;4515;84;26826;;;
2493;ВР;ВР 79-123-2493;ВР 79;790;516 - 6708;173 - 815;1382;66;181858;1000;[815, 0, -1.4267534132741938e-05];[0, 0.0002, -1e-08]
2494;ВР;ВР 38-141-2494;ВР 38;380;768 - 4090;242 - 946;198;85;106722;1450;[946, 0, -4.2084875150196376e-05];[0, 0.0002, -1e-08]
2495;ВЦ;ВЦ 94-119-2495;ВЦ 94;940;700 - 5177;493 - 593;1286;91;175393;;;
2496;ВКОП;ВКОП 117-194-2496;ВКОП 117;1170;742 - 7578;208 - 1129;1871;66;141144;;;
2497;УВО;УВО 76-152-2497;УВО 76;760;726 - 10414;191 - 902;1499;84;47142;;;
2498;ВР;ВР 57-126-2498;ВР 57;570;1590 - 3975;600 - 832;1330;72;68291;;;
2499;ВЦ;ВЦ 92-137-2499;ВЦ 92;920;1186 - 4937;720 - 1339;365;80;77589;;;
2500;ВО;ВО 114-154-2500;ВО 114;1140;806 - 7197;701 - 999;886;92;21075;1000;[949, 0.02, -7.566875403463561e-06];[0, 0.0002, -1e-08]
2501;ВКОП;ВКОП 40-119-2501;ВКОП 40;400;1584 - 4191;142 - 890;814;81;167775;1000;[840, 0.02, -4.451142051962708e-05];[0, 0.0002, -1e-08]
2502;Ц;Ц 42-174-2502;Ц 42;420;2000 - 8159;337 - 879;831;103;47840;;;
2503;ВЦ;ВЦ 95-190-2503;ВЦ 95;950;1700 - 7887;658 - 718;3801;104;73793;1000;[718, 0, -9.645562705971949e-07];[0, 0.0002, -1e-08]
2504;ВР;ВР 80-119-2504;ВР 80;800;1971 - 10670;299 - 893;2031;101;148769;1450;[893, 0, -5.2174417144126996e-06];[0, 0.0002, -1e-08]
2505;Ц;Ц 55-101-2505;Ц 55;550;502 - 8333;971 - 1145;1883;106;67375;1450;[1145, 0, -2.5058004600275216e-06];[0, 0.0002, -1e-08]
2506;ВЦ;ВЦ 23-190-2506;ВЦ 23;230;1812 - 6060;360 - 1313;4273;68;148871;1450;[1313, 0, -2.5950614863466545e-05];[0, 0.0002, -1e-08]
2507;УВО;УВО 107-176-2507;УВО 107;1070;1554 - 7108;412 - 463;3731;95;142625;1000;[413, 0.02, -2.8335237127695253e-06];[0, 0.0002, -1e-08]
2508;Ц;Ц 68-110-2508;Ц 68;680;1501 - 5146;219 - 900;1574;83;100051;1450;[900, 0, -2.571624461563768e-05];[0, 0.0002, -1e-08]
2509;Ц;Ц 107-153-2509;Ц 107;1070;633 - 6883;379 - 611;2214;90;159875;1450;[611, 0, -4.897026405251858e-06];[0, 0.0002, -1e-08]
2510;Ц;Ц 103-195-2510;Ц 103;1030;1704 - 10057;371 - 1060;1952;71;64026;2900;[1060, 0, -6.812120500499247e-06];[0, 0.0002, -1e-08]
2511;ВКОП;ВКОП 108-142-2511;ВКОП 108;1080;1234 - 2879;825 - 896;387;101;87348;;;
2512;ВО;ВО 115-164-2512;ВО 115;1150;1572 - 8193;848 - 1341;1818;83;173657;;;
2513;Ц;Ц 95-123-2513;Ц 95;950;1687 - 6884;452 - 572;2353;70;29972;;;
2514;ВР;ВР 100-132-2514;ВР 100;1000;676 - 5854;167 - 892;1319;91;73746;;;
2515;УВО;УВО 54-109-2515;УВО 54;540;886 - 2046;411 - 575;1090;85;166033;;;
2516;УВО;УВО 76-137-2516;УВО 76;760;665 - 3275;995 - 1075;4847;78;45725;;;
2517;ВЦ;ВЦ 51-135-2517;ВЦ 51;510;1486 - 7234;967 - 1114;2963;106;58623;1000;[1114, 0, -2.8090555389645048e-06];[0, 0.0002, -1e-08]
2518;ВО;ВО 51-175-2518;ВО 51;510;685 - 2814;420 - 1359;506;103;178287;;;
2519;Ц;Ц 41-102-2519;Ц 41;410;555 - 8653;441 - 864;2984;62;43737;1000;[864, 0, -5.649460284888526e-06];[0, 0.0002, -1e-08]
2520;ВЦ;ВЦ 53-173-2520;ВЦ 53;530;1292 - 8645;568 - 728;1155;74;46502;;;
2521;Ц;Ц 32-104-2521;Ц 32;320;1065 - 9008;105 - 1281;1358;67;106564;;;
2522;ВР;ВР 47-198-2522;ВР 47;470;1345 - 7735;411 - 537;3367;67;145372;1450;[537, 0, -2.105958986448739e-06];[0, 0.0002, -1e-08]
2523;УВО;УВО 117-125-2523;УВО 117;1170;605 - 6790;304 - 553;205;92;96469;;;
2524;ВР;ВР 105-101-2524;ВР 105;1050;1124 - 4844;1018 - 1082;1420;94;116982;2900;[1082, 0, -2.7275436219460887e-06];[0, 0.0002, -1e-08]
2525;ВР;ВР 101-165-2525;ВР 101;1010;1388 - 8651;203 - 641;3372;96;25858;;;
2526;ВКОП;ВКОП 20-174-2526;ВКОП 20;200;1811 - 10681;618 - 1109;337;82;191510;;;
2527;ВР;ВР 44-194-2527;ВР 44;440;1878 - 10087;1209 - 1359;1384;88;49497;;;
2528;ВЦ;ВЦ 63-182-2528;ВЦ 63;630;1276 - 6228;743 - 812;1267;73;28784;2900;[812, 0, -1.7789014247298854e-06];[0, 0.0002, -1e-08]
2529;ВО;ВО 78-197-2529;ВО 78;780;1258 - 7010;236 - 308;3645;81;93284;1000;[258, 0.02, -3.3007665837065862e-06];[0, 0.0002, -1e-08]
2530;ВО;ВО 23-107-2530;ВО 23;230;1839 - 2975;82 - 518;2060;91;164191;;;
2531;ВЦ;ВЦ 22-152-2531;ВЦ 22;220;1502 - 9798;268 - 588;3360;70;100201;;;
2532;ВКОП;ВКОП 119-142-2532;ВКОП 119;1190;680 - 4185;372 - 750;3283;79;103003;;;
2533;Ц;Ц 55-128-2533;Ц 55;550;541 - 2095;757 - 903;245;105;140042;;;
2534;ВО;ВО 45-128-2534;ВО 45;450;1594 - 6021;69 - 362;2528;95;161660;;;
2535;ВР;ВР 43-104-2535;ВР 43;430;1114 - 4924;281 - 437;384;80;32294;;;
2536;Ц;Ц 120-144-2536;Ц 120;1200;1888 - 9871;642 - 727;2996;70;39929;2900;[727, 0, -8.723617637845294e-07];[0, 0.0002, -1e-08]
2537;Ц;Ц 115-127-2537;Ц 115;1150;1584 - 5144;821 - 1257;4895;63;39522;1450;[1257, 0, -1.6477243868046604e-05];[0, 0.0002, -1e-08]
2538;ВО;ВО 99-100-2538;ВО 99;990;1885 - 10969;183 - 1171;657;80;173004;1000;[1121, 0.02, -9.619265246148527e-06];[0, 0.0002, -1e-08]
2539;ВЦ;ВЦ 49-157-2539;ВЦ 49;490;1603 - 6526;233 - 1356;2722;64;49534;;;
2540;ВО;ВО 106-113-2540;ВО 106;1060;1753 - 7389;155 - 680;3049;106;146395;2900;[630, 0.02, -1.1406786790875692e-05];[0, 0.0002, -1e-08]
2541;ВКОП;ВКОП 90-172-2541;ВКОП 90;900;781 - 3285;803 - 884;3230;62;136723;;;
2542;ВКОП;ВКОП 110-103-2542;ВКОП 110;1100;1544 - 11022;503 - 793;816;95;70386;;;
2543;ВКОП;ВКОП 64-100-2543;ВКОП 64;640;1675 - 4140;830 - 1038;3660;94;86164;1000;[988, 0.02, -1.4049336040514365e-05];[0, 0.0002, -1e-08]
2544;ВЦ;ВЦ 27-123-2544;ВЦ 27;270;1788 - 9598;364 - 1104;1549;73;121756;1450;[1104, 0, -8.032860565476042e-06];[0, 0.0002, -1e-08]
2545;ВО;ВО 77-193-2545;ВО 77;770;1215 - 4269;923 - 997;770;79;134135;;;
2546;ВЦ;ВЦ 20-105-2546;ВЦ 20;200;1954 - 3283;147 - 987;2080;94;17993;1000;[987, 0, -7.79358938305297e-05];[0, 0.0002, -1e-08]
2547;ВР;ВР 74-193-2547;ВР 74;740;1753 - 3125;198 - 416;1481;98;190121;;;
2548;УВО;УВО 85-149-2548;УВО 85;850;1564 - 7634;989 - 1407;3476;78;198933;1000;[1357, 0.02, -8.934424536097321e-06];[0, 0.0002, -1e-08]
2549;Ц;Ц 118-145-2549;Ц 118;1180;1498 - 8339;540 - 1368;1178;89;66913;;;
2550;ВР;ВР 96-100-2550;ВР 96;960;719 - 9184;1056 - 1240;1877;104;129076;;;
2551;ВЦ;ВЦ 96-135-2551;ВЦ 96;960;1479 - 11451;426 - 1314;2803;67;73041;1000;[1314, 0, -6.7721432554475085e-06];[0, 0.0002, -1e-08]
2552;ВР;ВР 43-161-2552;ВР 43;430;1935 - 6500;325 - 1072;433;95;37051;;;
2553;ВР;ВР 59-146-2553;ВР 59;590;1659 - 11643;187 - 334;2299;107;197056;;;
2554;ВЦ;ВЦ 31-166-2554;ВЦ 31;310;1278 - 9547;300 - 973;2039;60;125423;2900;[973, 0, -7.383822006486375e-06];[0, 0.0002, -1e-08]
2555;ВЦ;ВЦ 49-158-2555;ВЦ 49;490;1181 - 5730;391 - 1360;1058;75;87618;2900;[1360, 0, -2.951307986805917e-05];[0, 0.0002, -1e-08]
2556;ВР;ВР 76-190-2556;ВР 76;760;1217 - 7885;244 - 542;4998;60;188703;2900;[542, 0, -4.793060035087451e-06];[0, 0.0002, -1e-08]
2557;Ц;Ц 26-121-2557;Ц 26;260;1205 - 8004;895 - 1218;769;105;22478;1000;[1218, 0, -5.041831907634389e-06];[0, 0.0002, -1e-08]
2558;ВР;ВР 35-139-2558;ВР 35;350;716 - 3683;343 - 440;1653;102;143397;;;
2559;ВР;ВР 22-153-2559;ВР 22;220;1206 - 6817;438 - 597;3024;82;179524;;;
2560;ВКОП;ВКОП 26-149-2560;ВКОП 26;260;1197 - 6419;177 - 1159;2447;71;167781;;;
2561;Ц;Ц 75-128-2561;Ц 75;750;1723 - 6104;151 - 706;814;89;149018;2900;[706, 0, -1.4895803452262143e-05];[0, 0.0002, -1e-08]
2562;Ц;Ц 58-200-2562;Ц 58;580;541 - 3482;737 - 1267;1912;85;14422;;;
2563;УВО;УВО 79-115-2563;УВО 79;790;1268 - 2866;581 - 1193;323;87;62660;1450;[1143, 0.02, -7.539850469128396e-05];[0, 0.0002, -1e-08]
2564;ВР;ВР 22-190-2564;ВР 22;220;1359 - 7575;213 - 301;3940;78;190616;2900;[301, 0, -1.533618708405494e-06];[0, 0.0002, -1e-08]
2565;ВКОП;ВКОП 105-107-2565;ВКОП 105;1050;513 - 8711;217 - 599;1875;102;107279;1000;[549, 0.02, -6.671189419094539e-06];[0, 0.0002, -1e-08]
2566;УВО;УВО 79-106-2566;УВО 79;790;1186 - 2936;235 - 1487;2400;93;153988;2900;[1437, 0.02, -0.00014625359160733246];[0, 0.0002, -1e-08]
2567;ВР;ВР 34-174-2567;ВР 34;340;1965 - 11154;127 - 638;4487;107;40519;;;
2568;ВЦ;ВЦ 80-185-2568;ВЦ 80;800;1443 - 4850;427 - 906;943;87;105424;2900;[906, 0, -2.036348177277075e-05];[0, 0.0002, -1e-08]
2569;УВО;УВО 48-119-2569;УВО 48;480;1873 - 6324;218 - 404;1259;62;13179;;;
2570;УВО;УВО 52-163-2570;УВО 52;520;1189 - 9127;109 - 698;2721;74;170168;2900;[648, 0.02, -8.661723399650446e-06];[0, 0.0002, -1e-08]
2571;ВР;ВР 76-123-2571;ВР 76;760;971 - 10896;178 - 330;376;87;57429;;;
2572;Ц;Ц 68-123-2572;Ц 68;680;1368 - 9923;486 - 1335;1678;88;19588;;;
2573;ВО;ВО 32-110-2573;ВО 32;320;1396 - 8664;329 - 1398;3016;104;70775;;;
2574;Ц;Ц 104-129-2574;Ц 104;1040;805 - 6420;517 - 834;4719;87;119180;;;
2575;ВР;ВР 22-115-2575;ВР 22;220;1991 - 10972;333 - 407;1629;104;93634;;;
2576;ВЦ;ВЦ 96-134-2576;ВЦ 96;960;1770 - 3547;94 - 1401;2720;69;48877;1450;[1401, 0, -0.0001038850876732117];[0, 0.0002, -1e-08]
2577;ВЦ;ВЦ 59-153-2577;ВЦ 59;590;570 - 2872;567 - 1089;3041;60;64145;;;
2578;Ц;Ц 101-196-2578;Ц 101;1010;601 - 8262;561 - 944;2310;68;68808;2900;[944, 0, -5.610846566287889e-06];[0, 0.0002, -1e-08]
2579;УВО;УВО 39-167-2579;УВО 39;390;1029 - 9183;494 - 662;434;103;183523;2900;[612, 0.02, -3.577243951850623e-06];[0, 0.0002, -1e-08]
2580;ВО;ВО 29-185-2580;ВО 29;290;939 - 3781;55 - 488;2274;106;32825;2900;[438, 0.02, -3.2080389698880686e-05];[0, 0.0002, -1e-08]
2581;УВО;УВО 95-113-2581;УВО 95;950;1465 - 3421;307 - 1153;3393;89;45199;1000;[1103, 0.02, -7.386159099005139e-05];[0, 0.0002, -1e-08]
2582;ВЦ;ВЦ 60-101-2582;ВЦ 60;600;1946 - 9733;337 - 550;1862;65;129813;;;
2583;ВО;ВО 38-114-2583;ВО 38;380;831 - 6453;508 - 1007;3708;94;157943;1450;[957, 0.02, -1.388192163200641e-05];[0, 0.0002, -1e-08]
2584;Ц;Ц 87-153-2584;Ц 87;870;953 - 4770;72 - 723;520;102;46139;1000;[723, 0, -2.8611737404902234e-05];[0, 0.0002, -1e-08]
2585;ВЦ;ВЦ 75-127-2585;ВЦ 75;750;702 - 2037;539 - 1003;4206;66;188226;;;
2586;ВО;ВО 105-156-2586;ВО 105;1050;1280 - 4754;91 - 387;234;104;179181;;;
2587;Ц;Ц 91-152-2587;Ц 91;910;1278 - 6577;308 - 1436;2300;90;36991;1000;[1436, 0, -2.607674714957227e-05];[0, 0.0002, -1e-08]
2588;ВКОП;ВКОП 30-129-2588;ВКОП 30;300;1825 - 5839;286 - 1151;4388;106;22934;2900;[1101, 0.02, -2.7329798763832413e-05];[0, 0.0002, -1e-08]
2589;Ц;Ц 119-128-2589;Ц 119;1190;1620 - 8705;372 - 450;3164;99;47713;;;
2590;ВР;ВР 20-115-2590;ВР 20;200;1620 - 6574;865 - 1471;461;71;53477;;;
2591;ВР;ВР 114-140-2591;ВР 114;1140;1459 - 3621;200 - 330;3561;61;96668;1000;[330, 0, -9.914853525962158e-06];[0, 0.0002, -1e-08]
2592;ВЦ;ВЦ 94-106-2592;ВЦ 94;940;1653 - 10805;92 - 324;2623;96;70108;1000;[324, 0, -1.987185650463894e-06];[0, 0.0002, -1e-08]
2593;ВР;ВР 86-164-2593;ВР 86;860;657 - 4623;303 - 634;687;71;55070;1000;[634, 0, -1.5487460327419885e-05];[0, 0.0002, -1e-08]
2594;ВКОП;ВКОП 24-145-2594;ВКОП 24;240;882 - 5032;420 - 1261;2221;71;178017;1450;[1211, 0.02, -3.521342580773985e-05];[0, 0.0002, -1e-08]
2595;УВО;УВО 73-169-2595;УВО 73;730;1718 - 10360;88 - 639;3700;95;62596;1450;[589, 0.02, -6.598366154350711e-06];[0, 0.0002, -1e-08]
2596;ВКОП;ВКОП 104-155-2596;ВКОП 104;1040;982 - 6694;375 - 684;3614;73;91705;;;
2597;ВО;ВО 24-145-2597;ВО 24;240;945 - 9475;243 - 1234;4661;66;122186;1450;[1184, 0.02, -1.2592504925473925e-05];[0, 0.0002, -1e-08]
2598;УВО;УВО 107-191-2598;УВО 107;1070;1732 - 6037;320 - 706;1952;66;190355;1450;[656, 0.02, -1.253218207229566e-05];[0, 0.0002, -1e-08]
2599;Ц;Ц 119-101-2599;Ц 119;1190;901 - 3349;453 - 1337;1624;70;77943;1000;[1337, 0, -7.881737559359336e-05];[0, 0.0002, -1e-08]
2600;Ц;Ц 117-123-2600;Ц 117;1170;760 - 4167;459 - 1004;2435;72;119769;1000;[1004, 0, -3.1386977882662114e-05];[0, 0.0002, -1e-08]
2601;ВКОП;ВКОП 116-132-2601;ВКОП 116;1160;1581 - 4739;699 - 1115;3460;104;50746;;;
2602;ВКОП;ВКОП 85-139-2602;ВКОП 85;850;1273 - 2908;259 - 528;1425;78;120715;2900;[478, 0.02, -3.277492814963796e-05];[0, 0.0002, -1e-08]
2603;ВО;ВО 30-164-2603;ВО 30;300;1065 - 6843;126 - 337;3288;101;110647;1450;[287, 0.02, -6.360907866800377e-06];[0, 0.0002, -1e-08]
2604;Ц;Ц 83-131-2604;Ц 83;830;1614 - 10050;114 - 754;462;76;197880;;;
2605;ВКОП;ВКОП 95-162-2605;ВКОП 95;950;770 - 2150;766 - 1347;2526;72;111951;;;
2606;ВКОП;ВКОП 120-167-2606;ВКОП 120;1200;629 - 1811;101 - 845;1327;83;187936;1450;[795, 0.02, -0.00022264698735044843];[0, 0.0002, -1e-08]
2607;ВО;ВО 93-171-2607;ВО 93;930;1853 - 3544;471 - 708;1457;104;18682;2900;[658, 0.02, -2.0531951755168177e-05];[0, 0.0002, -1e-08]
2608;ВО;ВО 106-140-2608;ВО 106;1060;1093 - 6611;325 - 947;1161;74;169029;;;
2609;ВО;ВО 120-197-2609;ВО 120;1200;1457 - 6819;56 - 379;3883;89;108970;1000;[329, 0.02, -8.804105554554454e-06];[0, 0.0002, -1e-08]
2610;УВО;УВО 31-191-2610;УВО 31;310;551 - 9618;379 - 933;3901;65;44694;2900;[883, 0.02, -7.527734115709173e-06];[0, 0.0002, -1e-08]
2611;ВО;ВО 75-113-2611;ВО 75;750;965 - 4486;724 - 1215;1156;77;171307;1450;[1165, 0.02, -2.637223370315018e-05];[0, 0.0002, -1e-08]
2612;ВО;ВО 89-200-2612;ВО 89;890;907 - 9333;210 - 628;3497;61;195061;;;
2613;ВР;ВР 61-134-2613;ВР 61;610;974 - 8951;353 - 815;1575;70;51936;1450;[815, 0, -5.766321613892072e-06];[0, 0.0002, -1e-08]
2614;ВКОП;ВКОП 90-153-2614;ВКОП 90;900;1031 - 2663;112 - 866;3782;73;56690;;;
2615;Ц;Ц 102-148-2615;Ц 102;1020;875 - 9475;740 - 1100;1934;80;156624;;;
2616;УВО;УВО 115-117-2616;УВО 115;1150;1903 - 3213;72 - 632;3846;76;197766;;;
2617;ВЦ;ВЦ 68-106-2617;ВЦ 68;680;1473 - 9887;157 - 432;4030;71;60757;;;
2618;ВЦ;ВЦ 51-187-2618;ВЦ 51;510;503 - 9921;147 - 313;504;105;24467;;;
2619;ВКОП;ВКОП 73-149-2619;ВКОП 73;730;1239 - 8331;404 - 1114;3197;70;74498;1450;[1064, 0.02, -1.1909996664388319e-05];[0, 0.0002, -1e-08]
2620;ВО;ВО 32-110-2620;ВО 32;320;905 - 9929;303 - 1454;1461;102;19267;1450;[1404, 0.02, -1.3182324486734249e-05];[0, 0.0002, -1e-08]
2621;ВКОП;ВКОП 46-166-2621;ВКОП 46;460;1708 - 7727;768 - 1263;985;104;95901;1000;[1213, 0.02, -1.0041447895924413e-05];[0, 0.0002, -1e-08]
2622;ВР;ВР 31-134-2622;ВР 31;310;1773 - 6721;371 - 627;2269;110;146991;1000;[627, 0, -5.667247434081776e-06];[0, 0.0002, -1e-08]
2623;ВР;ВР 57-111-2623;ВР 57;570;1214 - 9355;910 - 1158;1497;101;131042;2900;[1158, 0, -2.833766730150278e-06];[0, 0.0002, -1e-08]
2624;ВКОП;ВКОП 20-160-2624;ВКОП 20;200;1801 - 5626;372 - 492;4746;106;114192;1450;[442, 0.02, -5.766482846072062e-06];[0, 0.0002, -1e-08]
2625;УВО;УВО 62-150-2625;УВО 62;620;1323 - 8362;1053 - 1419;4547;62;83671;;;
2626;ВЦ;ВЦ 79-157-2626;ВЦ 79;790;710 - 3401;280 - 664;4218;103;103594;;;
2627;ВЦ;ВЦ 62-186-2627;ВЦ 62;620;509 - 2221;255 - 686;2495;101;75989;;;
2628;ВЦ;ВЦ 47-147-2628;ВЦ 47;470;1087 - 2100;289 - 416;2972;89;72210;2900;[416, 0, -2.8798185941043085e-05];[0, 0.0002, -1e-08]
2629;ВО;ВО 58-189-2629;ВО 58;580;1191 - 9115;623 - 801;3073;73;57383;1000;[751, 0.02, -3.734809283101372e-06];[0, 0.0002, -1e-08]
2630;ВО;ВО 44-188-2630;ВО 44;440;1964 - 8404;409 - 1126;821;93;98172;;;
2631;ВР;ВР 36-152-2631;ВР 36;360;1019 - 6572;447 - 1428;2525;71;139838;1000;[1428, 0, -2.2712968461341557e-05];[0, 0.0002, -1e-08]
2632;УВО;УВО 61-159-2632;УВО 61;610;963 - 8682;427 - 783;4276;87;62395;1450;[733, 0.02, -6.363203775193121e-06];[0, 0.0002, -1e-08]
2633;ВЦ;ВЦ 52-130-2633;ВЦ 52;520;674 - 4387;446 - 935;398;70;71807;;;
2634;ВКОП;ВКОП 21-103-2634;ВКОП 21;210;966 - 6599;58 - 1348;437;100;40205;2900;[1298, 0.02, -3.1505873416511124e-05];[0, 0.0002, -1e-08]
2635;ВР;ВР 49-198-2635;ВР 49;490;777 - 5110;50 - 408;2092;88;48164;;;
2636;ВЦ;ВЦ 61-122-2636;ВЦ 61;610;519 - 3907;270 - 334;1526;102;169350;;;
2637;ВО;ВО 62-147-2637;ВО 62;620;1745 - 10196;523 - 659;3288;99;13607;;;
2638;ВКОП;ВКОП 69-106-2638;ВКОП 69;690;514 - 4934;290 - 607;4648;61;129486;;;
2639;УВО;УВО 43-166-2639;УВО 43;430;1518 - 7546;550 - 728;1122;69;151416;;;
2640;УВО;УВО 28-147-2640;УВО 28;280;844 - 10454;162 - 1248;4249;102;163827;;;
2641;ВО;ВО 37-166-2641;ВО 37;370;1263 - 8693;67 - 603;2851;65;66737;1450;[553, 0.02, -8.7319741919652e-06];[0, 0.0002, -1e-08]
2642;Ц;Ц 99-194-2642;Ц 99;990;836 - 5115;136 - 1014;2067;62;120785;1000;[1014, 0, -3.355855403911406e-05];[0, 0.0002, -1e-08]
2643;ВЦ;ВЦ 105-158-2643;ВЦ 105;1050;848 - 7048;697 - 805;3156;80;93975;1450;[805, 0, -2.1741623194156883e-06];[0, 0.0002, -1e-08]
2644;ВО;ВО 80-146-2644;ВО 80;800;1893 - 10567;440 - 976;1372;101;44072;;;
2645;ВО;ВО 69-115-2645;ВО 69;690;1922 - 3470;199 - 812;4582;70;11718;;;
2646;ВЦ;ВЦ 36-195-2646;ВЦ 36;360;1725 - 11467;1062 - 1218;3345;67;198491;;;
2647;ВО;ВО 66-153-2647;ВО 66;660;674 - 6586;346 - 436;3146;109;119112;;;
2648;УВО;УВО 73-139-2648;УВО 73;730;1321 - 2748;242 - 464;3185;102;25147;1000;[414, 0.02, -3.0054940049028644e-05];[0, 0.0002, -1e-08]
2649;ВЦ;ВЦ 95-100-2649;ВЦ 95;950;774 - 6410;707 - 1222;1402;89;76194;;;
2650;ВЦ;ВЦ 81-111-2650;ВЦ 81;810;1149 - 5342;1368 - 1500;3919;100;197970;1000;[1500, 0, -4.625579651710673e-06];[0, 0.0002, -1e-08]
2651;ВКОП;ВКОП 57-136-2651;ВКОП 57;570;1486 - 4195;76 - 357;2128;96;22578;;;
2652;УВО;УВО 105-123-2652;УВО 105;1050;1224 - 10598;460 - 1186;187;81;104177;1000;[1136, 0.02, -7.905795426334059e-06];[0, 0.0002, -1e-08]
2653;ВО;ВО 75-107-2653;ВО 75;750;1042 - 10323;232 - 404;410;70;39462;;;
2654;УВО;УВО 90-199-2654;УВО 90;900;896 - 3849;423 - 557;4432;101;176909;;;
2655;Ц;Ц 97-195-2655;Ц 97;970;984 - 6544;297 - 1232;316;66;93486;;;
2656;ВР;ВР 78-147-2656;ВР 78;780;813 - 4476;1384 - 1460;4132;101;115300;;;
2657;ВР;ВР 80-120-2657;ВР 80;800;1586 - 3712;368 - 985;3424;107;118008;2900;[985, 0, -4.477846778388823e-05];[0, 0.0002, -1e-08]
2658;ВР;ВР 22-198-2658;ВР 22;220;654 - 9697;788 - 995;3269;93;173539;1000;[995, 0, -2.2013827257114663e-06];[0, 0.0002, -1e-08]
2659;Ц;Ц 35-171-2659;Ц 35;350;1852 - 11167;607 - 661;4104;100;185497;;;
2660;ВЦ;ВЦ 52-167-2660;ВЦ 52;520;1671 - 7735;635 - 1106;1601;77;24476;1450;[1106, 0, -7.872275258867905e-06];[0, 0.0002, -1e-08]
2661;Ц;Ц 101-177-2661;Ц 101;1010;1162 - 7583;469 - 1165;1790;76;15589;2900;[1165, 0, -1.2103950185010444e-05];[0, 0.0002, -1e-08]
2662;ВЦ;ВЦ 80-133-2662;ВЦ 80;800;623 - 2434;1254 - 1485;1132;62;24716;1450;[1485, 0, -3.899157984429025e-05];[0, 0.0002, -1e-08]
2663;Ц;Ц 108-175-2663;Ц 108;1080;1255 - 6081;319 - 894;3779;98;179954;2900;[894, 0, -1.5549550454383555e-05];[0, 0.0002, -1e-08]
2664;ВР;ВР 20-186-2664;ВР 20;200;553 - 6453;543 - 870;3509;86;156325;;;
2665;ВР;ВР 97-191-2665;ВР 97;970;1411 - 6038;387 - 662;1691;76;36619;1000;[662, 0, -7.5430411413372806e-06];[0, 0.0002, -1e-08]
2666;Ц;Ц 50-166-2666;Ц 50;500;1921 - 4555;254 - 1296;194;79;118680;;;
2667;ВО;ВО 75-162-2667;ВО 75;750;1052 - 4478;229 - 779;260;70;145890;;;
2668;ВО;ВО 110-140-2668;ВО 110;1100;605 - 4498;293 - 1189;2912;65;194509;1450;[1139, 0.02, -4.626135898351938e-05];[0, 0.0002, -1e-08]
2669;УВО;УВО 93-143-2669;УВО 93;930;1926 - 11351;303 - 803;1455;68;151370;;;
2670;Ц;Ц 58-107-2670;Ц 58;580;1224 - 9338;646 - 1006;1895;89;110621;;;
2671;УВО;УВО 28-111-2671;УВО 28;280;651 - 7629;1141 - 1324;3743;96;53882;1450;[1274, 0.02, -4.9067345025546626e-06];[0, 0.0002, -1e-08]
2672;УВО;УВО 100-167-2672;УВО 100;1000;984 - 9985;641 - 1099;3028;95;51603;2900;[1049, 0.02, -6.095272101943602e-06];[0, 0.0002, -1e-08]
2673;ВО;ВО 80-112-2673;ВО 80;800;807 - 5885;822 - 1035;3702;65;54509;2900;[985, 0.02, -8.104933918224479e-06];[0, 0.0002, -1e-08]
2674;Ц;Ц 116-147-2674;Ц 116;1160;842 - 5520;331 - 995;3005;101;59649;2900;[995, 0, -2.179164041167822e-05];[0, 0.0002, -1e-08]
2675;УВО;УВО 73-134-2675;УВО 73;730;615 - 2413;73 - 352;1192;95;11654;1450;[302, 0.02, -4.761815617814061e-05];[0, 0.0002, -1e-08]
2676;Ц;Ц 108-139-2676;Ц 108;1080;1182 - 9889;1082 - 1407;3766;103;138610;;;
2677;Ц;Ц 39-197-2677;Ц 39;390;1144 - 9759;255 - 1017;577;66;134469;1450;[1017, 0, -8.001001196149679e-06];[0, 0.0002, -1e-08]
2678;УВО;УВО 55-132-2678;УВО 55;550;616 - 2385;50 - 325;4467;84;174531;2900;[275, 0.02, -4.794114156876706e-05];[0, 0.0002, -1e-08]
2679;Ц;Ц 97-179-2679;Ц 97;970;551 - 9559;897 - 1240;4444;75;61836;1450;[1240, 0, -3.7537832909825228e-06];[0, 0.0002, -1e-08]
2680;ВЦ;ВЦ 55-173-2680;ВЦ 55;550;1032 - 3082;457 - 1146;635;105;33292;;;
2681;ВКОП;ВКОП 117-117-2681;ВКОП 117;1170;1675 - 3232;751 - 904;3375;79;166838;;;
2682;ВЦ;ВЦ 31-181-2682;ВЦ 31;310;1100 - 9369;466 - 879;3717;66;64540;2900;[879, 0, -4.7050427497564e-06];[0, 0.0002, -1e-08]
2683;ВР;ВР 115-147-2683;ВР 115;1150;1402 - 4490;387 - 860;728;63;121733;;;
2684;ВО;ВО 71-121-2684;ВО 71;710;779 - 3326;691 - 913;3917;81;131436;;;
2685;ВКОП;ВКОП 66-189-2685;ВКОП 66;660;1126 - 6512;434 - 834;1719;96;160879;;;
2686;ВЦ;ВЦ 56-141-2686;ВЦ 56;560;1201 - 3815;108 - 960;153;96;193054;;;
2687;Ц;Ц 97-178-2687;Ц 97;970;844 - 9437;422 - 650;4299;75;100255;;;
2688;ВО;ВО 114-153-2688;ВО 114;1140;1097 - 3635;199 - 694;2309;77;147776;1450;[644, 0.02, -3.918044232199179e-05];[0, 0.0002, -1e-08]
2689;ВЦ;ВЦ 51-138-2689;ВЦ 51;510;1162 - 5641;925 - 1054;2835;83;62138;2900;[1054, 0, -4.053941812610405e-06];[0, 0.0002, -1e-08]
2690;Ц;Ц 98-129-2690;Ц 98;980;1269 - 3712;701 - 1063;4763;96;107318;1450;[1063, 0, -2.6271969753269917e-05];[0, 0.0002, -1e-08]
2691;Ц;Ц 111-131-2691;Ц 111;1110;1431 - 10116;294 - 630;1003;77;81993;;;
2692;Ц;Ц 74-101-2692;Ц 74;740;1239 - 10041;498 - 647;3562;108;11553;1000;[647, 0, -1.4778567320257238e-06];[0, 0.0002, -1e-08]
2693;ВР;ВР 51-175-2693;ВР 51;510;765 - 2154;94 - 1046;2403;62;95361;;;
2694;ВО;ВО 116-166-2694;ВО 116;1160;1267 - 8624;828 - 895;3628;71;67839;2900;[845, 0.02, -2.5476858815713836e-06];[0, 0.0002, -1e-08]
2695;ВО;ВО 106-171-2695;ВО 106;1060;712 - 5882;1263 - 1325;3074;77;193966;;;
2696;ВО;ВО 90-146-2696;ВО 90;900;1543 - 6511;486 - 654;1364;108;94538;;;
2697;ВО;ВО 54-149-2697;ВО 54;540;786 - 8306;441 - 1387;4835;81;150086;1000;[1337, 0.02, -1.539535590534207e-05];[0, 0.0002, -1e-08]
2698;ВР;ВР 107-191-2698;ВР 107;1070;962 - 3617;250 - 857;3018;97;96553;1450;[857, 0, -4.639718944629808e-05];[0, 0.0002, -1e-08]
2699;Ц;Ц 68-179-2699;Ц 68;680;1323 - 4670;240 - 472;2832;78;189179;;;
2700;ВКОП;ВКОП 36-101-2700;ВКОП 36;360;1077 - 9932;694 - 1315;4775;106;146176;;;
2701;ВР;ВР 61-115-2701;ВР 61;610;1994 - 7382;226 - 352;3541;86;70645;1450;[352, 0, -2.3121843822441564e-06];[0, 0.0002, -1e-08]
2702;ВЦ;ВЦ 40-153-2702;ВЦ 40;400;795 - 4219;274 - 579;1016;76;163618;;;
2703;Ц;Ц 59-196-2703;Ц 59;590;1411 - 11029;68 - 886;4398;97;191534;;;
2704;ВО;ВО 77-188-2704;ВО 77;770;1528 - 4713;156 - 1004;2881;93;111788;;;
2705;ВКОП;ВКОП 96-112-2705;ВКОП 96;960;1734 - 3225;371 - 1136;715;74;113030;;;
2706;УВО;УВО 97-123-2706;УВО 97;970;580 - 2020;530 - 1076;4763;106;64586;;;
2707;ВО;ВО 53-109-2707;ВО 53;530;529 - 3469;310 - 463;4935;99;16091;1000;[413, 0.02, -1.4324460582845497e-05];[0, 0.0002, -1e-08]
2708;ВР;ВР 79-200-2708;ВР 79;790;573 - 8901;361 - 713;658;101;29743;2900;[713, 0, -4.442884890873091e-06];[0, 0.0002, -1e-08]
2709;ВКОП;ВКОП 30-174-2709;ВКОП 30;300;856 - 2661;296 - 1058;1461;84;142294;2900;[1008, 0.02, -0.00010806786292348128];[0, 0.0002, -1e-08]
2710;ВР;ВР 45-182-2710;ВР 45;450;1355 - 5920;105 - 924;1589;88;126194;;;
2711;ВО;ВО 20-124-2711;ВО 20;200;1884 - 3386;536 - 1307;3416;77;48489;1450;[1257, 0.02, -6.879374401875064e-05];[0, 0.0002, -1e-08]
2712;УВО;УВО 28-118-2712;УВО 28;280;1002 - 8376;754 - 1103;2013;96;193642;1000;[1053, 0.02, -6.649621559392415e-06];[0, 0.0002, -1e-08]
2713;ВО;ВО 44-114-2713;ВО 44;440;1362 - 9715;354 - 595;4049;61;32913;2900;[545, 0.02, -4.0823797317739835e-06];[0, 0.0002, -1e-08]
2714;Ц;Ц 82-168-2714;Ц 82;820;608 - 10406;513 - 1129;515;80;108207;2900;[1129, 0, -5.688700493576035e-06];[0, 0.0002, -1e-08]
2715;Ц;Ц 87-188-2715;Ц 87;870;1009 - 3763;61 - 1430;4094;99;144858;;;
2716;ВКОП;ВКОП 90-158-2716;ВКОП 90;900;1974 - 6292;790 - 1171;2443;62;159710;2900;[1121, 0.02, -1.153949212089419e-05];[0, 0.0002, -1e-08]
2717;Ц;Ц 116-111-2717;Ц 116;1160;1696 - 4513;715 - 793;1321;73;146131;;;
2718;ВР;ВР 108-125-2718;ВР 108;1080;778 - 9087;818 - 1467;4506;64;40608;;;
2719;ВР;ВР 91-155-2719;ВР 91;910;910 - 7831;707 - 1362;522;81;159028;;;
2720;УВО;УВО 114-108-2720;УВО 114;1140;1303 - 7331;133 - 783;4140;86;78071;;;
2721;ВР;ВР 43-185-2721;ВР 43;430;1415 - 2706;1140 - 1372;3837;92;24675;;;
2722;ВО;ВО 95-165-2722;ВО 95;950;1663 - 8202;501 - 785;429;67;105638;1450;[735, 0.02, -5.9168040624559065e-06];[0, 0.0002, -1e-08]
2723;ВКОП;ВКОП 31-179-2723;ВКОП 31;310;1820 - 3468;1025 - 1388;4542;85;44426;;;
2724;ВР;ВР 39-145-2724;ВР 39;390;519 - 5647;747 - 1357;4841;99;123874;;;
2725;ВР;ВР 67-186-2725;ВР 67;670;1341 - 6967;222 - 324;1966;88;120059;1000;[324, 0, -2.101399142451973e-06];[0, 0.0002, -1e-08]
2726;ВКОП;ВКОП 86-119-2726;ВКОП 86;860;1986 - 3530;89 - 325;4355;71;152639;1000;[275, 0.02, -2.0592413068076948e-05];[0, 0.0002, -1e-08]
2727;ВЦ;ВЦ 114-121-2727;ВЦ 114;1140;1125 - 5596;111 - 403;2190;89;21470;1450;[403, 0, -9.324540504526618e-06];[0, 0.0002, -1e-08]
2728;ВКОП;ВКОП 38-127-2728;ВКОП 38;380;949 - 8044;278 - 936;109;74;96688;1000;[886, 0.02, -1.1882681057268069e-05];[0, 0.0002, -1e-08]
2729;ВО;ВО 84-122-2729;ВО 84;840;741 - 10058;153 - 519;1491;69;103103;1450;[469, 0.02, -5.112127350767022e-06];[0, 0.0002, -1e-08]
2730;ВР;ВР 93-145-2730;ВР 93;930;1343 - 3911;563 - 739;2832;100;19423;;;
2731;УВО;УВО 93-192-2731;УВО 93;930;1345 - 10606;150 - 1035;1395;67;75889;;;
2732;ВО;ВО 110-114-2732;ВО 110;1100;1802 - 6948;115 - 1000;621;78;48428;1450;[950, 0.02, -2.0175369692582685e-05];[0, 0.0002, -1e-08]
2733;ВЦ;ВЦ 84-199-2733;ВЦ 84;840;1400 - 3011;606 - 940;4841;103;164124;;;
2734;ВО;ВО 58-118-2734;ВО 58;580;888 - 9072;265 - 586;3998;101;171888;;;
2735;Ц;Ц 28-168-2735;Ц 28;280;658 - 1780;555 - 1033;2948;81;150666;1000;[1033, 0, -0.00015086478979926777];[0, 0.0002, -1e-08]
2736;УВО;УВО 97-180-2736;УВО 97;970;674 - 10415;492 - 846;3752;95;143034;1000;[796, 0.02, -4.722867996853572e-06];[0, 0.0002, -1e-08]
2737;ВР;ВР 54-149-2737;ВР 54;540;617 - 10187;614 - 777;4595;84;65206;;;
2738;УВО;УВО 70-112-2738;УВО 70;700;1742 - 9916;152 - 414;2998;71;46461;;;
2739;ВЦ;ВЦ 46-141-2739;ВЦ 46;460;1509 - 10305;148 - 896;1857;98;98450;1450;[896, 0, -7.0437771218966595e-06];[0, 0.0002, -1e-08]
2740;ВО;ВО 89-111-2740;ВО 89;890;1987 - 8196;362 - 531;4454;101;132353;;;
2741;УВО;УВО 57-136-2741;УВО 57;570;1470 - 4717;370 - 466;2363;84;186617;2900;[416, 0.02, -6.307390500775076e-06];[0, 0.0002, -1e-08]
2742;ВО;ВО 35-103-2742;ВО 35;350;1455 - 6286;276 - 694;4646;79;169247;;;
2743;УВО;УВО 112-126-2743;УВО 112;1120;1461 - 8794;174 - 381;4225;108;195436;1450;[331, 0.02, -4.304421383508894e-06];[0, 0.0002, -1e-08]
2744;ВР;ВР 105-138-2744;ВР 105;1050;626 - 6932;499 - 1028;516;89;75461;1450;[1028, 0, -1.1008764058337377e-05];[0, 0.0002, -1e-08]
2745;ВЦ;ВЦ 40-127-2745;ВЦ 40;400;1838 - 4114;220 - 317;463;68;176328;1450;[317, 0, -5.731168267336666e-06];[0, 0.0002, -1e-08]
2746;ВКОП;ВКОП 21-137-2746;ВКОП 21;210;555 - 7345;508 - 1275;2587;86;33113;2900;[1225, 0.02, -1.6013264373174493e-05];[0, 0.0002, -1e-08]
2747;ВР;ВР 24-135-2747;ВР 24;240;1881 - 5730;592 - 1102;2031;66;131257;2900;[1102, 0, -1.553319993055746e-05];[0, 0.0002, -1e-08]
2748;Ц;Ц 84-149-2748;Ц 84;840;1056 - 5897;301 - 496;3943;70;129195;1450;[496, 0, -5.607539685061592e-06];[0, 0.0002, -1e-08]
2749;ВР;ВР 104-178-2749;ВР 104;1040;1223 - 3121;593 - 998;4651;96;41094;2900;[998, 0, -4.1578372511624236e-05];[0, 0.0002, -1e-08]
2750;ВКОП;ВКОП 28-150-2750;ВКОП 28;280;587 - 7736;438 - 611;3500;104;173289;;;
2751;ВО;ВО 119-136-2751;ВО 119;1190;1539 - 7715;139 - 848;4421;72;47025;1000;[798, 0.02, -1.3664033292325551e-05];[0, 0.0002, -1e-08]
2752;Ц;Ц 120-101-2752;Ц 120;1200;1017 - 9739;278 - 422;4462;78;110054;1450;[422, 0, -1.5182166866542354e-06];[0, 0.0002, -1e-08]
2753;ВЦ;ВЦ 101-177-2753;ВЦ 101;1010;987 - 3187;403 - 762;1088;76;41066;;;
2754;ВР;ВР 46-100-2754;ВР 46;460;1606 - 6485;748 - 1107;175;78;97531;;;
2755;ВЦ;ВЦ 119-111-2755;ВЦ 119;1190;557 - 5154;261 - 1015;2326;97;132519;;;
2756;ВР;ВР 116-150-2756;ВР 116;1160;617 - 6487;698 - 936;2518;100;24587;;;
2757;ВР;ВР 60-124-2757;ВР 60;600;1976 - 9570;365 - 662;3156;61;34215;;;
2758;ВР;ВР 64-131-2758;ВР 64;640;1598 - 8038;400 - 907;3031;108;133235;;;
2759;ВР;ВР 62-128-2759;ВР 62;620;1010 - 9625;401 - 936;4948;86;68481;;;
2760;ВКОП;ВКОП 77-162-2760;ВКОП 77;770;646 - 8848;357 - 433;2196;105;46186;1450;[383, 0.02, -2.592508722764863e-06];[0, 0.0002, -1e-08]
2761;Ц;Ц 69-174-2761;Ц 69;690;1706 - 6869;1141 - 1401;761;72;134595;;;
2762;ВЦ;ВЦ 94-120-2762;ВЦ 94;940;1359 - 10389;367 - 1255;3952;86;21965;2900;[1255, 0, -8.22745419747063e-06];[0, 0.0002, -1e-08]
2763;ВКОП;ВКОП 95-150-2763;ВКОП 95;950;1149 - 9881;446 - 794;1534;101;185343;;;
2764;Ц;Ц 25-132-2764;Ц 25;250;836 - 4520;76 - 794;635;97;181298;;;
2765;ВЦ;ВЦ 67-116-2765;ВЦ 67;670;560 - 9876;94 - 317;1597;71;121388;;;
2766;ВЦ;ВЦ 71-128-2766;ВЦ 71;710;806 - 3122;290 - 662;2943;94;144201;;;
2767;Ц;Ц 89-172-2767;Ц 89;890;1823 - 3597;777 - 1001;1546;97;15491;1000;[1001, 0, -1.7312793249927407e-05];[0, 0.0002, -1e-08]
2768;ВКОП;ВКОП 92-128-2768;ВКОП 92;920;1934 - 11219;186 - 584;1859;97;169799;1000;[534, 0.02, -4.547536088807998e-06];[0, 0.0002, -1e-08]
2769;Ц;Ц 47-193-2769;Ц 47;470;1692 - 5269;275 - 1343;4188;100;190467;;;
2770;Ц;Ц 74-142-2770;Ц 74;740;790 - 3688;138 - 431;3902;103;13664;1450;[431, 0, -2.154198879169588e-05];[0, 0.0002, -1e-08]
2771;ВЦ;ВЦ 108-178-2771;ВЦ 108;1080;1015 - 5276;631 - 1210;3791;90;110101;;;
2772;ВЦ;ВЦ 35-166-2772;ВЦ 35;350;670 - 6080;503 - 680;196;81;67239;;;
2773;УВО;УВО 119-150-2773;УВО 119;1190;1933 - 6638;163 - 342;4106;77;113907;2900;[292, 0.02, -5.940579139289605e-06];[0, 0.0002, -1e-08]
2774;ВО;ВО 120-166-2774;ВО 120;1200;972 - 10147;615 - 744;4372;74;108717;;;
2775;ВЦ;ВЦ 41-118-2775;ВЦ 41;410;1787 - 8871;744 - 1270;4676;65;128591;;;
2776;УВО;УВО 119-145-2776;УВО 119;1190;680 - 7165;928 - 1100;1898;96;43237;;;
2777;УВО;УВО 90-116-2777;УВО 90;900;1536 - 4860;1213 - 1386;198;76;160101;1000;[1336, 0.02, -9.322765838540872e-06];[0, 0.0002, -1e-08]
2778;ВКОП;ВКОП 26-113-2778;ВКОП 26;260;1990 - 9860;942 - 997;3336;89;143224;;;
2779;ВКОП;ВКОП 50-136-2779;ВКОП 50;500;1609 - 3693;293 - 507;3009;72;72838;2900;[457, 0.02, -1.7440655321661894e-05];[0, 0.0002, -1e-08]
2780;ВР;ВР 76-153-2780;ВР 76;760;519 - 2696;491 - 1061;1967;75;96904;1000;[1061, 0, -7.842148825823949e-05];[0, 0.0002, -1e-08]
2781;УВО;УВО 29-152-2781;УВО 29;290;512 - 10406;293 - 475;2420;110;109926;1000;[425, 0.02, -3.1409753439530536e-06];[0, 0.0002, -1e-08]
2782;ВО;ВО 97-119-2782;ВО 97;970;698 - 8833;824 - 903;364;91;21999;;;
2783;ВЦ;ВЦ 28-148-2783;ВЦ 28;280;1861 - 8426;675 - 954;4852;64;15898;2900;[954, 0, -3.929717163466487e-06];[0, 0.0002, -1e-08]
2784;ВР;ВР 100-125-2784;ВР 100;1000;1613 - 7741;395 - 995;1376;79;10000;1450;[995, 0, -1.0012836289242204e-05];[0, 0.0002, -1e-08]
2785;ВО;ВО 68-165-2785;ВО 68;680;1628 - 10246;148 - 356;4804;80;92951;;;
2786;Ц;Ц 114-193-2786;Ц 114;1140;1240 - 7228;289 - 453;2265;80;42440;;;
2787;УВО;УВО 118-176-2787;УВО 118;1180;1826 - 7576;319 - 1460;3483;86;71971;;;
2788;УВО;УВО 43-148-2788;УВО 43;430;799 - 6476;427 - 604;3651;100;83190;;;
2789;ВО;ВО 32-115-2789;ВО 32;320;803 - 4563;96 - 539;757;91;158872;;;
2790;ВЦ;ВЦ 64-181-2790;ВЦ 64;640;1054 - 8796;125 - 684;2350;77;102317;;;
2791;УВО;УВО 107-166-2791;УВО 107;1070;1752 - 5299;768 - 821;1131;70;189342;;;
2792;ВЦ;ВЦ 45-156-2792;ВЦ 45;450;1020 - 8216;125 - 417;4191;78;45924;;;
2793;ВКОП;ВКОП 79-172-2793;ВКОП 79;790;1769 - 5930;850 - 988;166;68;150476;2900;[938, 0.02, -5.875176667643019e-06];[0, 0.0002, -1e-08]
2794;ВО;ВО 115-112-2794;ВО 115;1150;529 - 5648;362 - 837;3726;107;15293;1000;[787, 0.02, -1.6864000593857588e-05];[0, 0.0002, -1e-08]
2795;ВР;ВР 29-118-2795;ВР 29;290;1332 - 9677;1289 - 1441;3782;68;18444;1450;[1441, 0, -1.6231628932917016e-06];[0, 0.0002, -1e-08]
2796;ВКОП;ВКОП 107-128-2796;ВКОП 107;1070;1415 - 7406;817 - 1280;2370;105;12163;1000;[1230, 0.02, -1.0230299144361058e-05];[0, 0.0002, -1e-08]
2797;УВО;УВО 22-115-2797;УВО 22;220;1161 - 10763;532 - 1030;3507;74;103099;;;
2798;УВО;УВО 68-185-2798;УВО 68;680;1795 - 3202;360 - 506;593;108;139810;1000;[456, 0.02, -1.5609388417061324e-05];[0, 0.0002, -1e-08]
2799;ВЦ;ВЦ 73-110-2799;ВЦ 73;730;808 - 6004;157 - 1097;3334;109;187979;;;
2800;ВО;ВО 52-199-2800;ВО 52;520;1797 - 8699;382 - 720;3933;105;138209;1000;[670, 0.02, -6.104983757595434e-06];[0, 0.0002, -1e-08]
2801;ВКОП;ВКОП 119-107-2801;ВКОП 119;1190;578 - 4799;208 - 1043;3564;80;68513;;;
2802;ВР;ВР 38-129-2802;ВР 38;380;1490 - 5828;162 - 1016;2555;110;10885;1450;[1016, 0, -2.5143097789809826e-05];[0, 0.0002, -1e-08]
2803;ВО;ВО 22-193-2803;ВО 22;220;1185 - 6991;850 - 1174;3180;70;106189;;;
2804;ВЦ;ВЦ 51-116-2804;ВЦ 51;510;644 - 6316;325 - 515;1583;104;160681;1450;[515, 0, -4.7628769140247576e-06];[0, 0.0002, -1e-08]
2805;ВР;ВР 104-185-2805;ВР 104;1040;754 - 7099;223 - 1017;1583;74;165025;2900;[1017, 0, -1.575528088143693e-05];[0, 0.0002, -1e-08]
2806;ВЦ;ВЦ 97-108-2806;ВЦ 97;970;1027 - 6689;153 - 940;2490;107;67753;;;
2807;Ц;Ц 52-139-2807;Ц 52;520;541 - 10330;1102 - 1483;1188;69;182417;2900;[1483, 0, -3.570461320470926e-06];[0, 0.0002, -1e-08]
2808;ВР;ВР 114-188-2808;ВР 114;1140;500 - 4994;613 - 1456;2069;71;122362;;;
2809;УВО;УВО 73-179-2809;УВО 73;730;864 - 5640;298 - 955;148;102;91885;;;
2810;Ц;Ц 41-115-2810;Ц 41;410;775 - 6983;299 - 675;205;99;195295;2900;[675, 0, -7.710876739194913e-06];[0, 0.0002, -1e-08]
2811;Ц;Ц 98-192-2811;Ц 98;980;1313 - 7558;517 - 662;4690;77;77963;1450;[662, 0, -2.538365912763821e-06];[0, 0.0002, -1e-08]
2812;ВКОП;ВКОП 66-144-2812;ВКОП 66;660;561 - 3391;72 - 425;1360;60;128316;;;
2813;ВКОП;ВКОП 47-128-2813;ВКОП 47;470;988 - 2456;1186 - 1264;4581;80;150581;1000;[1214, 0.02, -1.2785281541448716e-05];[0, 0.0002, -1e-08]
2814;ВО;ВО 24-102-2814;ВО 24;240;776 - 2195;590 - 871;136;91;133058;1000;[821, 0.02, -5.7056574011135265e-05];[0, 0.0002, -1e-08]
2815;ВКОП;ВКОП 55-103-2815;ВКОП 55;550;1804 - 9191;223 - 796;2258;85;150775;2900;[746, 0.02, -8.367260640524088e-06];[0, 0.0002, -1e-08]
2816;УВО;УВО 96-189-2816;УВО 96;960;1121 - 2855;478 - 1029;2670;60;10903;1450;[979, 0.02, -6.846991636021237e-05];[0, 0.0002, -1e-08]
2817;УВО;УВО 92-111-2817;УВО 92;920;1942 - 5042;504 - 760;1458;110;158098;2900;[710, 0.02, -1.2069972799684556e-05];[0, 0.0002, -1e-08]
2818;ВКОП;ВКОП 61-182-2818;ВКОП 61;610;1874 - 5652;127 - 1243;3423;83;181015;;;
2819;ВКОП;ВКОП 110-104-2819;ВКОП 110;1100;1914 - 10210;1071 - 1296;2817;70;36996;2900;[1246, 0.02, -3.637615941813494e-06];[0, 0.0002, -1e-08]
2820;УВО;УВО 109-106-2820;УВО 109;1090;1044 - 10957;227 - 1355;3233;71;140931;;;
2821;ВР;ВР 27-181-2821;ВР 27;270;1300 - 2435;283 - 1138;4604;94;74983;2900;[1138, 0, -0.00014420097061588994];[0, 0.0002, -1e-08]
2822;УВО;УВО 63-175-2822;УВО 63;630;1943 - 3587;253 - 472;2042;70;181352;;;
2823;ВО;ВО 106-188-2823;ВО 106;1060;1697 - 9795;833 - 1094;1771;88;16574;1000;[1044, 0.02, -4.241102895211978e-06];[0, 0.0002, -1e-08]
2824;ВКОП;ВКОП 44-148-2824;ВКОП 44;440;628 - 9316;391 - 542;1372;86;171896;2900;[492, 0.02, -3.3106014279232798e-06];[0, 0.0002, -1e-08]
2825;ВЦ;ВЦ 69-197-2825;ВЦ 69;690;1066 - 9509;205 - 1099;2334;84;138583;;;
2826;ВР;ВР 109-196-2826;ВР 109;1090;1655 - 6269;449 - 501;3241;80;22943;;;
2827;УВО;УВО 68-134-2827;УВО 68;680;1171 - 5996;196 - 566;1645;103;120529;2900;[516, 0.02, -1.223630964116171e-05];[0, 0.0002, -1e-08]
2828;ВО;ВО 53-194-2828;ВО 53;530;1537 - 7243;144 - 1453;2034;72;190179;;;
2829;Ц;Ц 88-112-2829;Ц 88;880;710 - 10616;466 - 1409;1779;89;75596;1000;[1409, 0, -8.367387327938833e-06];[0, 0.0002, -1e-08]
2830;ВО;ВО 33-102-2830;ВО 33;330;1465 - 5076;146 - 876;1049;107;186113;;;
2831;ВЦ;ВЦ 82-149-2831;ВЦ 82;820;1276 - 4480;152 - 476;3832;101;60794;;;
2832;ВЦ;ВЦ 48-170-2832;ВЦ 48;480;560 - 6468;255 - 464;1358;91;184308;1450;[464, 0, -4.995814033714909e-06];[0, 0.0002, -1e-08]
2833;ВКОП;ВКОП 40-131-2833;ВКОП 40;400;1079 - 3141;1075 - 1268;2287;92;196971;1450;[1218, 0.02, -2.0861796326146645e-05];[0, 0.0002, -1e-08]
2834;ВО;ВО 72-123-2834;ВО 72;720;947 - 9317;268 - 767;4101;91;135232;1000;[717, 0.02, -7.31903809633402e-06];[0, 0.0002, -1e-08]
2835;ВР;ВР 26-149-2835;ВР 26;260;933 - 6935;1310 - 1457;2980;76;106737;;;
2836;Ц;Ц 63-184-2836;Ц 63;630;1421 - 7612;1247 - 1465;3819;60;141887;;;
2837;Ц;Ц 68-118-2837;Ц 68;680;652 - 5270;506 - 604;4652;109;104063;2900;[604, 0, -3.5286196256062565e-06];[0, 0.0002, -1e-08]
2838;ВР;ВР 45-149-2838;ВР 45;450;738 - 9052;150 - 335;2050;85;81267;;;
2839;ВЦ;ВЦ 99-149-2839;ВЦ 99;990;792 - 9137;177 - 1484;4269;93;76954;2900;[1484, 0, -1.5655550295647343e-05];[0, 0.0002, -1e-08]
2840;УВО;УВО 120-133-2840;УВО 120;1200;651 - 7125;114 - 453;2620;100;55860;1450;[403, 0.02, -8.499846106494305e-06];[0, 0.0002, -1e-08]
2841;ВЦ;ВЦ 108-120-2841;ВЦ 108;1080;1286 - 2627;578 - 1084;452;68;187044;2900;[1084, 0, -7.332133626251589e-05];[0, 0.0002, -1e-08]
2842;ВКОП;ВКОП 29-142-2842;ВКОП 29;290;625 - 2027;610 - 759;3855;73;166058;2900;[709, 0.02, -3.396184075416022e-05];[0, 0.0002, -1e-08]
2843;ВЦ;ВЦ 22-173-2843;ВЦ 22;220;587 - 4453;316 - 1005;1299;95;166806;2900;[1005, 0, -3.47467213644276e-05];[0, 0.0002, -1e-08]
2844;ВКОП;ВКОП 34-173-2844;ВКОП 34;340;1583 - 9691;149 - 626;2873;90;149449;1450;[576, 0.02, -6.61041175948404e-06];[0, 0.0002, -1e-08]
2845;ВЦ;ВЦ 21-174-2845;ВЦ 21;210;1604 - 3073;64 - 1402;3847;80;41957;2900;[1402, 0, -0.00014168732234151748];[0, 0.0002, -1e-08]
2846;ВКОП;ВКОП 77-115-2846;ВКОП 77;770;1733 - 2995;674 - 1475;2197;62;17097;2900;[1425, 0.02, -9.040108583866822e-05];[0, 0.0002, -1e-08]
2847;ВЦ;ВЦ 107-177-2847;ВЦ 107;1070;1973 - 4971;187 - 397;4441;69;18454;1000;[397, 0, -8.49829433162554e-06];[0, 0.0002, -1e-08]
2848;Ц;Ц 32-105-2848;Ц 32;320;1106 - 7978;453 - 621;508;62;126695;1450;[621, 0, -2.63949727380781e-06];[0, 0.0002, -1e-08]
2849;ВКОП;ВКОП 93-127-2849;ВКОП 93;930;612 - 9156;500 - 645;3144;78;182742;;;
2850;ВЦ;ВЦ 25-181-2850;ВЦ 25;250;761 - 4833;415 - 1461;3289;84;149102;;;
2851;ВО;ВО 97-133-2851;ВО 97;970;1372 - 3052;172 - 623;1450;67;137205;;;
2852;ВЦ;ВЦ 59-137-2852;ВЦ 59;590;777 - 2747;292 - 379;3247;76;112441;2900;[379, 0, -1.1529273288701352e-05];[0, 0.0002, -1e-08]
2853;Ц;Ц 75-177-2853;Ц 75;750;532 - 4513;127 - 554;2457;88;83145;2900;[554, 0, -2.0965113020862153e-05];[0, 0.0002, -1e-08]
2854;ВКОП;ВКОП 20-144-2854;ВКОП 20;200;542 - 4058;115 - 431;4867;87;35056;1450;[381, 0.02, -2.108169832160144e-05];[0, 0.0002, -1e-08]
2855;Ц;Ц 93-119-2855;Ц 93;930;510 - 4926;505 - 863;1390;83;186190;1450;[863, 0, -1.4753471145589726e-05];[0, 0.0002, -1e-08]
2856;ВО;ВО 25-199-2856;ВО 25;250;1146 - 4264;338 - 1016;2713;96;41532;2900;[966, 0.02, -3.923066363005959e-05];[0, 0.0002, -1e-08]
2857;УВО;УВО 47-104-2857;УВО 47;470;676 - 8367;954 - 1311;1020;96;116722;;;
2858;Ц;Ц 44-167-2858;Ц 44;440;1699 - 9264;357 - 495;4765;97;49886;1450;[495, 0, -1.6079850018345011e-06];[0, 0.0002, -1e-08]
2859;Ц;Ц 88-200-2859;Ц 88;880;1907 - 8841;317 - 538;4299;60;146786;2900;[538, 0, -2.827414575905533e-06];[0, 0.0002, -1e-08]
2860;ВО;ВО 95-181-2860;ВО 95;950;1955 - 10953;260 - 373;1710;92;178933;2900;[323, 0.02, -2.3511228712266595e-06];[0, 0.0002, -1e-08]
2861;ВО;ВО 84-147-2861;ВО 84;840;1563 - 9246;513 - 1114;2091;88;70568;;;
2862;УВО;УВО 104-113-2862;УВО 104;1040;1747 - 6968;285 - 1234;3848;101;164758;2900;[1184, 0.02, -2.138610357204528e-05];[0, 0.0002, -1e-08]
2863;ВКОП;ВКОП 45-147-2863;ВКОП 45;450;1577 - 9492;175 - 640;3866;66;28729;;;
2864;ВР;ВР 90-122-2864;ВР 90;900;1221 - 10299;201 - 433;1237;104;48252;1450;[433, 0, -2.1872471967669546e-06];[0, 0.0002, -1e-08]
2865;ВР;ВР 35-150-2865;ВР 35;350;1787 - 6863;1151 - 1225;1837;85;38657;2900;[1225, 0, -1.571099614106088e-06];[0, 0.0002, -1e-08]
2866;ВО;ВО 70-105-2866;ВО 70;700;1437 - 2463;464 - 1172;2912;78;118767;1000;[1122, 0.02, -0.00011658703913329373];[0, 0.0002, -1e-08]
2867;ВЦ;ВЦ 76-135-2867;ВЦ 76;760;678 - 8680;213 - 738;3494;65;84301;1000;[738, 0, -6.968187899509439e-06];[0, 0.0002, -1e-08]
2868;ВЦ;ВЦ 25-183-2868;ВЦ 25;250;1466 - 11306;106 - 311;2153;83;79364;2900;[311, 0, -1.6037471544440428e-06];[0, 0.0002, -1e-08]
2869;Ц;Ц 42-165-2869;Ц 42;420;1604 - 3774;557 - 697;1758;79;177814;;;
2870;ВР;ВР 43-110-2870;ВР 43;430;982 - 10641;462 - 615;4985;100;52834;1450;[615, 0, -1.3512214923065026e-06];[0, 0.0002, -1e-08]
2871;ВР;ВР 82-155-2871;ВР 82;820;1309 - 2644;694 - 1255;2968;98;20940;1450;[1255, 0, -8.024906104307187e-05];[0, 0.0002, -1e-08]
2872;ВР;ВР 46-119-2872;ВР 46;460;562 - 3477;255 - 790;1191;68;158764;;;
2873;УВО;УВО 67-106-2873;УВО 67;670;1250 - 6826;287 - 933;3929;86;115176;;;
2874;ВКОП;ВКОП 30-178-2874;ВКОП 30;300;537 - 2907;312 - 1372;121;65;144465;1450;[1322, 0.02, -0.0001263973926736278];[0, 0.0002, -1e-08]
2875;Ц;Ц 101-171-2875;Ц 101;1010;737 - 7377;197 - 497;1694;99;165067;;;
2876;ВЦ;ВЦ 21-141-2876;ВЦ 21;210;734 - 5101;328 - 1152;3399;68;48129;;;
2877;ВКОП;ВКОП 44-185-2877;ВКОП 44;440;1468 - 6852;259 - 836;3436;72;42950;2900;[786, 0.02, -1.4143585895298103e-05];[0, 0.0002, -1e-08]
2878;ВО;ВО 92-179-2878;ВО 92;920;1689 - 7364;1082 - 1383;2375;101;192780;;;
2879;УВО;УВО 91-135-2879;УВО 91;910;515 - 8272;229 - 368;582;67;178303;2900;[318, 0.02, -3.718470457070811e-06];[0, 0.0002, -1e-08]
2880;ВО;ВО 113-200-2880;ВО 113;1130;897 - 2546;124 - 572;3163;100;116332;2900;[522, 0.02, -6.925516297455955e-05];[0, 0.0002, -1e-08]
2881;ВО;ВО 74-129-2881;ВО 74;740;1259 - 7318;460 - 1112;465;109;147314;;;
2882;ВКОП;ВКОП 118-200-2882;ВКОП 118;1180;697 - 6706;388 - 876;3050;85;31382;;;
2883;ВКОП;ВКОП 84-192-2883;ВКОП 84;840;1050 - 10910;641 - 811;2112;109;23155;1000;[761, 0.02, -2.8413458670683647e-06];[0, 0.0002, -1e-08]
2884;ВР;ВР 57-133-2884;ВР 57;570;907 - 6056;351 - 1270;1696;85;158812;1450;[1270, 0, -2.5057848456240216e-05];[0, 0.0002, -1e-08]
2885;Ц;Ц 43-164-2885;Ц 43;430;624 - 10114;363 - 812;484;90;118721;;;
2886;ВР;ВР 87-169-2886;ВР 87;870;1180 - 9512;694 - 1172;1835;106;170136;;;
2887;Ц;Ц 28-167-2887;Ц 28;280;1571 - 7234;531 - 841;413;72;104287;;;
2888;ВКОП;ВКОП 31-104-2888;ВКОП 31;310;1725 - 6836;510 - 602;1865;94;40692;2900;[552, 0.02, -3.824450530544075e-06];[0, 0.0002, -1e-08]
2889;УВО;УВО 90-120-2889;УВО 90;900;1771 - 8051;395 - 501;1028;64;38844;1450;[451, 0.02, -3.3481129899733567e-06];[0, 0.0002, -1e-08]
2890;ВЦ;ВЦ 79-111-2890;ВЦ 79;790;1289 - 8738;481 - 1270;1764;64;78950;;;
2891;ВКОП;ВКОП 38-121-2891;ВКОП 38;380;855 - 9174;563 - 1262;3249;94;165055;1450;[1212, 0.02, -9.891367481554325e-06];[0, 0.0002, -1e-08]
2892;ВКОП;ВКОП 47-160-2892;ВКОП 47;470;507 - 5627;523 - 1196;4033;73;22123;;;
2893;УВО;УВО 95-181-2893;УВО 95;950;1308 - 9675;140 - 641;2010;63;119517;;;
2894;ВР;ВР 43-190-2894;ВР 43;430;505 - 3257;129 - 655;4784;81;193463;;;
2895;УВО;УВО 61-157-2895;УВО 61;610;976 - 6047;144 - 308;1567;76;89760;1450;[258, 0.02, -6.425057626290984e-06];[0, 0.0002, -1e-08]
2896;УВО;УВО 33-174-2896;УВО 33;330;1686 - 3835;356 - 1317;976;72;70615;2900;[1267, 0.02, -6.715746852312384e-05];[0, 0.0002, -1e-08]
2897;ВЦ;ВЦ 91-155-2897;ВЦ 91;910;696 - 3484;305 - 1394;829;81;57444;;;
2898;Ц;Ц 79-127-2898;Ц 79;790;893 - 8555;296 - 367;4113;81;51642;;;
2899;ВР;ВР 75-199-2899;ВР 75;750;631 - 4680;583 - 743;2017;92;117957;1000;[743, 0, -7.305135510263715e-06];[0, 0.0002, -1e-08]
2900;Ц;Ц 66-191-2900;Ц 66;660;956 - 10425;588 - 790;1483;109;85003;;;
2901;ВКОП;ВКОП 84-110-2901;ВКОП 84;840;926 - 7500;352 - 535;1037;87;53454;;;
2902;Ц;Ц 53-105-2902;Ц 53;530;1532 - 5310;543 - 634;4921;61;15387;1000;[634, 0, -3.227396696706282e-06];[0, 0.0002, -1e-08]
2903;ВЦ;ВЦ 36-170-2903;ВЦ 36;360;1680 - 4234;811 - 966;2853;80;162215;1000;[966, 0, -8.646293841451293e-06];[0, 0.0002, -1e-08]
2904;Ц;Ц 91-132-2904;Ц 91;910;1267 - 10430;316 - 382;2841;104;26022;2900;[382, 0, -6.067018492456214e-07];[0, 0.0002, -1e-08]
2905;Ц;Ц 90-106-2905;Ц 90;900;1304 - 4820;349 - 1345;3577;70;186090;1450;[1345, 0, -4.287116268659286e-05];[0, 0.0002, -1e-08]
2906;ВКОП;ВКОП 113-101-2906;ВКОП 113;1130;793 - 3861;108 - 626;4118;82;163521;;;
2907;ВО;ВО 71-200-2907;ВО 71;710;1650 - 9691;816 - 1199;3021;62;84841;;;
2908;УВО;УВО 102-140-2908;УВО 102;1020;993 - 10489;467 - 1179;1417;101;190475;;;
2909;ВО;ВО 69-166-2909;ВО 69;690;1562 - 6253;325 - 494;3329;84;14556;;;
2910;ВО;ВО 61-113-2910;ВО 61;610;1677 - 8172;887 - 1122;716;89;138179;;;
2911;Ц;Ц 26-157-2911;Ц 26;260;876 - 8854;113 - 347;1702;109;126708;;;
2912;ВО;ВО 35-145-2912;ВО 35;350;1269 - 7006;630 - 1394;4704;109;119708;1450;[1344, 0.02, -1.7401177034423167e-05];[0, 0.0002, -1e-08]
2913;ВО;ВО 108-129-2913;ВО 108;1080;558 - 2172;402 - 1454;3120;66;127061;;;
2914;ВО;ВО 89-109-2914;ВО 89;890;1981 - 4508;287 - 489;970;65;60759;;;
2915;УВО;УВО 45-115-2915;УВО 45;450;608 - 9544;597 - 1237;4619;81;129674;2900;[1187, 0.02, -8.5728147358614e-06];[0, 0.0002, -1e-08]
2916;Ц;Ц 77-102-2916;Ц 77;770;1293 - 6370;616 - 732;943;95;41175;1450;[732, 0, -2.8587693983522643e-06];[0, 0.0002, -1e-08]
2917;ВР;ВР 85-148-2917;ВР 85;850;1625 - 6462;225 - 517;3716;64;163395;;;
2918;Ц;Ц 77-179-2918;Ц 77;770;506 - 9809;414 - 1006;4586;82;84863;2900;[1006, 0, -6.152792056487703e-06];[0, 0.0002, -1e-08]
2919;ВР;ВР 73-152-2919;ВР 73;730;1842 - 5307;313 - 633;2447;85;26985;;;
2920;ВЦ;ВЦ 64-151-2920;ВЦ 64;640;2000 - 11524;768 - 835;2062;65;151317;2900;[835, 0, -5.0450828604409e-07];[0, 0.0002, -1e-08]
2921;ВР;ВР 64-144-2921;ВР 64;640;819 - 9469;133 - 436;888;88;42457;1450;[436, 0, -3.379359503413047e-06];[0, 0.0002, -1e-08]
2922;ВО;ВО 59-142-2922;ВО 59;590;1360 - 5862;321 - 1094;1779;98;166050;;;
2923;ВЦ;ВЦ 89-115-2923;ВЦ 89;890;1903 - 4903;362 - 512;346;103;197815;;;
2924;Ц;Ц 118-176-2924;Ц 118;1180;1274 - 11251;1149 - 1207;2912;75;76986;1450;[1207, 0, -4.5819014529217406e-07];[0, 0.0002, -1e-08]
2925;Ц;Ц 95-200-2925;Ц 95;950;614 - 4824;1293 - 1491;4823;79;27445;1000;[1491, 0, -8.50845276107027e-06];[0, 0.0002, -1e-08]
2926;ВР;ВР 81-190-2926;ВР 81;810;1007 - 10689;72 - 479;4132;69;59263;;;
2927;ВО;ВО 107-116-2927;ВО 107;1070;873 - 7909;629 - 1071;1845;104;20769;1000;[1021, 0.02, -8.795522580543467e-06];[0, 0.0002, -1e-08]
2928;Ц;Ц 70-144-2928;Ц 70;700;1562 - 9457;494 - 756;1508;71;40882;;;
2929;ВКОП;ВКОП 101-104-2929;ВКОП 101;1010;1942 - 4929;231 - 751;1469;63;109417;2900;[701, 0.02, -2.340312988152603e-05];[0, 0.0002, -1e-08]
2930;ВКОП;ВКОП 63-184-2930;ВКОП 63;630;1931 - 10625;1069 - 1448;3205;70;67421;1000;[1398, 0.02, -4.796678200692042e-06];[0, 0.0002, -1e-08]
2931;УВО;УВО 48-150-2931;УВО 48;480;1825 - 8301;600 - 1308;579;107;187224;;;
2932;УВО;УВО 34-180-2932;УВО 34;340;1095 - 3509;182 - 407;2250;84;86009;1000;[357, 0.02, -1.9912156835482527e-05];[0, 0.0002, -1e-08]
2933;УВО;УВО 68-155-2933;УВО 68;680;1701 - 6438;527 - 776;497;97;38866;1000;[726, 0.02, -7.907769581452778e-06];[0, 0.0002, -1e-08]
2934;Ц;Ц 35-165-2934;Ц 35;350;1673 - 3107;125 - 988;4413;105;30029;1000;[988, 0, -8.939810009873155e-05];[0, 0.0002, -1e-08]
2935;Ц;Ц 84-121-2935;Ц 84;840;1303 - 3447;802 - 1371;4057;93;30660;;;
2936;Ц;Ц 23-196-2936;Ц 23;230;1269 - 7273;1167 - 1217;4135;105;186503;;;
2937;УВО;УВО 70-167-2937;УВО 70;700;859 - 5294;331 - 1122;1412;95;198222;1000;[1072, 0.02, -3.021718494638419e-05];[0, 0.0002, -1e-08]
2938;ВР;ВР 92-134-2938;ВР 92;920;1323 - 10445;464 - 1398;2800;70;197889;1000;[1398, 0, -8.561108232710903e-06];[0, 0.0002, -1e-08]
2939;ВО;ВО 89-102-2939;ВО 89;890;963 - 2055;448 - 605;421;99;27003;2900;[555, 0.02, -3.5069647941937354e-05];[0, 0.0002, -1e-08]
2940;Ц;Ц 26-170-2940;Ц 26;260;1945 - 9925;877 - 1431;3136;67;181381;2900;[1431, 0, -5.624044312190294e-06];[0, 0.0002, -1e-08]
2941;ВР;ВР 72-126-2941;ВР 72;720;1944 - 6085;924 - 1139;2014;110;125830;;;
2942;ВЦ;ВЦ 37-116-2942;ВЦ 37;370;1923 - 10157;492 - 1276;784;73;164161;2900;[1276, 0, -7.599502422578881e-06];[0, 0.0002, -1e-08]
2943;Ц;Ц 61-134-2943;Ц 61;610;1806 - 5743;213 - 495;867;107;38342;;;
2944;ВКОП;ВКОП 103-143-2944;ВКОП 103;1030;618 - 4926;562 - 684;3398;93;62724;;;
2945;ВО;ВО 39-192-2945;ВО 39;390;1624 - 9448;365 - 1423;1324;103;51352;;;
2946;ВЦ;ВЦ 24-194-2946;ВЦ 24;240;1763 - 5185;93 - 428;2255;110;26405;;;
2947;ВЦ;ВЦ 41-159-2947;ВЦ 41;410;1455 - 6771;376 - 1367;1449;89;140678;;;
2948;ВО;ВО 116-143-2948;ВО 116;1160;1170 - 8618;746 - 809;2877;105;20001;;;
2949;ВЦ;ВЦ 70-102-2949;ВЦ 70;700;1931 - 5258;302 - 1196;4358;97;44461;2900;[1196, 0, -3.233674897177096e-05];[0, 0.0002, -1e-08]
2950;ВР;ВР 113-148-2950;ВР 113;1130;924 - 8111;60 - 668;3343;88;194829;;;
2951;Ц;Ц 55-119-2951;Ц 55;550;1061 - 2345;246 - 1370;1970;79;188380;;;
2952;Ц;Ц 106-115-2952;Ц 106;1060;1122 - 9693;123 - 1238;4992;104;82261;;;
2953;УВО;УВО 104-139-2953;УВО 104;1040;518 - 7562;824 - 1350;3536;63;114665;1000;[1300, 0.02, -1.0968832385594785e-05];[0, 0.0002, -1e-08]
2954;ВКОП;ВКОП 78-137-2954;ВКОП 78;780;767 - 9726;1386 - 1465;2493;65;122575;;;
2955;ВЦ;ВЦ 51-164-2955;ВЦ 51;510;1478 - 4623;157 - 864;3255;70;57612;;;
2956;ВР;ВР 107-147-2956;ВР 107;1070;1656 - 9210;227 - 1343;1412;76;85455;;;
2957;Ц;Ц 35-147-2957;Ц 35;350;1761 - 3648;675 - 1275;2758;77;17113;2900;[1275, 0, -4.508598799630656e-05];[0, 0.0002, -1e-08]
2958;УВО;УВО 102-105-2958;УВО 102;1020;1509 - 6450;501 - 778;4659;79;165394;;;
2959;ВР;ВР 46-145-2959;ВР 46;460;1875 - 9028;733 - 1119;2033;82;193230;;;
2960;ВО;ВО 53-155-2960;ВО 53;530;1107 - 3474;367 - 545;2365;109;57615;2900;[495, 0.02, -1.6363021096928945e-05];[0, 0.0002, -1e-08]
2961;ВЦ;ВЦ 71-197-2961;ВЦ 71;710;947 - 8096;636 - 1217;4129;83;155181;;;
2962;ВКОП;ВКОП 107-142-2962;ВКОП 107;1070;681 - 9257;135 - 617;526;83;77475;;;
2963;УВО;УВО 120-151-2963;УВО 120;1200;1433 - 7857;434 - 822;263;106;128410;2900;[772, 0.02, -8.020741247443464e-06];[0, 0.0002, -1e-08]
2964;ВКОП;ВКОП 85-100-2964;ВКОП 85;850;922 - 2029;584 - 1072;2991;62;42938;1450;[1022, 0.02, -0.00011624932806489248];[0, 0.0002, -1e-08]
2965;ВЦ;ВЦ 74-135-2965;ВЦ 74;740;1793 - 3530;606 - 843;722;69;127505;;;
2966;ВО;ВО 24-107-2966;ВО 24;240;901 - 7725;935 - 1156;2173;104;77476;;;
2967;ВКОП;ВКОП 85-126-2967;ВКОП 85;850;1913 - 10529;488 - 1132;4880;64;51240;;;
2968;ВР;ВР 110-151-2968;ВР 110;1100;1745 - 11436;697 - 1020;1519;65;19982;;;
2969;ВЦ;ВЦ 96-106-2969;ВЦ 96;960;838 - 3587;743 - 1137;3195;89;86806;1000;[1137, 0, -3.062199409959252e-05];[0, 0.0002, -1e-08]
2970;ВО;ВО 63-174-2970;ВО 63;630;1534 - 4135;231 - 1068;1002;104;52844;1000;[1018, 0.02, -5.086492896192441e-05];[0, 0.0002, -1e-08]
2971;ВЦ;ВЦ 23-116-2971;ВЦ 23;230;726 - 1937;88 - 960;4937;108;13406;1450;[960, 0, -0.00023241130190574603];[0, 0.0002, -1e-08]
2972;ВР;ВР 113-147-2972;ВР 113;1130;1978 - 3005;514 - 1393;4526;86;23062;1000;[1393, 0, -9.734192319511851e-05];[0, 0.0002, -1e-08]
2973;Ц;Ц 71-114-2973;Ц 71;710;662 - 8645;538 - 659;4680;96;37911;;;
2974;ВЦ;ВЦ 115-147-2974;ВЦ 115;1150;1892 - 8380;251 - 330;2537;107;64555;;;
2975;ВО;ВО 72-200-2975;ВО 72;720;1204 - 10072;351 - 1078;3969;106;139188;;;
2976;ВР;ВР 114-190-2976;ВР 114;1140;1172 - 8025;288 - 1086;3192;84;134652;2900;[1086, 0, -1.2391184091769297e-05];[0, 0.0002, -1e-08]
2977;ВЦ;ВЦ 58-126-2977;ВЦ 58;580;1932 - 3082;304 - 1112;2389;67;191657;;;
2978;ВЦ;ВЦ 116-197-2978;ВЦ 116;1160;1326 - 3048;496 - 1471;4108;98;32824;;;
2979;Ц;Ц 96-162-2979;Ц 96;960;1980 - 6587;332 - 666;2357;91;160160;;;
2980;ВКОП;ВКОП 65-196-2980;ВКОП 65;650;815 - 7097;624 - 821;4702;105;140347;;;
2981;УВО;УВО 102-187-2981;УВО 102;1020;1131 - 4487;402 - 636;135;69;78331;;;
2982;ВКОП;ВКОП 92-138-2982;ВКОП 92;920;1035 - 8353;316 - 1488;602;71;51572;;;
2983;Ц;Ц 115-116-2983;Ц 115;1150;1049 - 10411;326 - 1296;2436;63;74067;;;
2984;ВР;ВР 53-122-2984;ВР 53;530;1369 - 9214;470 - 617;4680;72;112787;;;
2985;ВР;ВР 103-130-2985;ВР 103;1030;1297 - 2525;1214 - 1430;4798;90;82824;;;
2986;ВКОП;ВКОП 73-149-2986;ВКОП 73;730;670 - 7168;278 - 532;660;84;181955;;;
2987;ВР;ВР 25-123-2987;ВР 25;250;1892 - 5282;120 - 608;2485;66;63562;;;
2988;ВР;ВР 58-124-2988;ВР 58;580;768 - 8245;1284 - 1342;4165;106;137359;;;
2989;ВЦ;ВЦ 41-156-2989;ВЦ 41;410;1467 - 6571;144 - 1430;790;110;91314;;;
2990;УВО;УВО 75-126-2990;УВО 75;750;1038 - 10309;338 - 1030;2495;96;171313;;;
2991;УВО;УВО 85-177-2991;УВО 85;850;1170 - 6170;687 - 1063;1408;94;52702;1000;[1013, 0.02, -1.180491162077181e-05];[0, 0.0002, -1e-08]
2992;Ц;Ц 114-178-2992;Ц 114;1140;781 - 9973;450 - 979;2604;100;110711;;;
2993;ВЦ;ВЦ 72-134-2993;ВЦ 72;720;1409 - 5850;232 - 536;298;78;106054;;;
2994;УВО;УВО 32-177-2994;УВО 32;320;1362 - 3778;213 - 536;557;79;113769;;;
2995;ВО;ВО 93-121-2995;ВО 93;930;1732 - 5873;58 - 1031;3641;70;14098;;;
2996;ВО;ВО 114-195-2996;ВО 114;1140;1428 - 6200;323 - 435;914;85;31751;1450;[385, 0.02, -4.838709677419355e-06];[0, 0.0002, -1e-08]
2997;ВО;ВО 72-195-2997;ВО 72;720;1894 - 4132;78 - 1204;3880;70;193601;;;
2998;ВО;ВО 108-199-2998;ВО 108;1080;1326 - 6040;1227 - 1404;3615;90;78425;;;
2999;ВО;ВО 119-160-2999;ВО 119;1190;1512 - 3670;1293 - 1487;3587;69;162867;2900;[1437, 0.02, -1.6140887526078595e-05];[0, 0.0002, -1e-08]
3000;ВР;ВР 98-161-3000;ВР 98;980;1357 - 10590;309 - 514;4129;98;107319;;;
3001;ВЦ;ВЦ 51-158-3001;ВЦ 51;510;1454 - 3099;1004 - 1325;2029;96;194460;1450;[1325, 0, -3.342426607964909e-05];[0, 0.0002, -1e-08]
3002;ВР;ВР 55-105-3002;ВР 55;550;1487 - 5288;247 - 361;1075;71;16782;1000;[361, 0, -4.076823956733597e-06];[0, 0.0002, -1e-08]
3003;ВКОП;ВКОП 58-102-3003;ВКОП 58;580;974 - 6153;1020 - 1133;4010;71;194949;1000;[1083, 0.02, -4.914498269109272e-06];[0, 0.0002, -1e-08]
3004;ВО;ВО 39-156-3004;ВО 39;390;1675 - 5561;128 - 735;3515;107;123022;;;
3005;Ц;Ц 22-166-3005;Ц 22;220;980 - 7093;50 - 480;1071;85;102294;;;
3006;ВКОП;ВКОП 58-177-3006;ВКОП 58;580;1864 - 5831;1221 - 1489;716;74;121327;1450;[1439, 0.02, -9.841602319444083e-06];[0, 0.0002, -1e-08]
3007;ВЦ;ВЦ 68-141-3007;ВЦ 68;680;1820 - 6263;258 - 1326;4393;102;169611;2900;[1326, 0, -2.7227416152113965e-05];[0, 0.0002, -1e-08]
3008;УВО;УВО 28-100-3008;УВО 28;280;849 - 2467;538 - 990;3221;88;34644;;;
3009;УВО;УВО 110-116-3009;УВО 110;1100;1624 - 8197;268 - 438;2683;106;77163;;;
3010;УВО;УВО 41-151-3010;УВО 41;410;935 - 5686;326 - 684;3599;70;14319;2900;[634, 0.02, -1.3043990899518216e-05];[0, 0.0002, -1e-08]
3011;ВЦ;ВЦ 43-192-3011;ВЦ 43;430;1868 - 10961;264 - 1113;1652;71;137747;1000;[1113, 0, -7.0665483492863505e-06];[0, 0.0002, -1e-08]
3012;ВР;ВР 78-139-3012;ВР 78;780;1342 - 5358;776 - 1074;4716;64;78164;1000;[1074, 0, -1.0380322475516024e-05];[0, 0.0002, -1e-08]
3013;ВЦ;ВЦ 47-109-3013;ВЦ 47;470;1911 - 6566;255 - 765;4847;101;21063;2900;[765, 0, -1.1829555313562544e-05];[0, 0.0002, -1e-08]
3014;УВО;УВО 67-188-3014;УВО 67;670;871 - 8619;549 - 668;2968;68;140184;;;
3015;УВО;УВО 32-162-3015;УВО 32;320;1260 - 2390;521 - 1298;3499;62;168266;;;
3016;Ц;Ц 35-190-3016;Ц 35;350;1742 - 9850;233 - 1405;2349;62;49780;1000;[1405, 0, -1.2079672240975031e-05];[0, 0.0002, -1e-08]
3017;ВО;ВО 43-193-3017;ВО 43;430;1421 - 2634;168 - 416;3716;104;67405;;;
3018;Ц;Ц 35-190-3018;Ц 35;350;1199 - 6151;904 - 1075;3332;102;161549;;;
3019;ВО;ВО 87-187-3019;ВО 87;870;1371 - 8973;126 - 328;2411;103;68894;;;
3020;ВР;ВР 34-165-3020;ВР 34;340;1373 - 7806;488 - 837;2567;83;131513;1450;[837, 0, -5.7275426662541524e-06];[0, 0.0002, -1e-08]
3021;Ц;Ц 45-194-3021;Ц 45;450;1237 - 5558;404 - 1168;4651;83;20737;1450;[1168, 0, -2.4731831200461075e-05];[0, 0.0002, -1e-08]
3022;УВО;УВО 53-158-3022;УВО 53;530;1206 - 3751;209 - 753;3505;95;88601;;;
3023;Ц;Ц 79-100-3023;Ц 79;790;557 - 4141;257 - 1054;2735;86;110310;;;
3024;ВО;ВО 41-103-3024;ВО 41;410;1638 - 10057;66 - 611;566;74;86341;;;
3025;ВО;ВО 112-120-3025;ВО 112;1120;655 - 3496;1000 - 1182;2015;106;113292;1000;[1132, 0.02, -1.6521006027156242e-05];[0, 0.0002, -1e-08]
3026;ВР;ВР 20-183-3026;ВР 20;200;1941 - 8319;100 - 927;1699;94;46045;;;
3027;УВО;УВО 119-114-3027;УВО 119;1190;514 - 8113;182 - 975;4232;110;95540;1450;[925, 0.02, -1.3753409657064322e-05];[0, 0.0002, -1e-08]
3028;ВО;ВО 51-128-3028;ВО 51;510;1758 - 3301;803 - 1302;2566;107;137546;1450;[1252, 0.02, -4.726427993463283e-05];[0, 0.0002, -1e-08]
3029;ВЦ;ВЦ 70-189-3029;ВЦ 70;700;935 - 6411;279 - 1042;2894;108;42036;;;
3030;ВР;ВР 40-146-3030;ВР 40;400;943 - 8911;136 - 342;435;76;15846;2900;[342, 0, -2.594264979308029e-06];[0, 0.0002, -1e-08]
3031;УВО;УВО 91-193-3031;УВО 91;910;1441 - 3859;500 - 1217;2301;91;155539;1450;[1167, 0.02, -4.9972196259156254e-05];[0, 0.0002, -1e-08]
3032;ВР;ВР 101-135-3032;ВР 101;1010;725 - 1843;90 - 615;3794;92;109359;1450;[615, 0, -0.00015456410126568862];[0, 0.0002, -1e-08]
3033;ВР;ВР 94-142-3033;ВР 94;940;801 - 4724;213 - 671;4093;89;58711;1450;[671, 0, -2.0523229427837456e-05];[0, 0.0002, -1e-08]
3034;ВР;ВР 35-157-3034;ВР 35;350;1658 - 9874;102 - 357;2904;93;95232;;;
3035;ВО;ВО 48-130-3035;ВО 48;480;1812 - 10025;1238 - 1294;698;107;83443;;;
3036;УВО;УВО 117-154-3036;УВО 117;1170;501 - 6134;689 - 747;3766;108;179180;;;
3037;Ц;Ц 53-181-3037;Ц 53;530;846 - 6650;136 - 382;148;84;23880;2900;[382, 0, -5.562779128271807e-06];[0, 0.0002, -1e-08]
3038;ВЦ;ВЦ 79-161-3038;ВЦ 79;790;1728 - 6916;88 - 347;1022;84;143720;2900;[347, 0, -5.414891948026403e-06];[0, 0.0002, -1e-08]
3039;Ц;Ц 21-110-3039;Ц 21;210;1653 - 6932;556 - 802;418;67;42406;1450;[802, 0, -5.11938744489791e-06];[0, 0.0002, -1e-08]
3040;Ц;Ц 44-156-3040;Ц 44;440;1755 - 6628;447 - 562;1988;87;138816;;;
3041;ВЦ;ВЦ 22-135-3041;ВЦ 22;220;777 - 9942;727 - 1100;4530;87;184321;1000;[1100, 0, -3.7736473639241982e-06];[0, 0.0002, -1e-08]
3042;УВО;УВО 61-128-3042;УВО 61;610;1722 - 4119;407 - 757;722;75;196356;1450;[707, 0.02, -2.2537803336889236e-05];[0, 0.0002, -1e-08]
3043;Ц;Ц 57-186-3043;Ц 57;570;788 - 2034;688 - 876;4551;60;136333;;;
3044;ВО;ВО 36-193-3044;ВО 36;360;1928 - 8738;190 - 372;3661;61;79003;;;
3045;Ц;Ц 40-141-3045;Ц 40;400;1048 - 5701;349 - 754;3686;100;161888;;;
3046;Ц;Ц 79-173-3046;Ц 79;790;793 - 2106;1062 - 1121;2821;96;72798;;;
3047;ВЦ;ВЦ 111-116-3047;ВЦ 111;1110;1455 - 9236;531 - 686;1184;87;79948;;;
3048;Ц;Ц 46-134-3048;Ц 46;460;981 - 9267;95 - 649;745;95;39898;;;
3049;ВЦ;ВЦ 98-101-3049;ВЦ 98;980;864 - 7537;83 - 631;4325;96;93366;;;
3050;ВЦ;ВЦ 89-120-3050;ВЦ 89;890;810 - 3206;176 - 302;2993;69;167532;1000;[302, 0, -1.2258674374194672e-05];[0, 0.0002, -1e-08]
3051;УВО;УВО 103-173-3051;УВО 103;1030;530 - 10082;439 - 1098;4453;87;185093;;;
3052;УВО;УВО 44-117-3052;УВО 44;440;1786 - 3779;87 - 417;4234;104;65674;1450;[367, 0.02, -2.48990938278775e-05];[0, 0.0002, -1e-08]
3053;ВО;ВО 109-166-3053;ВО 109;1090;1394 - 8012;580 - 1105;2562;106;186214;;;
3054;ВКОП;ВКОП 36-193-3054;ВКОП 36;360;1493 - 6514;1294 - 1489;1808;97;70448;;;
3055;УВО;УВО 99-198-3055;УВО 99;990;1857 - 10499;495 - 1097;856;95;146771;;;
3056;Ц;Ц 89-165-3056;Ц 89;890;1482 - 4790;246 - 1304;2286;87;161197;1000;[1304, 0, -4.6112072384621756e-05];[0, 0.0002, -1e-08]
3057;ВР;ВР 71-164-3057;ВР 71;710;1726 - 11465;554 - 1452;2464;71;192530;1000;[1452, 0, -6.831691058453752e-06];[0, 0.0002, -1e-08]
3058;ВКОП;ВКОП 60-162-3058;ВКОП 60;600;645 - 3965;199 - 705;4143;68;160395;;;
3059;ВР;ВР 55-123-3059;ВР 55;550;1726 - 10151;148 - 370;4002;77;11381;;;
3060;ВО;ВО 70-174-3060;ВО 70;700;1257 - 10658;712 - 900;4869;69;38330;1450;[850, 0.02, -3.0913886532620097e-06];[0, 0.0002, -1e-08]
3061;УВО;УВО 105-110-3061;УВО 105;1050;1307 - 3596;179 - 1187;285;101;121726;1450;[1137, 0.02, -7.964602864881385e-05];[0, 0.0002, -1e-08]
3062;ВР;ВР 89-112-3062;ВР 89;890;1126 - 6105;183 - 980;2095;72;153391;;;
3063;ВКОП;ВКОП 116-145-3063;ВКОП 116;1160;1877 - 11353;186 - 586;2718;87;11044;;;
3064;ВКОП;ВКОП 86-100-3064;ВКОП 86;860;1517 - 3815;996 - 1254;2487;68;15362;1000;[1204, 0.02, -1.9533846700872084e-05];[0, 0.0002, -1e-08]
3065;ВЦ;ВЦ 62-159-3065;ВЦ 62;620;1289 - 3543;53 - 523;530;71;155047;1450;[523, 0, -3.7441699489892694e-05];[0, 0.0002, -1e-08]
3066;ВР;ВР 62-115-3066;ВР 62;620;1657 - 3830;629 - 920;1528;102;117853;2900;[920, 0, -1.9837888321551036e-05];[0, 0.0002, -1e-08]
3067;ВЦ;ВЦ 104-187-3067;ВЦ 104;1040;800 - 10721;241 - 367;4133;74;64129;1450;[367, 0, -1.0962256333728528e-06];[0, 0.0002, -1e-08]
3068;ВО;ВО 54-144-3068;ВО 54;540;1728 - 6113;926 - 1167;2889;86;97643;;;
3069;Ц;Ц 75-110-3069;Ц 75;750;731 - 9827;1052 - 1464;3286;72;132915;2900;[1464, 0, -4.266338437506773e-06];[0, 0.0002, -1e-08]
3070;ВР;ВР 93-170-3070;ВР 93;930;1820 - 3253;394 - 530;2703;81;136275;;;
3071;ВО;ВО 112-109-3071;ВО 112;1120;1810 - 7815;93 - 306;3316;60;94823;;;
3072;ВЦ;ВЦ 23-160-3072;ВЦ 23;230;1580 - 5249;87 - 815;3010;61;142384;;;
3073;УВО;УВО 112-183-3073;УВО 112;1120;935 - 5793;662 - 778;1177;80;21368;;;
3074;Ц;Ц 57-114-3074;Ц 57;570;809 - 7156;82 - 481;507;87;190017;;;
3075;Ц;Ц 101-155-3075;Ц 101;1010;1135 - 8598;341 - 481;2423;93;27538;;;
3076;ВЦ;ВЦ 83-147-3076;ВЦ 83;830;1216 - 6375;129 - 1455;4262;93;110370;;;
3077;УВО;УВО 26-142-3077;УВО 26;260;1487 - 9010;690 - 1176;3591;81;36155;;;
3078;ВЦ;ВЦ 86-169-3078;ВЦ 86;860;645 - 9777;264 - 1418;2451;96;15929;2900;[1418, 0, -1.207242673530333e-05];[0, 0.0002, -1e-08]
3079;Ц;Ц 86-166-3079;Ц 86;860;1340 - 3352;389 - 461;3625;83;92006;1000;[461, 0, -6.408029118084312e-06];[0, 0.0002, -1e-08]
3080;ВЦ;ВЦ 33-188-3080;ВЦ 33;330;1124 - 2877;85 - 1154;3767;69;168813;2900;[1154, 0, -0.00012915106192014163];[0, 0.0002, -1e-08]
3081;ВЦ;ВЦ 33-194-3081;ВЦ 33;330;769 - 3691;428 - 610;2888;74;175379;1450;[610, 0, -1.3359287541855125e-05];[0, 0.0002, -1e-08]
3082;Ц;Ц 120-105-3082;Ц 120;1200;789 - 10029;624 - 1054;4850;97;100963;;;
3083;ВО;ВО 46-197-3083;ВО 46;460;1632 - 6278;91 - 1039;2302;78;30708;;;
3084;ВР;ВР 60-157-3084;ВР 60;600;1590 - 5757;113 - 383;689;107;102007;;;
3085;ВО;ВО 44-158-3085;ВО 44;440;1805 - 9297;161 - 1139;2673;65;180594;1450;[1089, 0.02, -1.2887721341905264e-05];[0, 0.0002, -1e-08]
3086;ВР;ВР 105-184-3086;ВР 105;1050;685 - 5689;243 - 965;3464;76;34803;2900;[965, 0, -2.2308241124649273e-05];[0, 0.0002, -1e-08]
3087;УВО;УВО 82-100-3087;УВО 82;820;1529 - 4894;984 - 1150;419;76;112536;1000;[1100, 0.02, -8.929810553409436e-06];[0, 0.0002, -1e-08]
3088;ВО;ВО 110-134-3088;ВО 110;1100;652 - 10552;332 - 625;1393;86;99776;;;
3089;ВР;ВР 61-103-3089;ВР 61;610;550 - 7795;521 - 1153;2971;88;92227;;;
3090;ВО;ВО 116-185-3090;ВО 116;1160;697 - 5338;304 - 519;3536;89;171345;1450;[469, 0.02, -9.537364809538376e-06];[0, 0.0002, -1e-08]
3091;ВР;ВР 41-132-3091;ВР 41;410;1866 - 3793;247 - 768;491;92;194085;1000;[768, 0, -3.621362815443465e-05];[0, 0.0002, -1e-08]
3092;ВЦ;ВЦ 81-150-3092;ВЦ 81;810;1416 - 5560;87 - 378;1334;97;45525;2900;[378, 0, -9.413332643237927e-06];[0, 0.0002, -1e-08]
3093;ВО;ВО 82-180-3093;ВО 82;820;1034 - 8261;368 - 700;528;62;112550;;;
3094;Ц;Ц 113-180-3094;Ц 113;1130;528 - 6987;883 - 1008;1055;84;103360;2900;[1008, 0, -2.560522087585874e-06];[0, 0.0002, -1e-08]
3095;ВО;ВО 100-158-3095;ВО 100;1000;1539 - 3752;253 - 517;3493;105;42256;2900;[467, 0.02, -2.053204886320757e-05];[0, 0.0002, -1e-08]
3096;ВЦ;ВЦ 43-171-3096;ВЦ 43;430;969 - 2822;996 - 1301;4523;78;55066;;;
3097;ВКОП;ВКОП 45-195-3097;ВКОП 45;450;1460 - 11288;246 - 748;958;101;137202;1000;[698, 0.02, -5.31914626446755e-06];[0, 0.0002, -1e-08]
3098;УВО;УВО 74-109-3098;УВО 74;740;1035 - 3661;70 - 342;3039;85;32205;1450;[292, 0.02, -2.202654182621833e-05];[0, 0.0002, -1e-08]
3099;Ц;Ц 61-182-3099;Ц 61;610;1875 - 6703;847 - 1206;4071;79;187926;;;
3100;ВКОП;ВКОП 39-159-3100;ВКОП 39;390;1359 - 3987;568 - 1229;3647;103;32629;1000;[1179, 0.02, -4.3453237066113226e-05];[0, 0.0002, -1e-08]
3101;ВО;ВО 120-118-3101;ВО 120;1200;1301 - 10264;180 - 987;2029;95;12744;2900;[937, 0.02, -9.134150705095533e-06];[0, 0.0002, -1e-08]
3102;Ц;Ц 67-189-3102;Ц 67;670;1832 - 7473;204 - 400;893;92;29223;1000;[400, 0, -3.5096685728643636e-06];[0, 0.0002, -1e-08]
3103;ВЦ;ВЦ 21-188-3103;ВЦ 21;210;1430 - 9518;589 - 957;3338;76;174685;1000;[957, 0, -4.0621543167388005e-06];[0, 0.0002, -1e-08]
3104;УВО;УВО 50-174-3104;УВО 50;500;1971 - 7448;115 - 915;2183;91;77504;1450;[865, 0.02, -1.6205447637814807e-05];[0, 0.0002, -1e-08]
3105;ВЦ;ВЦ 78-154-3105;ВЦ 78;780;909 - 5775;802 - 1458;2821;103;130592;;;
3106;ВО;ВО 117-103-3106;ВО 117;1170;840 - 2300;100 - 1262;1169;90;68517;2900;[1212, 0.02, -0.00021890359168241967];[0, 0.0002, -1e-08]
3107;Ц;Ц 53-178-3107;Ц 53;530;700 - 2788;1202 - 1256;4245;97;102273;;;
3108;Ц;Ц 93-127-3108;Ц 93;930;1920 - 4754;428 - 1249;3656;75;43671;;;
3109;УВО;УВО 25-148-3109;УВО 25;250;1249 - 3209;246 - 836;2004;80;177932;;;
3110;ВР;ВР 82-108-3110;ВР 82;820;1229 - 4850;66 - 597;1515;103;74543;1000;[597, 0, -2.2574131151025615e-05];[0, 0.0002, -1e-08]
3111;ВР;ВР 62-132-3111;ВР 62;620;966 - 6928;713 - 1462;2424;61;126963;;;
3112;ВЦ;ВЦ 75-106-3112;ВЦ 75;750;1438 - 2755;180 - 1082;283;100;59714;2900;[1082, 0, -0.00011884018827342466];[0, 0.0002, -1e-08]
3113;ВКОП;ВКОП 47-186-3113;ВКОП 47;470;1843 - 5290;104 - 640;1690;101;105423;2900;[590, 0.02, -2.1147723171372313e-05];[0, 0.0002, -1e-08]
3114;Ц;Ц 113-190-3114;Ц 113;1130;1747 - 10396;474 - 1339;637;60;136461;1000;[1339, 0, -8.003566648373505e-06];[0, 0.0002, -1e-08]
3115;ВЦ;ВЦ 70-190-3115;ВЦ 70;700;525 - 9712;674 - 1272;3761;103;125669;;;
3116;ВКОП;ВКОП 70-161-3116;ВКОП 70;700;511 - 4451;719 - 1366;2630;66;17212;;;
3117;УВО;УВО 88-134-3117;УВО 88;880;986 - 3815;615 - 828;3425;98;64615;1450;[778, 0.02, -1.6441961011321455e-05];[0, 0.0002, -1e-08]
3118;ВО;ВО 63-134-3118;ВО 63;630;1738 - 7956;69 - 1321;3063;71;151652;2900;[1271, 0.02, -2.1503386777098068e-05];[0, 0.0002, -1e-08]
3119;ВЦ;ВЦ 37-133-3119;ВЦ 37;370;868 - 5758;82 - 554;1234;77;23497;2900;[554, 0, -1.42363506876459e-05];[0, 0.0002, -1e-08]
3120;Ц;Ц 96-161-3120;Ц 96;960;1375 - 8067;1091 - 1191;573;110;130841;;;
3121;ВЦ;ВЦ 36-128-3121;ВЦ 36;360;1219 - 6994;133 - 1210;840;80;66079;;;
3122;ВЦ;ВЦ 99-193-3122;ВЦ 99;990;568 - 3055;273 - 878;2516;108;172794;1000;[878, 0, -6.48235700643682e-05];[0, 0.0002, -1e-08]
3123;Ц;Ц 78-151-3123;Ц 78;780;550 - 3539;661 - 1092;4977;109;138637;;;
3124;ВО;ВО 54-107-3124;ВО 54;540;1762 - 5711;565 - 651;4021;60;44354;1450;[601, 0.02, -4.605782627234438e-06];[0, 0.0002, -1e-08]
3125;ВР;ВР 40-134-3125;ВР 40;400;1857 - 4195;923 - 1418;3756;102;137639;;;
3126;ВЦ;ВЦ 112-168-3126;ВЦ 112;1120;863 - 10211;414 - 686;3876;94;148533;1450;[686, 0, -2.6087493366991058e-06];[0, 0.0002, -1e-08]
3127;УВО;УВО 108-117-3127;УВО 108;1080;1813 - 7864;310 - 487;4044;102;127567;1450;[437, 0.02, -4.596839040908051e-06];[0, 0.0002, -1e-08]
3128;ВКОП;ВКОП 85-192-3128;ВКОП 85;850;1575 - 6207;387 - 476;4417;65;108272;2900;[426, 0.02, -4.234449591244796e-06];[0, 0.0002, -1e-08]
3129;ВО;ВО 85-136-3129;ВО 85;850;1263 - 6091;450 - 1056;4833;80;102047;;;
3130;Ц;Ц 35-131-3130;Ц 35;350;1807 - 10120;141 - 1430;3923;85;144292;;;
3131;УВО;УВО 84-157-3131;УВО 84;840;1991 - 10338;267 - 1465;853;103;144722;;;
3132;УВО;УВО 91-151-3132;УВО 91;910;865 - 3468;103 - 387;470;78;108637;2900;[337, 0.02, -2.5223197359546304e-05];[0, 0.0002, -1e-08]
3133;Ц;Ц 119-179-3133;Ц 119;1190;856 - 3406;587 - 1185;3575;89;44480;;;
3134;ВО;ВО 55-190-3134;ВО 55;550;545 - 3639;612 - 686;1893;70;132869;;;
3135;УВО;УВО 115-186-3135;УВО 115;1150;1177 - 8236;600 - 1256;1089;103;140714;1450;[1206, 0.02, -1.1362239859077091e-05];[0, 0.0002, -1e-08]
3136;Ц;Ц 62-192-3136;Ц 62;620;1932 - 8190;471 - 1421;3129;64;38165;2900;[1421, 0, -1.4163017826021488e-05];[0, 0.0002, -1e-08]
3137;ВО;ВО 52-152-3137;ВО 52;520;1681 - 4685;1055 - 1224;2552;61;52869;1450;[1174, 0.02, -9.690547160548947e-06];[0, 0.0002, -1e-08]
3138;УВО;УВО 43-100-3138;УВО 43;430;1538 - 5755;1156 - 1219;4790;94;23173;2900;[1169, 0.02, -3.867750703690593e-06];[0, 0.0002, -1e-08]
3139;ВО;ВО 46-196-3139;ВО 46;460;882 - 10078;442 - 543;4473;90;91135;2900;[493, 0.02, -2.486656864706923e-06];[0, 0.0002, -1e-08]
3140;Ц;Ц 46-171-3140;Ц 46;460;1018 - 3826;92 - 1122;2355;79;62835;2900;[1122, 0, -7.036347722914912e-05];[0, 0.0002, -1e-08]
3141;ВКОП;ВКОП 20-190-3141;ВКОП 20;200;1247 - 8690;318 - 509;4493;73;175429;1450;[459, 0.02, -4.168647480471052e-06];[0, 0.0002, -1e-08]
3142;УВО;УВО 93-145-3142;УВО 93;930;1506 - 7020;402 - 1125;4911;71;169018;;;
3143;Ц;Ц 20-170-3143;Ц 20;200;749 - 8211;780 - 1426;2303;65;43146;;;
3144;ВО;ВО 101-143-3144;ВО 101;1010;1004 - 3517;722 - 1030;2101;104;150205;1450;[980, 0.02, -2.654477553236892e-05];[0, 0.0002, -1e-08]
3145;ВО;ВО 94-186-3145;ВО 94;940;669 - 8141;472 - 1154;4216;66;22062;;;
3146;УВО;УВО 59-118-3146;УВО 59;590;908 - 2159;1147 - 1384;4273;84;86634;;;
3147;ВО;ВО 59-155-3147;ВО 59;590;1785 - 5976;390 - 1330;4205;76;160625;2900;[1280, 0.02, -2.82679132415427e-05];[0, 0.0002, -1e-08]
3148;ВР;ВР 100-164-3148;ВР 100;1000;1730 - 9408;127 - 408;296;83;156432;;;
3149;ВКОП;ВКОП 81-182-3149;ВКОП 81;810;578 - 5746;585 - 815;3312;88;53689;;;
3150;Ц;Ц 93-189-3150;Ц 93;930;1652 - 4723;160 - 862;751;101;160233;1450;[862, 0, -3.147032449266766e-05];[0, 0.0002, -1e-08]
3151;УВО;УВО 22-137-3151;УВО 22;220;1993 - 10159;412 - 1236;4601;99;137433;2900;[1186, 0.02, -9.468313932501187e-06];[0, 0.0002, -1e-08]
3152;ВО;ВО 27-123-3152;ВО 27;270;1278 - 8992;237 - 474;1284;107;139614;1000;[424, 0.02, -4.536950994794899e-06];[0, 0.0002, -1e-08]
3153;ВО;ВО 50-120-3153;ВО 50;500;1896 - 7566;355 - 965;155;65;196210;;;
3154;ВКОП;ВКОП 58-166-3154;ВКОП 58;580;1262 - 5873;154 - 578;4542;84;150438;;;
3155;ВР;ВР 99-187-3155;ВР 99;990;721 - 7623;175 - 453;3327;78;190111;1450;[453, 0, -4.784019667208104e-06];[0, 0.0002, -1e-08]
3156;ВР;ВР 106-111-3156;ВР 106;1060;697 - 9370;542 - 929;4459;66;119968;1000;[929, 0, -4.4079005067377095e-06];[0, 0.0002, -1e-08]
3157;УВО;УВО 70-184-3157;УВО 70;700;1893 - 4912;147 - 1430;565;98;183380;1000;[1380, 0.02, -5.5174657025538736e-05];[0, 0.0002, -1e-08]
3158;ВР;ВР 110-195-3158;ВР 110;1100;945 - 2776;465 - 1180;2954;77;167867;2900;[1180, 0, -9.278272388276624e-05];[0, 0.0002, -1e-08]
3159;УВО;УВО 113-144-3159;УВО 113;1130;1694 - 10011;1015 - 1415;2956;94;86802;;;
3160;УВО;УВО 23-105-3160;УВО 23;230;1373 - 8955;568 - 634;203;66;183078;;;
3161;УВО;УВО 77-140-3161;УВО 77;770;1068 - 8524;857 - 1225;2300;82;118595;1000;[1175, 0.02, -6.722950364455257e-06];[0, 0.0002, -1e-08]
3162;ВКОП;ВКОП 77-157-3162;ВКОП 77;770;1396 - 3771;120 - 407;2414;60;38106;1000;[357, 0.02, -2.196978279365598e-05];[0, 0.0002, -1e-08]
3163;ВЦ;ВЦ 85-131-3163;ВЦ 85;850;672 - 1934;410 - 712;1206;75;10603;2900;[712, 0, -8.07409775967849e-05];[0, 0.0002, -1e-08]
3164;Ц;Ц 114-148-3164;Ц 114;1140;1962 - 10234;645 - 766;2830;81;79610;;;
3165;ВР;ВР 31-144-3165;ВР 31;310;976 - 2056;78 - 325;3385;83;30085;;;
3166;ВО;ВО 32-128-3166;ВО 32;320;534 - 2410;83 - 864;2782;109;78236;;;
3167;ВЦ;ВЦ 92-164-3167;ВЦ 92;920;1524 - 7476;1042 - 1243;1215;107;101112;;;
3168;Ц;Ц 50-157-3168;Ц 50;500;545 - 4078;241 - 672;2640;61;54107;1450;[672, 0, -2.5916886529256256e-05];[0, 0.0002, -1e-08]
3169;ВЦ;ВЦ 116-152-3169;ВЦ 116;1160;1928 - 9751;207 - 1096;3430;107;114886;;;
3170;УВО;УВО 57-155-3170;УВО 57;570;1074 - 7745;429 - 572;2333;83;79025;2900;[522, 0.02, -4.132698119238927e-06];[0, 0.0002, -1e-08]
3171;ВЦ;ВЦ 102-152-3171;ВЦ 102;1020;1481 - 11335;1347 - 1473;771;69;132212;1000;[1473, 0, -9.806804015107926e-07];[0, 0.0002, -1e-08]
3172;Ц;Ц 81-108-3172;Ц 81;810;1113 - 8821;701 - 777;772;110;197739;1000;[777, 0, -9.767376937894173e-07];[0, 0.0002, -1e-08]
3173;ВЦ;ВЦ 43-146-3173;ВЦ 43;430;748 - 9483;465 - 681;1016;73;51967;;;
3174;ВЦ;ВЦ 100-147-3174;ВЦ 100;1000;1492 - 7668;207 - 494;3733;65;45894;;;
3175;ВКОП;ВКОП 46-155-3175;ВКОП 46;460;877 - 5162;92 - 685;3940;107;14904;2900;[635, 0.02, -2.4252573833670516e-05];[0, 0.0002, -1e-08]
3176;Ц;Ц 56-151-3176;Ц 56;560;1521 - 7057;143 - 739;1982;86;195322;;;
3177;Ц;Ц 98-169-3177;Ц 98;980;1817 - 5809;940 - 1174;1721;77;49927;1450;[1174, 0, -6.934467298519127e-06];[0, 0.0002, -1e-08]
3178;Ц;Ц 27-173-3178;Ц 27;270;693 - 9623;539 - 1204;2492;89;80394;;;
3179;ВКОП;ВКОП 40-121-3179;ВКОП 40;400;1630 - 8799;757 - 1010;960;70;57047;;;
3180;ВО;ВО 39-166-3180;ВО 39;390;1609 - 4195;1027 - 1319;1581;103;170110;2900;[1269, 0.02, -1.8519123594835216e-05];[0, 0.0002, -1e-08]
3181;Ц;Ц 107-111-3181;Ц 107;1070;1551 - 4690;249 - 719;3584;83;123495;1000;[719, 0, -2.1367424225203557e-05];[0, 0.0002, -1e-08]
3182;ВЦ;ВЦ 105-191-3182;ВЦ 105;1050;854 - 9601;879 - 1471;3117;81;90727;1000;[1471, 0, -6.422273067869182e-06];[0, 0.0002, -1e-08]
3183;ВЦ;ВЦ 71-101-3183;ВЦ 71;710;1977 - 5135;52 - 400;1937;74;32652;;;
3184;ВО;ВО 93-185-3184;ВО 93;930;773 - 4697;1057 - 1117;1194;101;193397;2900;[1067, 0.02, -4.711309031820554e-06];[0, 0.0002, -1e-08]
3185;ВЦ;ВЦ 94-104-3185;ВЦ 94;940;1140 - 5420;505 - 1290;1946;79;29787;;;
3186;Ц;Ц 35-134-3186;Ц 35;350;1820 - 8347;134 - 780;3904;88;128106;1450;[780, 0, -9.271963023411463e-06];[0, 0.0002, -1e-08]
3187;ВЦ;ВЦ 24-128-3187;ВЦ 24;240;1734 - 4669;668 - 1249;2744;64;37690;;;
3188;ВКОП;ВКОП 38-196-3188;ВКОП 38;380;784 - 9183;554 - 732;3191;80;138410;1000;[682, 0.02, -3.6958292449571214e-06];[0, 0.0002, -1e-08]
3189;ВО;ВО 87-198-3189;ВО 87;870;1420 - 2457;449 - 539;3285;61;98130;2900;[489, 0.02, -1.4765981391948018e-05];[0, 0.0002, -1e-08]
3190;ВО;ВО 95-127-3190;ВО 95;950;1703 - 4159;138 - 507;4656;69;35084;;;
3191;УВО;УВО 38-119-3191;УВО 38;380;1145 - 9638;1160 - 1278;3976;110;116934;1450;[1228, 0.02, -2.807159751590261e-06];[0, 0.0002, -1e-08]
3192;ВР;ВР 38-164-3192;ВР 38;380;1312 - 7720;1185 - 1410;3469;76;48099;2900;[1410, 0, -3.7752691347418723e-06];[0, 0.0002, -1e-08]
3193;ВР;ВР 74-123-3193;ВР 74;740;1372 - 8850;80 - 1080;2913;81;32253;2900;[1080, 0, -1.2767723195761116e-05];[0, 0.0002, -1e-08]
3194;ВЦ;ВЦ 79-179-3194;ВЦ 79;790;875 - 4195;57 - 571;286;65;133622;1450;[571, 0, -2.9207823036960115e-05];[0, 0.0002, -1e-08]
3195;УВО;УВО 68-127-3195;УВО 68;680;1426 - 4089;613 - 784;3000;75;36081;1450;[734, 0.02, -1.212804773419683e-05];[0, 0.0002, -1e-08]
3196;ВЦ;ВЦ 88-138-3196;ВЦ 88;880;1903 - 8348;613 - 1041;4924;98;122982;;;
3197;УВО;УВО 20-131-3197;УВО 20;200;1485 - 11106;1000 - 1225;385;87;43543;2900;[1175, 0.02, -3.219633381436498e-06];[0, 0.0002, -1e-08]
3198;ВО;ВО 81-122-3198;ВО 81;810;986 - 8482;740 - 1148;165;73;24951;;;
3199;ВР;ВР 102-144-3199;ВР 102;1020;1095 - 4073;215 - 715;4446;79;85737;1000;[715, 0, -3.0139856771783837e-05];[0, 0.0002, -1e-08]
3200;ВКОП;ВКОП 62-163-3200;ВКОП 62;620;1235 - 7049;404 - 505;1267;99;53648;;;
3201;ВКОП;ВКОП 78-142-3201;ВКОП 78;780;1147 - 7765;66 - 398;2783;63;190305;1000;[348, 0.02, -7.252647286746173e-06];[0, 0.0002, -1e-08]
3202;ВО;ВО 72-137-3202;ВО 72;720;1474 - 5009;73 - 1206;3925;71;187555;1000;[1156, 0.02, -4.715728099881383e-05];[0, 0.0002, -1e-08]
3203;ВР;ВР 26-155-3203;ВР 26;260;1845 - 4386;126 - 1380;1900;87;47987;2900;[1380, 0, -6.518689300553995e-05];[0, 0.0002, -1e-08]
3204;ВКОП;ВКОП 56-155-3204;ВКОП 56;560;585 - 3905;159 - 354;990;89;169924;;;
3205;ВР;ВР 53-176-3205;ВР 53;530;888 - 10674;515 - 1224;3253;79;159054;;;
3206;ВО;ВО 48-155-3206;ВО 48;480;1762 - 8789;751 - 1339;4418;69;82644;1000;[1289, 0.02, -9.240286692005196e-06];[0, 0.0002, -1e-08]
3207;ВО;ВО 43-198-3207;ВО 43;430;1646 - 9379;331 - 1323;3132;75;169225;2900;[1273, 0.02, -1.2841150103140839e-05];[0, 0.0002, -1e-08]
3208;ВР;ВР 105-171-3208;ВР 105;1050;1560 - 5682;961 - 1306;1336;100;119036;1000;[1306, 0, -1.0686036082748203e-05];[0, 0.0002, -1e-08]
3209;УВО;УВО 107-108-3209;УВО 107;1070;1909 - 10793;1081 - 1482;3045;61;111020;1000;[1432, 0.02, -4.8662168513657475e-06];[0, 0.0002, -1e-08]
3210;ВР;ВР 101-142-3210;ВР 101;1010;700 - 5915;561 - 1319;506;81;148864;2900;[1319, 0, -2.166505060061208e-05];[0, 0.0002, -1e-08]
3211;ВО;ВО 115-120-3211;ВО 115;1150;1380 - 3929;800 - 1143;4683;110;88139;;;
3212;Ц;Ц 88-100-3212;Ц 88;880;765 - 9313;547 - 672;2507;67;11209;;;
3213;Ц;Ц 72-105-3213;Ц 72;720;888 - 3955;438 - 621;1077;77;34302;;;
3214;ВКОП;ВКОП 104-199-3214;ВКОП 104;1040;1742 - 9610;75 - 524;2616;94;118837;;;
3215;ВЦ;ВЦ 52-114-3215;ВЦ 52;520;787 - 10089;544 - 939;163;68;35816;;;
3216;ВКОП;ВКОП 115-127-3216;ВКОП 115;1150;1932 - 11853;316 - 962;4290;64;62187;1450;[912, 0.02, -5.929522388452559e-06];[0, 0.0002, -1e-08]
3217;Ц;Ц 26-108-3217;Ц 26;260;868 - 9326;462 - 974;4529;106;107059;1450;[974, 0, -5.886798068891082e-06];[0, 0.0002, -1e-08]
3218;ВО;ВО 33-153-3218;ВО 33;330;766 - 8173;1184 - 1370;1977;103;38434;1000;[1320, 0.02, -4.483073120425635e-06];[0, 0.0002, -1e-08]
3219;Ц;Ц 71-101-3219;Ц 71;710;1728 - 5342;310 - 682;4120;72;35860;;;
3220;ВКОП;ВКОП 93-192-3220;ВКОП 93;930;1194 - 8399;463 - 1058;4524;98;136614;2900;[1008, 0.02, -1.010699812161912e-05];[0, 0.0002, -1e-08]
3221;ВКОП;ВКОП 27-120-3221;ВКОП 27;270;1438 - 6101;443 - 820;632;86;101040;;;
3222;ВКОП;ВКОП 98-144-3222;ВКОП 98;980;1245 - 10354;535 - 1187;2294;75;195641;;;
3223;УВО;УВО 31-114-3223;УВО 31;310;1875 - 3809;994 - 1090;857;91;148736;1450;[1040, 0.02, -8.421281318147642e-06];[0, 0.0002, -1e-08]
3224;ВЦ;ВЦ 36-113-3224;ВЦ 36;360;669 - 7908;488 - 617;1090;106;93828;;;
3225;ВЦ;ВЦ 86-184-3225;ВЦ 86;860;1798 - 5651;329 - 742;4202;96;12015;;;
3226;ВЦ;ВЦ 46-122-3226;ВЦ 46;460;1482 - 8987;76 - 759;1029;103;78744;1000;[759, 0, -8.456511042389543e-06];[0, 0.0002, -1e-08]
3227;ВКОП;ВКОП 23-110-3227;ВКОП 23;230;1264 - 10768;255 - 770;1051;60;29777;1000;[720, 0.02, -5.867710502087524e-06];[0, 0.0002, -1e-08]
3228;ВКОП;ВКОП 74-101-3228;ВКОП 74;740;1784 - 10040;718 - 827;3965;95;149310;1000;[777, 0.02, -2.577340042221552e-06];[0, 0.0002, -1e-08]
3229;ВЦ;ВЦ 36-148-3229;ВЦ 36;360;681 - 3753;1052 - 1495;347;88;107500;;;
3230;Ц;Ц 90-149-3230;Ц 90;900;1033 - 2393;398 - 593;758;101;102706;1000;[593, 0, -3.40525166643412e-05];[0, 0.0002, -1e-08]
3231;Ц;Ц 89-149-3231;Ц 89;890;668 - 6759;340 - 1218;2365;73;176079;1450;[1218, 0, -1.921894849980675e-05];[0, 0.0002, -1e-08]
3232;ВО;ВО 87-114-3232;ВО 87;870;1085 - 4890;812 - 1095;1529;70;111063;2900;[1045, 0.02, -1.3834000359650554e-05];[0, 0.0002, -1e-08]
3233;Ц;Ц 112-159-3233;Ц 112;1120;1283 - 5617;487 - 584;4922;70;71722;1000;[584, 0, -3.074417804314828e-06];[0, 0.0002, -1e-08]
3234;ВКОП;ВКОП 58-163-3234;ВКОП 58;580;606 - 4977;680 - 1020;822;74;111401;2900;[970, 0.02, -1.5725945941647027e-05];[0, 0.0002, -1e-08]
3235;ВР;ВР 81-145-3235;ВР 81;810;1488 - 5613;471 - 997;3098;65;86918;;;
3236;ВР;ВР 33-119-3236;ВР 33;330;1698 - 9397;118 - 473;4508;100;78264;1000;[473, 0, -4.02022073639142e-06];[0, 0.0002, -1e-08]
3237;ВР;ВР 117-169-3237;ВР 117;1170;1565 - 4055;319 - 741;466;65;51894;;;
3238;ВЦ;ВЦ 102-132-3238;ВЦ 102;1020;1610 - 7367;87 - 575;2769;84;131707;1000;[575, 0, -8.99163113145177e-06];[0, 0.0002, -1e-08]
3239;УВО;УВО 55-186-3239;УВО 55;550;1253 - 5109;193 - 446;2492;87;196108;1000;[396, 0.02, -1.1691877684983699e-05];[0, 0.0002, -1e-08]
3240;ВЦ;ВЦ 52-173-3240;ВЦ 52;520;1321 - 5746;1191 - 1355;374;104;193794;;;
3241;Ц;Ц 21-123-3241;Ц 21;210;1550 - 5060;651 - 1396;4141;107;67487;1000;[1396, 0, -2.9097470668187285e-05];[0, 0.0002, -1e-08]
3242;УВО;УВО 61-102-3242;УВО 61;610;885 - 7470;722 - 820;4178;63;73463;;;
3243;ВР;ВР 21-130-3243;ВР 21;210;1915 - 8598;224 - 869;682;81;186328;1000;[869, 0, -8.724987894586563e-06];[0, 0.0002, -1e-08]
3244;ВО;ВО 110-179-3244;ВО 110;1100;571 - 8771;186 - 1008;1208;86;14854;1450;[958, 0.02, -1.2315281021201999e-05];[0, 0.0002, -1e-08]
3245;ВО;ВО 77-155-3245;ВО 77;770;1988 - 11165;174 - 831;1885;106;46271;1450;[781, 0.02, -6.66066487522083e-06];[0, 0.0002, -1e-08]
3246;ВЦ;ВЦ 25-170-3246;ВЦ 25;250;721 - 10112;356 - 1160;1211;65;102094;1000;[1160, 0, -7.862885054478448e-06];[0, 0.0002, -1e-08]
3247;Ц;Ц 117-182-3247;Ц 117;1170;1681 - 4066;318 - 440;4688;81;122548;;;
3248;ВКОП;ВКОП 75-109-3248;ВКОП 75;750;1775 - 10648;532 - 620;489;81;103999;2900;[570, 0.02, -2.213443398223375e-06];[0, 0.0002, -1e-08]
3249;ВО;ВО 104-114-3249;ВО 104;1040;1421 - 10517;155 - 641;2126;100;139238;;;
3250;УВО;УВО 76-185-3250;УВО 76;760;1833 - 8234;73 - 583;4327;87;159870;;;
3251;ВКОП;ВКОП 32-152-3251;ВКОП 32;320;1947 - 9458;541 - 955;4682;66;146144;1450;[905, 0.02, -6.1837532068522006e-06];[0, 0.0002, -1e-08]
3252;Ц;Ц 39-122-3252;Ц 39;390;1705 - 11436;569 - 1228;2844;108;13527;1450;[1228, 0, -5.038916030218693e-06];[0, 0.0002, -1e-08]
3253;Ц;Ц 34-109-3253;Ц 34;340;646 - 3973;249 - 824;2090;80;109856;1450;[824, 0, -3.64276130429607e-05];[0, 0.0002, -1e-08]
3254;ВО;ВО 104-184-3254;ВО 104;1040;1918 - 5955;601 - 1430;2626;92;83241;;;
3255;ВО;ВО 38-161-3255;ВО 38;380;1515 - 6431;474 - 675;1147;101;73331;;;
3256;ВО;ВО 117-194-3256;ВО 117;1170;1064 - 9070;369 - 493;2452;60;171558;;;
3257;Ц;Ц 113-177-3257;Ц 113;1130;1896 - 6699;204 - 507;292;82;142353;;;
3258;ВЦ;ВЦ 49-148-3258;ВЦ 49;490;712 - 8737;169 - 1070;3939;91;102710;;;
3259;ВКОП;ВКОП 44-109-3259;ВКОП 44;440;566 - 5421;308 - 1486;2752;99;90159;2900;[1436, 0.02, -4.207336102085936e-05];[0, 0.0002, -1e-08]
3260;ВР;ВР 79-200-3260;ВР 79;790;1544 - 9895;160 - 606;1410;109;165814;;;
3261;УВО;УВО 62-162-3261;УВО 62;620;1566 - 11282;338 - 1080;558;95;52765;;;
3262;Ц;Ц 37-119-3262;Ц 37;370;1184 - 4038;476 - 686;1088;70;148187;;;
3263;Ц;Ц 69-172-3263;Ц 69;690;1342 - 2662;947 - 1045;4881;74;80411;;;
3264;ВО;ВО 101-127-3264;ВО 101;1010;1856 - 10801;740 - 1062;1484;97;69314;;;
3265;УВО;УВО 54-177-3265;УВО 54;540;1361 - 7218;625 - 762;4402;87;40879;;;
3266;ВЦ;ВЦ 65-100-3266;ВЦ 65;650;1874 - 5496;774 - 1253;1401;88;59645;1450;[1253, 0, -1.58577682008776e-05];[0, 0.0002, -1e-08]
3267;ВКОП;ВКОП 65-110-3267;ВКОП 65;650;1793 - 7863;193 - 301;1724;104;13900;;;
3268;УВО;УВО 27-106-3268;УВО 27;270;1074 - 10855;215 - 697;3545;61;109684;1000;[647, 0.02, -5.508735920781475e-06];[0, 0.0002, -1e-08]
3269;УВО;УВО 111-156-3269;УВО 111;1110;1361 - 11088;73 - 484;3004;66;28453;;;
3270;ВР;ВР 20-101-3270;ВР 20;200;538 - 1704;174 - 525;3646;84;172914;1450;[525, 0, -0.00012088375322356676];[0, 0.0002, -1e-08]
3271;Ц;Ц 70-140-3271;Ц 70;700;1323 - 10869;739 - 1335;3751;62;155768;2900;[1335, 0, -5.045068673500178e-06];[0, 0.0002, -1e-08]
3272;ВКОП;ВКОП 71-154-3272;ВКОП 71;710;1708 - 4901;1058 - 1410;525;98;78072;2900;[1360, 0.02, -1.6653759954131177e-05];[0, 0.0002, -1e-08]
3273;ВКОП;ВКОП 69-168-3273;ВКОП 69;690;1528 - 4656;345 - 1319;1215;70;63675;2900;[1269, 0.02, -4.691873029369044e-05];[0, 0.0002, -1e-08]
3274;Ц;Ц 78-197-3274;Ц 78;780;1415 - 2778;991 - 1284;1897;64;78045;;;
3275;ВР;ВР 41-108-3275;ВР 41;410;938 - 9892;392 - 594;1610;110;115594;1450;[594, 0, -2.0643491560858894e-06];[0, 0.0002, -1e-08]
3276;ВЦ;ВЦ 51-123-3276;ВЦ 51;510;991 - 10407;913 - 1367;4060;94;78622;;;
3277;УВО;УВО 23-153-3277;УВО 23;230;796 - 7813;984 - 1052;2863;75;26794;1450;[1002, 0.02, -2.854710425372658e-06];[0, 0.0002, -1e-08]
3278;ВР;ВР 23-125-3278;ВР 23;230;581 - 8197;420 - 698;1732;63;146643;;;
3279;УВО;УВО 92-193-3279;УВО 92;920;1574 - 3645;440 - 520;1379;77;172103;1000;[470, 0.02, -7.744980157722119e-06];[0, 0.0002, -1e-08]
3280;ВР;ВР 62-195-3280;ВР 62;620;1839 - 8696;448 - 757;2956;109;148404;1000;[757, 0, -4.0861980976142735e-06];[0, 0.0002, -1e-08]
3281;ВР;ВР 101-190-3281;ВР 101;1010;1907 - 5120;80 - 840;3052;62;65301;1000;[840, 0, -2.899169921875e-05];[0, 0.0002, -1e-08]
3282;Ц;Ц 93-190-3282;Ц 93;930;1801 - 6422;83 - 1402;4783;74;78608;;;
3283;УВО;УВО 52-176-3283;УВО 52;520;1209 - 3636;83 - 601;4656;85;37002;2900;[551, 0.02, -4.090012961692209e-05];[0, 0.0002, -1e-08]
3284;ВО;ВО 38-140-3284;ВО 38;380;1776 - 4414;679 - 1082;1120;73;74421;;;
3285;ВО;ВО 45-131-3285;ВО 45;450;862 - 3974;544 - 1290;1801;95;64551;1450;[1240, 0.02, -4.91037744331613e-05];[0, 0.0002, -1e-08]
3286;ВКОП;ВКОП 34-188-3286;ВКОП 34;340;500 - 6365;429 - 694;593;68;66987;;;
3287;УВО;УВО 95-165-3287;УВО 95;950;1181 - 10571;271 - 482;4903;106;123297;1450;[432, 0.02, -3.332735519462385e-06];[0, 0.0002, -1e-08]
3288;ВКОП;ВКОП 74-137-3288;ВКОП 74;740;1697 - 8622;650 - 1468;2885;92;159675;1000;[1418, 0.02, -1.265071453050062e-05];[0, 0.0002, -1e-08]
3289;Ц;Ц 27-182-3289;Ц 27;270;1957 - 4418;298 - 872;1727;79;127265;;;
3290;ВЦ;ВЦ 87-112-3290;ВЦ 87;870;960 - 7159;156 - 746;3374;87;73683;;;
3291;ВКОП;ВКОП 57-190-3291;ВКОП 57;570;1628 - 3468;300 - 426;2038;75;19939;;;
3292;Ц;Ц 77-109-3292;Ц 77;770;629 - 6593;179 - 516;4430;85;128180;;;
3293;ВКОП;ВКОП 106-120-3293;ВКОП 106;1060;1288 - 10796;817 - 921;640;86;150375;;;
3294;ВО;ВО 118-165-3294;ВО 118;1180;1398 - 10061;1166 - 1451;2800;67;176512;1000;[1401, 0.02, -4.309464181819595e-06];[0, 0.0002, -1e-08]
3295;ВР;ВР 74-102-3295;ВР 74;740;905 - 3556;231 - 369;212;77;20508;;;
3296;ВЦ;ВЦ 71-128-3296;ВЦ 71;710;1190 - 4242;447 - 866;3008;74;176663;;;
3297;ВО;ВО 76-199-3297;ВО 76;760;989 - 7249;124 - 917;501;72;106935;1450;[867, 0.02, -1.689845442455556e-05];[0, 0.0002, -1e-08]
3298;ВЦ;ВЦ 108-106-3298;ВЦ 108;1080;524 - 8365;229 - 597;4129;65;147772;;;
3299;ВЦ;ВЦ 112-103-3299;ВЦ 112;1120;522 - 2066;610 - 826;4932;92;50338;2900;[826, 0, -5.0604963597225726e-05];[0, 0.0002, -1e-08]
3300;УВО;УВО 76-169-3300;УВО 76;760;1622 - 2649;976 - 1082;532;79;75924;;;
3301;ВО;ВО 90-167-3301;ВО 90;900;611 - 1915;158 - 585;3391;83;47326;;;
3302;ВР;ВР 111-183-3302;ВР 111;1110;1162 - 6664;764 - 895;627;102;146780;1450;[895, 0, -2.9498594155549376e-06];[0, 0.0002, -1e-08]
3303;УВО;УВО 29-140-3303;УВО 29;290;789 - 4104;736 - 877;1085;100;16582;1450;[827, 0.02, -1.0276191344725252e-05];[0, 0.0002, -1e-08]
3304;ВКОП;ВКОП 105-182-3304;ВКОП 105;1050;839 - 9240;679 - 1336;525;83;133097;;;
3305;ВО;ВО 80-172-3305;ВО 80;800;1960 - 9810;63 - 353;360;103;41406;1000;[303, 0.02, -4.532602630405846e-06];[0, 0.0002, -1e-08]
3306;ВЦ;ВЦ 94-144-3306;ВЦ 94;940;842 - 8934;190 - 346;1576;98;41805;1450;[346, 0, -1.954486621764592e-06];[0, 0.0002, -1e-08]
3307;Ц;Ц 54-158-3307;Ц 54;540;843 - 2222;1116 - 1277;818;69;154217;2900;[1277, 0, -3.260902147820542e-05];[0, 0.0002, -1e-08]
3308;ВР;ВР 101-138-3308;ВР 101;1010;569 - 3673;821 - 1017;1261;100;116479;;;
3309;ВО;ВО 25-124-3309;ВО 25;250;1035 - 7863;184 - 456;3989;71;102866;2900;[406, 0.02, -6.134236126749564e-06];[0, 0.0002, -1e-08]
3310;Ц;Ц 28-192-3310;Ц 28;280;1041 - 9308;745 - 1326;4340;82;164889;;;
3311;ВО;ВО 66-151-3311;ВО 66;660;1890 - 6394;215 - 1357;108;71;51201;;;
3312;УВО;УВО 91-141-3312;УВО 91;910;914 - 10907;607 - 693;3562;62;126724;;;
3313;ВР;ВР 93-176-3313;ВР 93;930;1629 - 3309;542 - 1020;3968;106;123701;;;
3314;ВКОП;ВКОП 104-194-3314;ВКОП 104;1040;838 - 4911;643 - 1117;1901;83;46198;2900;[1067, 0.02, -2.1652778446367746e-05];[0, 0.0002, -1e-08]
3315;ВЦ;ВЦ 57-122-3315;ВЦ 57;570;718 - 1884;672 - 1185;1660;68;80404;2900;[1185, 0, -0.00014452918982514503];[0, 0.0002, -1e-08]
3316;УВО;УВО 91-167-3316;УВО 91;910;1611 - 11278;882 - 1184;1536;101;49716;1450;[1134, 0.02, -3.754600753920309e-06];[0, 0.0002, -1e-08]
3317;ВКОП;ВКОП 38-195-3317;ВКОП 38;380;1768 - 3283;164 - 929;3939;94;78776;2900;[879, 0.02, -7.243027961635871e-05];[0, 0.0002, -1e-08]
3318;ВР;ВР 106-117-3318;ВР 106;1060;1534 - 6032;410 - 778;1303;109;91233;2900;[778, 0, -1.0114051319575878e-05];[0, 0.0002, -1e-08]
3319;ВКОП;ВКОП 86-139-3319;ВКОП 86;860;1912 - 10022;79 - 380;3989;90;57781;;;
3320;ВКОП;ВКОП 94-100-3320;ВКОП 94;940;1231 - 6932;328 - 486;4988;84;17577;;;
3321;ВР;ВР 109-114-3321;ВР 109;1090;1548 - 5558;530 - 881;831;76;86317;;;
3322;Ц;Ц 74-126-3322;Ц 74;740;1514 - 8171;82 - 880;250;74;74675;1000;[880, 0, -1.195232710985047e-05];[0, 0.0002, -1e-08]
3323;Ц;Ц 114-195-3323;Ц 114;1140;1322 - 5518;175 - 1142;4967;86;187951;1450;[1142, 0, -3.1758726687222586e-05];[0, 0.0002, -1e-08]
3324;Ц;Ц 30-112-3324;Ц 30;300;985 - 2135;326 - 417;3350;79;72651;;;
3325;ВО;ВО 115-138-3325;ВО 115;1150;1342 - 4227;343 - 393;2485;93;25931;;;
3326;ВКОП;ВКОП 71-116-3326;ВКОП 71;710;1383 - 6364;425 - 1022;157;99;33407;2900;[972, 0.02, -1.6648684993882543e-05];[0, 0.0002, -1e-08]
3327;ВО;ВО 82-198-3327;ВО 82;820;793 - 5956;1111 - 1404;2310;90;37567;;;
3328;ВКОП;ВКОП 70-170-3328;ВКОП 70;700;820 - 8716;234 - 822;695;105;70236;1000;[772, 0.02, -9.376498644388285e-06];[0, 0.0002, -1e-08]
3329;ВКОП;ВКОП 104-195-3329;ВКОП 104;1040;1245 - 7438;560 - 1197;2445;75;17444;2900;[1147, 0.02, -1.3299148193679383e-05];[0, 0.0002, -1e-08]
3330;УВО;УВО 27-122-3330;УВО 27;270;1971 - 3191;386 - 1308;336;92;64062;;;
3331;ВЦ;ВЦ 73-109-3331;ВЦ 73;730;643 - 5801;260 - 331;1598;60;151245;;;
3332;Ц;Ц 112-130-3332;Ц 112;1120;1360 - 6333;782 - 1124;4418;85;145243;;;
3333;Ц;Ц 111-165-3333;Ц 111;1110;743 - 6535;76 - 1352;3759;103;191466;2900;[1352, 0, -2.9878548150767247e-05];[0, 0.0002, -1e-08]
3334;ВР;ВР 108-185-3334;ВР 108;1080;539 - 7618;618 - 912;1311;86;69718;1000;[912, 0, -5.066002429889111e-06];[0, 0.0002, -1e-08]
3335;ВР;ВР 38-183-3335;ВР 38;380;1111 - 7837;285 - 570;681;82;158717;;;
3336;УВО;УВО 95-200-3336;УВО 95;950;1800 - 10280;134 - 557;432;88;23246;;;
3337;УВО;УВО 92-180-3337;УВО 92;920;1515 - 8987;222 - 376;3077;60;116918;;;
3338;ВКОП;ВКОП 27-164-3338;ВКОП 27;270;760 - 9596;627 - 1252;3549;105;132129;1000;[1202, 0.02, -8.32855359873617e-06];[0, 0.0002, -1e-08]
3339;ВКОП;ВКОП 65-139-3339;ВКОП 65;650;798 - 4182;497 - 1132;2694;83;56716;;;
3340;Ц;Ц 74-107-3340;Ц 74;740;515 - 3611;268 - 494;3386;84;74986;;;
3341;УВО;УВО 117-168-3341;УВО 117;1170;1636 - 9129;428 - 676;1599;94;165864;;;
3342;ВЦ;ВЦ 111-131-3342;ВЦ 111;1110;939 - 7548;660 - 745;1712;93;154957;;;
3343;Ц;Ц 70-128-3343;Ц 70;700;1223 - 8755;401 - 1270;763;87;140981;1450;[1270, 0, -1.1337243529927093e-05];[0, 0.0002, -1e-08]
3344;ВР;ВР 32-196-3344;ВР 32;320;1587 - 6975;774 - 1073;4261;97;115847;;;
3345;ВКОП;ВКОП 86-136-3345;ВКОП 86;860;636 - 4819;138 - 1026;1054;62;185444;2900;[976, 0.02, -4.023552582744145e-05];[0, 0.0002, -1e-08]
3346;ВР;ВР 63-163-3346;ВР 63;630;749 - 6888;397 - 519;4747;87;128855;2900;[519, 0, -2.57142317565535e-06];[0, 0.0002, -1e-08]
3347;ВКОП;ВКОП 96-116-3347;ВКОП 96;960;1886 - 4761;119 - 381;2952;83;49914;;;
3348;ВО;ВО 32-137-3348;ВО 32;320;1219 - 10477;109 - 443;2195;74;127878;;;
3349;УВО;УВО 80-132-3349;УВО 80;800;1648 - 3622;246 - 1439;3023;80;81170;;;
3350;ВО;ВО 27-132-3350;ВО 27;270;1688 - 10294;1074 - 1298;1256;102;143042;;;
3351;ВР;ВР 43-103-3351;ВР 43;430;1286 - 4504;215 - 377;3866;98;44609;;;
3352;ВО;ВО 75-113-3352;ВО 75;750;914 - 4016;845 - 916;3807;101;92591;;;
3353;ВР;ВР 102-116-3353;ВР 102;1020;598 - 7401;962 - 1130;2108;85;172460;;;
3354;ВР;ВР 33-142-3354;ВР 33;330;1013 - 7616;374 - 1173;907;85;66851;;;
3355;ВР;ВР 108-155-3355;ВР 108;1080;865 - 8297;218 - 1166;4999;95;116687;1000;[1166, 0, -1.3771021526096761e-05];[0, 0.0002, -1e-08]
3356;ВО;ВО 114-173-3356;ВО 114;1140;588 - 5099;575 - 1471;1195;67;114911;1450;[1421, 0.02, -3.6461048298023515e-05];[0, 0.0002, -1e-08]
3357;ВР;ВР 35-161-3357;ВР 35;350;1609 - 5682;206 - 874;4140;82;135752;;;
3358;Ц;Ц 22-188-3358;Ц 22;220;692 - 5523;310 - 624;3851;86;155060;;;
3359;ВР;ВР 20-145-3359;ВР 20;200;1768 - 2875;407 - 540;655;61;94959;;;
3360;ВЦ;ВЦ 64-142-3360;ВЦ 64;640;1445 - 11384;203 - 894;2329;103;194660;;;
3361;ВО;ВО 77-190-3361;ВО 77;770;902 - 6520;221 - 1442;1832;72;99837;;;
3362;УВО;УВО 107-146-3362;УВО 107;1070;762 - 8939;392 - 950;231;94;42598;;;
3363;ВЦ;ВЦ 65-175-3363;ВЦ 65;650;1952 - 7928;1055 - 1109;1953;62;160173;;;
3364;ВР;ВР 108-104-3364;ВР 108;1080;1679 - 8955;63 - 770;4344;79;175640;;;
3365;ВО;ВО 114-194-3365;ВО 114;1140;1863 - 4191;660 - 1290;4705;64;131950;;;
3366;ВЦ;ВЦ 74-106-3366;ВЦ 74;740;1112 - 7022;140 - 466;4535;94;60257;2900;[466, 0, -6.611438307452324e-06];[0, 0.0002, -1e-08]
3367;ВЦ;ВЦ 116-140-3367;ВЦ 116;1160;646 - 2834;626 - 949;3919;105;102611;1450;[949, 0, -4.0216366542174396e-05];[0, 0.0002, -1e-08]
3368;ВР;ВР 47-195-3368;ВР 47;470;1308 - 5340;931 - 1044;2918;61;165026;;;
3369;ВР;ВР 45-156-3369;ВР 45;450;1546 - 4262;640 - 808;4506;86;53023;2900;[808, 0, -9.248736171212605e-06];[0, 0.0002, -1e-08]
3370;ВО;ВО 92-191-3370;ВО 92;920;914 - 3494;383 - 1474;4109;98;124615;;;
3371;ВКОП;ВКОП 62-167-3371;ВКОП 62;620;762 - 3445;243 - 759;4554;93;196488;;;
3372;ВО;ВО 79-167-3372;ВО 79;790;704 - 4166;635 - 1349;3876;100;29620;;;
3373;ВО;ВО 70-172-3373;ВО 70;700;1259 - 7512;415 - 1007;2833;72;28150;1450;[957, 0.02, -1.2267202437052084e-05];[0, 0.0002, -1e-08]
3374;ВО;ВО 61-174-3374;ВО 61;610;1392 - 10730;163 - 331;4730;60;134533;;;
3375;ВКОП;ВКОП 101-118-3375;ВКОП 101;1010;1203 - 10004;439 - 620;2515;91;14853;;;
3376;УВО;УВО 90-120-3376;УВО 90;900;713 - 4879;662 - 864;3057;92;100237;1000;[814, 0.02, -1.0484510142370977e-05];[0, 0.0002, -1e-08]
3377;УВО;УВО 53-106-3377;УВО 53;530;651 - 4246;833 - 1089;1128;63;89806;1450;[1039, 0.02, -1.613665816975729e-05];[0, 0.0002, -1e-08]
3378;УВО;УВО 108-149-3378;УВО 108;1080;1322 - 3774;183 - 316;3130;86;24380;1450;[266, 0.02, -1.1126809967172822e-05];[0, 0.0002, -1e-08]
3379;ВО;ВО 92-148-3379;ВО 92;920;1098 - 8853;236 - 573;3767;74;128593;;;
3380;ВО;ВО 45-172-3380;ВО 45;450;664 - 5760;81 - 316;1235;99;179643;2900;[266, 0.02, -9.048273533950617e-06];[0, 0.0002, -1e-08]
3381;ВКОП;ВКОП 65-125-3381;ВКОП 65;650;1420 - 6863;551 - 1150;2539;93;96775;;;
3382;Ц;Ц 70-192-3382;Ц 70;700;1022 - 8891;431 - 540;3545;99;93912;;;
3383;ВО;ВО 108-198-3383;ВО 108;1080;823 - 9022;593 - 993;4148;104;26502;2900;[943, 0.02, -6.516743401348884e-06];[0, 0.0002, -1e-08]
3384;ВЦ;ВЦ 118-140-3384;ВЦ 118;1180;927 - 7085;686 - 797;4212;76;30122;;;
3385;УВО;УВО 61-184-3385;УВО 61;610;1032 - 5517;198 - 430;589;97;58647;1000;[380, 0.02, -9.604666171156046e-06];[0, 0.0002, -1e-08]
3386;ВО;ВО 24-100-3386;ВО 24;240;1821 - 11666;215 - 524;783;105;144857;1450;[474, 0.02, -3.6174583099539268e-06];[0, 0.0002, -1e-08]
3387;ВКОП;ВКОП 86-194-3387;ВКОП 86;860;710 - 2080;387 - 1118;4697;104;51345;2900;[1068, 0.02, -0.00016702107988165682];[0, 0.0002, -1e-08]
3388;УВО;УВО 47-137-3388;УВО 47;470;513 - 1980;177 - 305;4656;76;79537;1000;[255, 0.02, -2.9996939087848176e-05];[0, 0.0002, -1e-08]
3389;ВР;ВР 39-121-3389;ВР 39;390;1336 - 6404;447 - 1173;2187;69;24455;;;
3390;ВКОП;ВКОП 72-115-3390;ВКОП 72;720;1618 - 7208;794 - 1476;1200;70;55438;1450;[1426, 0.02, -1.4939005987920684e-05];[0, 0.0002, -1e-08]
3391;Ц;Ц 119-153-3391;Ц 119;1190;1086 - 8271;181 - 711;237;95;162952;1450;[711, 0, -7.747468657140467e-06];[0, 0.0002, -1e-08]
3392;Ц;Ц 117-172-3392;Ц 117;1170;1652 - 6412;231 - 1428;152;77;70092;;;
3393;ВО;ВО 57-175-3393;ВО 57;570;601 - 5399;174 - 554;3904;63;38675;;;
3394;Ц;Ц 109-116-3394;Ц 109;1090;852 - 9466;651 - 775;3467;80;112366;1000;[775, 0, -1.3838489383356466e-06];[0, 0.0002, -1e-08]
3395;ВКОП;ВКОП 36-181-3395;ВКОП 36;360;561 - 8710;860 - 1095;2156;107;47744;;;
3396;ВКОП;ВКОП 110-120-3396;ВКОП 110;1100;1390 - 10846;239 - 639;1717;65;107016;1000;[589, 0.02, -4.819284646509909e-06];[0, 0.0002, -1e-08]
3397;Ц;Ц 64-173-3397;Ц 64;640;1291 - 2425;210 - 322;3637;90;47427;2900;[322, 0, -1.9045594643426508e-05];[0, 0.0002, -1e-08]
3398;ВР;ВР 114-185-3398;ВР 114;1140;1978 - 5739;1147 - 1328;3079;78;180228;;;
3399;ВКОП;ВКОП 99-161-3399;ВКОП 99;990;1854 - 7239;785 - 1145;4966;88;158533;1450;[1095, 0.02, -8.678490733404981e-06];[0, 0.0002, -1e-08]
3400;Ц;Ц 37-143-3400;Ц 37;370;1887 - 11448;206 - 480;4397;79;51783;;;
3401;ВР;ВР 32-127-3401;ВР 32;320;800 - 6607;136 - 333;1875;62;52896;;;
3402;ВО;ВО 120-123-3402;ВО 120;1200;1954 - 11846;783 - 884;1546;110;176036;;;
3403;ВР;ВР 119-116-3403;ВР 119;1190;695 - 9408;380 - 648;720;100;94420;;;
3404;ВО;ВО 100-105-3404;ВО 100;1000;992 - 6255;1114 - 1233;956;95;42610;;;
3405;УВО;УВО 41-194-3405;УВО 41;410;597 - 4057;837 - 1124;2035;99;191158;;;
3406;ВР;ВР 87-196-3406;ВР 87;870;928 - 7740;68 - 555;3971;98;61843;1000;[555, 0, -8.129185612509932e-06];[0, 0.0002, -1e-08]
3407;ВО;ВО 31-108-3407;ВО 31;310;873 - 10616;96 - 637;3366;108;169185;;;
3408;ВКОП;ВКОП 47-137-3408;ВКОП 47;470;1996 - 7823;291 - 608;4118;75;157280;;;
3409;ВЦ;ВЦ 33-127-3409;ВЦ 33;330;1489 - 9199;227 - 478;4311;63;56829;;;
3410;УВО;УВО 31-191-3410;УВО 31;310;1769 - 4558;708 - 1129;358;102;102028;1450;[1079, 0.02, -2.2245578946294274e-05];[0, 0.0002, -1e-08]
3411;Ц;Ц 96-195-3411;Ц 96;960;1381 - 2926;1026 - 1094;285;98;128326;;;
3412;ВР;ВР 28-108-3412;ВР 28;280;663 - 9666;64 - 544;1254;89;78894;2900;[544, 0, -5.137450563276502e-06];[0, 0.0002, -1e-08]
3413;Ц;Ц 54-195-3413;Ц 54;540;524 - 3746;538 - 1465;2582;103;156314;1000;[1465, 0, -6.606085466070375e-05];[0, 0.0002, -1e-08]
3414;ВКОП;ВКОП 100-164-3414;ВКОП 100;1000;1037 - 3405;658 - 1110;1289;70;117797;;;
3415;ВКОП;ВКОП 57-116-3415;ВКОП 57;570;577 - 5810;129 - 1353;4887;68;150614;;;
3416;УВО;УВО 26-175-3416;УВО 26;260;1981 - 6354;202 - 912;3661;103;133777;1450;[862, 0.02, -1.9495054604878133e-05];[0, 0.0002, -1e-08]
3417;Ц;Ц 76-159-3417;Ц 76;760;1890 - 3074;321 - 654;4793;93;39690;;;
3418;Ц;Ц 42-154-3418;Ц 42;420;915 - 8098;629 - 1410;1868;63;30413;;;
3419;ВКОП;ВКОП 105-145-3419;ВКОП 105;1050;1948 - 9455;163 - 620;2458;72;132696;1450;[570, 0.02, -6.668007128872578e-06];[0, 0.0002, -1e-08]
3420;Ц;Ц 103-149-3420;Ц 103;1030;1864 - 11240;506 - 1180;2986;91;86135;;;
3421;ВР;ВР 60-199-3421;ВР 60;600;1286 - 9593;806 - 1139;4335;80;196044;1000;[1139, 0, -3.6185563874697584e-06];[0, 0.0002, -1e-08]
3422;ВР;ВР 106-110-3422;ВР 106;1060;612 - 8373;351 - 696;2278;78;154163;1000;[696, 0, -4.921040198351297e-06];[0, 0.0002, -1e-08]
3423;ВО;ВО 22-145-3423;ВО 22;220;933 - 5671;413 - 740;1048;98;99240;;;
3424;ВЦ;ВЦ 83-168-3424;ВЦ 83;830;1846 - 4985;741 - 1239;3660;81;88271;;;
3425;Ц;Ц 79-106-3425;Ц 79;790;1350 - 2980;189 - 1129;1921;88;101409;;;
3426;Ц;Ц 34-138-3426;Ц 34;340;1668 - 4236;242 - 600;4459;60;25932;;;
3427;ВКОП;ВКОП 44-179-3427;ВКОП 44;440;1556 - 7780;181 - 794;234;92;177685;;;
3428;ВР;ВР 45-190-3428;ВР 45;450;1773 - 8370;185 - 861;3593;80;92991;;;
3429;ВР;ВР 87-107-3429;ВР 87;870;1062 - 7976;1132 - 1210;2483;79;40738;;;
3430;ВКОП;ВКОП 35-106-3430;ВКОП 35;350;630 - 3764;378 - 570;3378;85;149390;;;
3431;ВКОП;ВКОП 65-172-3431;ВКОП 65;650;1471 - 4151;107 - 1311;2395;62;179396;2900;[1261, 0.02, -7.179120692067652e-05];[0, 0.0002, -1e-08]
3432;ВР;ВР 89-138-3432;ВР 89;890;1749 - 9165;1027 - 1185;938;87;44853;2900;[1185, 0, -1.8810145216106842e-06];[0, 0.0002, -1e-08]
3433;ВР;ВР 106-181-3433;ВР 106;1060;1309 - 9877;460 - 938;776;69;107411;;;
3434;ВО;ВО 52-142-3434;ВО 52;520;1502 - 10228;397 - 665;4520;68;63162;2900;[615, 0.02, -4.039307771851454e-06];[0, 0.0002, -1e-08]
3435;УВО;УВО 113-185-3435;УВО 113;1130;1967 - 6470;485 - 537;4844;76;109079;1000;[487, 0.02, -3.1389673896165634e-06];[0, 0.0002, -1e-08]
3436;ВКОП;ВКОП 59-119-3436;ВКОП 59;590;1908 - 10249;712 - 846;4307;86;119314;;;
3437;Ц;Ц 119-171-3437;Ц 119;1190;1957 - 6410;290 - 825;1861;76;42357;;;
3438;ВР;ВР 24-140-3438;ВР 24;240;1924 - 7880;902 - 1409;2165;65;99433;2900;[1409, 0, -8.164987502898812e-06];[0, 0.0002, -1e-08]
3439;ВР;ВР 64-108-3439;ВР 64;640;607 - 3260;285 - 948;3535;78;175478;1450;[948, 0, -6.23847340885995e-05];[0, 0.0002, -1e-08]
3440;УВО;УВО 70-158-3440;УВО 70;700;1133 - 5756;986 - 1110;3486;92;51855;2900;[1060, 0.02, -5.7081567241555e-06];[0, 0.0002, -1e-08]
3441;УВО;УВО 34-107-3441;УВО 34;340;1491 - 3711;830 - 1137;3667;92;109038;;;
3442;УВО;УВО 97-172-3442;УВО 97;970;558 - 8894;1020 - 1095;1803;93;169066;;;
3443;ВО;ВО 86-145-3443;ВО 86;860;798 - 5234;246 - 554;4807;80;118047;;;
3444;Ц;Ц 27-175-3444;Ц 27;270;977 - 5524;400 - 1090;2922;108;23206;1000;[1090, 0, -2.2612144438775752e-05];[0, 0.0002, -1e-08]
3445;ВО;ВО 119-158-3445;ВО 119;1190;1650 - 10411;172 - 1039;4627;66;40631;1000;[989, 0.02, -9.45871580361982e-06];[0, 0.0002, -1e-08]
3446;ВО;ВО 113-183-3446;ВО 113;1130;900 - 8554;411 - 1267;2373;103;50398;;;
3447;УВО;УВО 67-144-3447;УВО 67;670;723 - 2658;356 - 908;1572;94;87996;;;
3448;УВО;УВО 25-187-3448;УВО 25;250;713 - 3128;111 - 461;253;90;35325;;;
3449;ВР;ВР 76-141-3449;ВР 76;760;736 - 4553;720 - 1452;4672;89;198373;2900;[1452, 0, -3.5311468619899004e-05];[0, 0.0002, -1e-08]
3450;ВР;ВР 120-115-3450;ВР 120;1200;990 - 10851;169 - 1491;909;67;67006;;;
3451;ВЦ;ВЦ 48-123-3451;ВЦ 48;480;827 - 3263;100 - 545;1936;84;179609;;;
3452;ВКОП;ВКОП 110-171-3452;ВКОП 110;1100;1839 - 2984;922 - 985;3951;85;22769;2900;[935, 0.02, -8.162388862135142e-06];[0, 0.0002, -1e-08]
3453;ВО;ВО 101-102-3453;ВО 101;1010;1433 - 11368;130 - 906;719;61;76204;;;
3454;ВР;ВР 103-171-3454;ВР 103;1030;1114 - 8140;666 - 743;266;99;60445;;;
3455;ВКОП;ВКОП 26-108-3455;ВКОП 26;260;998 - 7132;377 - 833;1141;101;111123;2900;[783, 0.02, -1.0786108850680178e-05];[0, 0.0002, -1e-08]
3456;ВО;ВО 56-191-3456;ВО 56;560;1587 - 10640;128 - 568;1093;97;122499;1000;[518, 0.02, -5.324636779919724e-06];[0, 0.0002, -1e-08]
3457;УВО;УВО 64-114-3457;УВО 64;640;1506 - 8381;109 - 724;2077;106;24754;1000;[674, 0.02, -1.0430066780929204e-05];[0, 0.0002, -1e-08]
3458;ВЦ;ВЦ 111-152-3458;ВЦ 111;1110;1058 - 3054;168 - 803;831;83;184876;1000;[803, 0, -6.808252588529799e-05];[0, 0.0002, -1e-08]
3459;ВО;ВО 31-144-3459;ВО 31;310;1056 - 4939;365 - 912;1476;76;69657;;;
3460;ВР;ВР 70-176-3460;ВР 70;700;1698 - 10149;285 - 1169;594;78;54722;1450;[1169, 0, -8.58234087638574e-06];[0, 0.0002, -1e-08]
3461;ВЦ;ВЦ 99-127-3461;ВЦ 99;990;816 - 2002;790 - 999;3969;61;165774;;;
3462;ВКОП;ВКОП 96-169-3462;ВКОП 96;960;1260 - 2444;545 - 1205;2094;70;10615;;;
3463;Ц;Ц 69-108-3463;Ц 69;690;592 - 5985;276 - 451;1117;69;70221;;;
3464;УВО;УВО 31-191-3464;УВО 31;310;1447 - 8804;885 - 1037;488;77;70207;1000;[987, 0.02, -3.587646852521086e-06];[0, 0.0002, -1e-08]
3465;УВО;УВО 99-184-3465;УВО 99;990;597 - 10201;207 - 858;2544;86;181580;1000;[808, 0.02, -7.736083969155568e-06];[0, 0.0002, -1e-08]
3466;ВО;ВО 80-150-3466;ВО 80;800;1212 - 9831;262 - 355;4604;96;181056;;;
3467;ВР;ВР 58-149-3467;ВР 58;580;815 - 5463;752 - 1384;2659;91;162943;1000;[1384, 0, -2.117652412084839e-05];[0, 0.0002, -1e-08]
3468;УВО;УВО 48-127-3468;УВО 48;480;875 - 4751;148 - 374;1415;90;188897;1000;[324, 0.02, -1.200691068549926e-05];[0, 0.0002, -1e-08]
3469;ВР;ВР 93-189-3469;ВР 93;930;661 - 6645;392 - 1305;1291;75;54125;;;
3470;ВР;ВР 64-146-3470;ВР 64;640;1530 - 5496;214 - 1043;3451;80;194055;2900;[1043, 0, -2.7444863963523028e-05];[0, 0.0002, -1e-08]
3471;ВР;ВР 64-172-3471;ВР 64;640;542 - 3013;227 - 496;1524;107;138545;;;
3472;ВР;ВР 34-180-3472;ВР 34;340;1212 - 5898;604 - 1272;4723;69;69253;;;
3473;ВО;ВО 107-144-3473;ВО 107;1070;1302 - 5497;503 - 733;2561;84;33677;1450;[683, 0.02, -9.595258087919953e-06];[0, 0.0002, -1e-08]
3474;ВКОП;ВКОП 53-157-3474;ВКОП 53;530;1604 - 2634;164 - 1274;2341;80;199820;1450;[1224, 0.02, -0.00016037576485062748];[0, 0.0002, -1e-08]
3475;Ц;Ц 81-123-3475;Ц 81;810;1252 - 10619;492 - 1295;4358;109;111372;;;
3476;Ц;Ц 62-133-3476;Ц 62;620;1154 - 8316;1153 - 1332;1428;108;170288;1000;[1332, 0, -2.58835636421014e-06];[0, 0.0002, -1e-08]
3477;ВО;ВО 96-141-3477;ВО 96;960;1798 - 6124;182 - 488;676;64;125480;;;
3478;УВО;УВО 104-155-3478;УВО 104;1040;817 - 9135;105 - 1011;451;103;41869;2900;[961, 0.02, -1.2447238991602278e-05];[0, 0.0002, -1e-08]
3479;ВР;ВР 48-173-3479;ВР 48;480;1698 - 3184;389 - 600;3526;100;147881;1450;[600, 0, -2.0813079215171334e-05];[0, 0.0002, -1e-08]
3480;ВР;ВР 54-160-3480;ВР 54;540;1508 - 5012;786 - 1487;117;66;169610;1450;[1487, 0, -2.7905890985338302e-05];[0, 0.0002, -1e-08]
3481;ВЦ;ВЦ 113-100-3481;ВЦ 113;1130;1221 - 5341;698 - 1066;2193;87;82046;1450;[1066, 0, -1.2900384736447067e-05];[0, 0.0002, -1e-08]
3482;ВЦ;ВЦ 28-117-3482;ВЦ 28;280;1903 - 11294;386 - 1378;4816;97;89329;1000;[1378, 0, -7.77707174370635e-06];[0, 0.0002, -1e-08]
3483;ВР;ВР 118-173-3483;ВР 118;1180;976 - 6496;616 - 936;1029;75;95295;1450;[936, 0, -7.583294911305783e-06];[0, 0.0002, -1e-08]
3484;Ц;Ц 27-200-3484;Ц 27;270;995 - 10489;61 - 368;372;100;50282;2900;[368, 0, -2.79042403910862e-06];[0, 0.0002, -1e-08]
3485;ВКОП;ВКОП 72-173-3485;ВКОП 72;720;1012 - 8670;633 - 841;1348;72;104499;2900;[791, 0.02, -4.40873818826669e-06];[0, 0.0002, -1e-08]
3486;Ц;Ц 108-144-3486;Ц 108;1080;1246 - 8551;969 - 1128;1078;70;108512;;;
3487;УВО;УВО 81-136-3487;УВО 81;810;833 - 6191;1200 - 1444;4239;85;118934;;;
3488;УВО;УВО 73-153-3488;УВО 73;730;1191 - 4705;503 - 733;2768;107;144805;2900;[683, 0.02, -1.2381970928794633e-05];[0, 0.0002, -1e-08]
3489;ВКОП;ВКОП 57-102-3489;ВКОП 57;570;1768 - 5451;485 - 1361;3119;108;194348;1000;[1311, 0.02, -3.146795615890621e-05];[0, 0.0002, -1e-08]
3490;УВО;УВО 96-110-3490;УВО 96;960;733 - 8653;226 - 1473;307;89;129727;2900;[1423, 0.02, -1.8298107701925232e-05];[0, 0.0002, -1e-08]
3491;ВР;ВР 111-133-3491;ВР 111;1110;1443 - 9826;198 - 379;4781;88;195474;;;
3492;ВКОП;ВКОП 104-119-3492;ВКОП 104;1040;707 - 7518;339 - 738;3962;82;80219;2900;[688, 0.02, -8.835051971747367e-06];[0, 0.0002, -1e-08]
3493;ВР;ВР 55-160-3493;ВР 55;550;935 - 9336;1124 - 1254;4974;80;113586;2900;[1254, 0, -1.4914945344297516e-06];[0, 0.0002, -1e-08]
3494;ВЦ;ВЦ 48-125-3494;ВЦ 48;480;1706 - 10918;317 - 480;504;91;199666;;;
3495;ВЦ;ВЦ 119-194-3495;ВЦ 119;1190;1005 - 4894;632 - 1046;1997;98;57466;;;
3496;ВЦ;ВЦ 38-125-3496;ВЦ 38;380;779 - 3797;389 - 921;4936;95;93097;1000;[921, 0, -3.690034596848807e-05];[0, 0.0002, -1e-08]
3497;ВКОП;ВКОП 76-116-3497;ВКОП 76;760;621 - 7340;119 - 570;2900;68;10621;2900;[520, 0.02, -1.0167868200075728e-05];[0, 0.0002, -1e-08]
3498;ВКОП;ВКОП 67-115-3498;ВКОП 67;670;856 - 4015;239 - 424;3028;94;61437;;;
3499;Ц;Ц 45-151-3499;Ц 45;450;1382 - 4586;109 - 564;2748;79;64093;;;
3500;ВКОП;ВКОП 23-160-3500;ВКОП 23;230;601 - 2737;194 - 621;3612;60;37404;;;
3501;ВО;ВО 63-125-3501;ВО 63;630;1889 - 7404;128 - 623;978;75;148690;2900;[573, 0.02, -1.0818834038049725e-05];[0, 0.0002, -1e-08]
3502;ВКОП;ВКОП 73-110-3502;ВКОП 73;730;1141 - 7941;139 - 514;1230;104;149522;;;
3503;ВЦ;ВЦ 96-172-3503;ВЦ 96;960;894 - 5252;98 - 406;4150;108;22874;2900;[406, 0, -1.11660940538954e-05];[0, 0.0002, -1e-08]
3504;ВО;ВО 75-152-3504;ВО 75;750;1419 - 6057;325 - 1091;2988;84;196155;1450;[1041, 0.02, -2.2818282177548936e-05];[0, 0.0002, -1e-08]
3505;Ц;Ц 34-129-3505;Ц 34;340;1731 - 4328;323 - 485;280;86;133403;;;
3506;УВО;УВО 85-136-3506;УВО 85;850;1000 - 8592;243 - 335;671;60;22725;1450;[285, 0.02, -2.8966792547049094e-06];[0, 0.0002, -1e-08]
3507;ВО;ВО 45-159-3507;ВО 45;450;1806 - 7725;940 - 1183;1147;88;150089;;;
3508;Ц;Ц 62-182-3508;Ц 62;620;1078 - 4200;296 - 519;4984;77;96817;1450;[519, 0, -1.264172335600907e-05];[0, 0.0002, -1e-08]
3509;ВР;ВР 83-187-3509;ВР 83;830;677 - 1766;483 - 851;4885;87;45759;1450;[851, 0, -0.00011799576497808741];[0, 0.0002, -1e-08]
3510;Ц;Ц 31-184-3510;Ц 31;310;1226 - 3251;290 - 736;4318;72;26412;2900;[736, 0, -4.2198879534593667e-05];[0, 0.0002, -1e-08]
3511;ВЦ;ВЦ 86-108-3511;ВЦ 86;860;910 - 3709;495 - 1041;4466;107;127994;2900;[1041, 0, -3.968980599317524e-05];[0, 0.0002, -1e-08]
3512;Ц;Ц 105-177-3512;Ц 105;1050;854 - 6092;765 - 1485;3522;86;121231;;;
3513;ВКОП;ВКОП 30-116-3513;ВКОП 30;300;610 - 1748;316 - 423;3291;70;45291;;;
3514;УВО;УВО 29-159-3514;УВО 29;290;1847 - 7144;910 - 1221;4469;110;93960;1450;[1171, 0.02, -7.913515472462815e-06];[0, 0.0002, -1e-08]
3515;ВКОП;ВКОП 87-123-3515;ВКОП 87;870;1352 - 4820;228 - 353;3890;109;198651;;;
3516;ВО;ВО 80-197-3516;ВО 80;800;1647 - 8751;148 - 1495;4232;94;119388;1000;[1445, 0.02, -1.922198982473244e-05];[0, 0.0002, -1e-08]
3517;ВЦ;ВЦ 78-133-3517;ВЦ 78;780;1508 - 8224;223 - 1091;518;109;103842;;;
3518;Ц;Ц 51-141-3518;Ц 51;510;1784 - 4306;146 - 1101;1547;71;153403;;;
3519;Ц;Ц 72-130-3519;Ц 72;720;753 - 8157;691 - 1091;4331;90;65235;;;
3520;ВКОП;ВКОП 28-116-3520;ВКОП 28;280;694 - 8748;567 - 1132;3702;79;19262;;;
3521;ВЦ;ВЦ 84-177-3521;ВЦ 84;840;827 - 3192;377 - 568;2234;60;49074;;;
3522;УВО;УВО 73-185-3522;УВО 73;730;1282 - 2814;170 - 1249;4675;89;23720;1450;[1199, 0.02, -0.00013705459907286595];[0, 0.0002, -1e-08]
3523;ВР;ВР 34-123-3523;ВР 34;340;543 - 7290;243 - 546;1928;73;105777;1450;[546, 0, -5.70147956217153e-06];[0, 0.0002, -1e-08]
3524;ВР;ВР 40-192-3524;ВР 40;400;1573 - 7899;636 - 1088;1786;62;111344;;;
3525;УВО;УВО 75-152-3525;УВО 75;750;1902 - 10102;1106 - 1261;1120;97;26173;1450;[1211, 0.02, -3.0087093040807557e-06];[0, 0.0002, -1e-08]
3526;ВР;ВР 22-168-3526;ВР 22;220;1861 - 11057;216 - 313;4430;96;51308;2900;[313, 0, -7.934089863252199e-07];[0, 0.0002, -1e-08]
3527;ВЦ;ВЦ 68-159-3527;ВЦ 68;680;1631 - 9610;155 - 672;3755;98;141532;;;
3528;Ц;Ц 106-196-3528;Ц 106;1060;1302 - 9517;1063 - 1244;4062;68;52658;;;
3529;Ц;Ц 102-100-3529;Ц 102;1020;1953 - 11361;336 - 717;3414;63;84942;1000;[717, 0, -2.9518334918607374e-06];[0, 0.0002, -1e-08]
3530;Ц;Ц 89-184-3530;Ц 89;890;1348 - 10023;311 - 669;3382;103;140898;2900;[669, 0, -3.5635886408680965e-06];[0, 0.0002, -1e-08]
3531;ВР;ВР 89-181-3531;ВР 89;890;1117 - 5512;434 - 625;414;87;27308;2900;[625, 0, -6.286587279686384e-06];[0, 0.0002, -1e-08]
3532;ВО;ВО 86-159-3532;ВО 86;860;673 - 6665;321 - 661;3296;62;153417;1450;[611, 0.02, -9.529013911392327e-06];[0, 0.0002, -1e-08]
3533;ВКОП;ВКОП 71-112-3533;ВКОП 71;710;1935 - 3743;84 - 453;4012;110;110452;;;
3534;Ц;Ц 114-167-3534;Ц 114;1140;1558 - 4904;190 - 685;1960;64;144325;;;
3535;ВКОП;ВКОП 82-178-3535;ВКОП 82;820;1842 - 11728;422 - 1461;2856;102;14150;1000;[1411, 0.02, -8.895643219943085e-06];[0, 0.0002, -1e-08]
3536;ВР;ВР 41-113-3536;ВР 41;410;601 - 1998;929 - 1100;4626;99;141837;;;
3537;ВО;ВО 104-175-3537;ВО 104;1040;735 - 3566;782 - 1402;2016;71;26170;1450;[1352, 0.02, -5.043268684833926e-05];[0, 0.0002, -1e-08]
3538;Ц;Ц 62-155-3538;Ц 62;620;1142 - 3253;68 - 345;4445;103;53607;;;
3539;ВО;ВО 73-184-3539;ВО 73;730;871 - 4526;463 - 741;2983;78;146124;2900;[691, 0.02, -1.554918418040881e-05];[0, 0.0002, -1e-08]
3540;ВКОП;ВКОП 60-188-3540;ВКОП 60;600;1959 - 9941;320 - 780;4325;66;110223;;;
3541;ВР;ВР 88-101-3541;ВР 88;880;1682 - 5634;382 - 517;1721;62;96879;1000;[517, 0, -4.253046031567809e-06];[0, 0.0002, -1e-08]
3542;ВКОП;ВКОП 53-188-3542;ВКОП 53;530;1306 - 9971;67 - 335;2491;94;19311;1450;[285, 0.02, -4.198516083765576e-06];[0, 0.0002, -1e-08]
3543;УВО;УВО 22-194-3543;УВО 22;220;1412 - 3141;305 - 466;184;71;100971;1000;[416, 0.02, -1.7618294808137256e-05];[0, 0.0002, -1e-08]
3544;ВР;ВР 95-198-3544;ВР 95;950;1621 - 6826;281 - 537;3630;80;95453;1000;[537, 0, -5.494237103287108e-06];[0, 0.0002, -1e-08]
3545;УВО;УВО 48-183-3545;УВО 48;480;685 - 5128;194 - 1339;116;75;123357;;;
3546;Ц;Ц 35-124-3546;Ц 35;350;1427 - 4392;80 - 389;4812;94;167483;;;
3547;ВКОП;ВКОП 72-190-3547;ВКОП 72;720;900 - 5636;377 - 1396;3496;70;127395;;;
3548;ВО;ВО 77-105-3548;ВО 77;770;1389 - 7774;543 - 644;3108;98;100622;1450;[594, 0.02, -3.4165589532807073e-06];[0, 0.0002, -1e-08]
3549;Ц;Ц 41-189-3549;Ц 41;410;1267 - 8539;530 - 996;3178;95;145752;;;
3550;ВЦ;ВЦ 32-176-3550;ВЦ 32;320;1257 - 7994;787 - 892;4980;61;183910;1450;[892, 0, -1.64308870882584e-06];[0, 0.0002, -1e-08]
3551;Ц;Ц 61-112-3551;Ц 61;610;1174 - 5402;433 - 722;3048;89;28801;2900;[722, 0, -9.90349947864415e-06];[0, 0.0002, -1e-08]
3552;ВО;ВО 89-176-3552;ВО 89;890;1463 - 8592;163 - 809;4018;65;67730;;;
3553;Ц;Ц 62-131-3553;Ц 62;620;1040 - 3664;136 - 525;4787;60;118301;;;
3554;Ц;Ц 24-103-3554;Ц 24;240;689 - 7137;943 - 1116;3413;67;77714;1000;[1116, 0, -3.396367759407747e-06];[0, 0.0002, -1e-08]
3555;УВО;УВО 76-178-3555;УВО 76;760;1042 - 3425;902 - 971;3004;87;144480;;;
3556;ВЦ;ВЦ 63-113-3556;ВЦ 63;630;1469 - 5054;755 - 951;1212;70;115421;;;
3557;ВР;ВР 113-190-3557;ВР 113;1130;1774 - 11220;67 - 810;1798;73;175137;1450;[810, 0, -5.902052929420026e-06];[0, 0.0002, -1e-08]
3558;ВКОП;ВКОП 89-151-3558;ВКОП 89;890;1546 - 3094;428 - 603;1884;90;80997;1450;[553, 0.02, -1.952190552517561e-05];[0, 0.0002, -1e-08]
3559;ВО;ВО 93-171-3559;ВО 93;930;847 - 4463;454 - 572;3796;76;147787;2900;[522, 0.02, -7.895224754597125e-06];[0, 0.0002, -1e-08]
3560;ВЦ;ВЦ 95-100-3560;ВЦ 95;950;758 - 2540;201 - 915;4956;79;39876;1000;[915, 0, -0.00011067022134044267];[0, 0.0002, -1e-08]
3561;ВР;ВР 74-154-3561;ВР 74;740;984 - 10189;299 - 958;1942;95;35746;;;
3562;УВО;УВО 100-165-3562;УВО 100;1000;1318 - 2963;145 - 413;4773;81;125587;2900;[363, 0.02, -3.158085734863177e-05];[0, 0.0002, -1e-08]
3563;Ц;Ц 87-159-3563;Ц 87;870;1547 - 4139;214 - 881;4720;104;101607;1450;[881, 0, -3.8934534003536563e-05];[0, 0.0002, -1e-08]
3564;ВР;ВР 86-184-3564;ВР 86;860;1578 - 7611;694 - 878;429;95;54828;1450;[878, 0, -3.1763940887236956e-06];[0, 0.0002, -1e-08]
3565;Ц;Ц 26-156-3565;Ц 26;260;1293 - 4451;66 - 340;117;60;13544;2900;[340, 0, -1.3830420170688584e-05];[0, 0.0002, -1e-08]
3566;ВО;ВО 101-143-3566;ВО 101;1010;1444 - 6132;533 - 1356;1323;98;44531;;;
3567;ВЦ;ВЦ 53-194-3567;ВЦ 53;530;892 - 8450;51 - 725;2061;68;43150;;;
3568;ВКОП;ВКОП 115-153-3568;ВКОП 115;1150;1059 - 3774;206 - 355;2494;109;76414;;;
3569;УВО;УВО 89-144-3569;УВО 89;890;502 - 6425;309 - 445;3472;88;137857;;;
3570;ВКОП;ВКОП 97-155-3570;ВКОП 97;970;1425 - 8911;997 - 1115;374;93;166690;;;
3571;ВР;ВР 104-117-3571;ВР 104;1040;1150 - 6441;512 - 872;232;101;155765;2900;[872, 0, -8.677525577548984e-06];[0, 0.0002, -1e-08]
3572;ВКОП;ВКОП 75-122-3572;ВКОП 75;750;871 - 5360;615 - 1242;2749;61;77190;2900;[1192, 0.02, -2.381515927823569e-05];[0, 0.0002, -1e-08]
3573;ВЦ;ВЦ 37-106-3573;ВЦ 37;370;664 - 6406;156 - 1469;2474;97;141853;2900;[1469, 0, -3.199564410862475e-05];[0, 0.0002, -1e-08]
3574;ВО;ВО 74-142-3574;ВО 74;740;919 - 6581;501 - 1485;580;70;172164;2900;[1435, 0.02, -2.4604728734147177e-05];[0, 0.0002, -1e-08]
3575;ВКОП;ВКОП 120-195-3575;ВКОП 120;1200;1024 - 4121;243 - 1161;2085;88;199893;1450;[1111, 0.02, -5.59642048607163e-05];[0, 0.0002, -1e-08]
3576;УВО;УВО 94-114-3576;УВО 94;940;1321 - 5188;824 - 1321;2061;81;175010;1450;[1271, 0.02, -2.0462677348652873e-05];[0, 0.0002, -1e-08]
3577;ВР;ВР 80-161-3577;ВР 80;800;1798 - 4059;61 - 524;2503;93;85543;;;
3578;ВО;ВО 101-167-3578;ВО 101;1010;1123 - 4650;396 - 777;3658;106;162126;1000;[727, 0.02, -1.9609203376112844e-05];[0, 0.0002, -1e-08]
3579;ВО;ВО 37-153-3579;ВО 37;370;1281 - 3801;54 - 472;3245;94;87824;;;
3580;ВКОП;ВКОП 29-166-3580;ВКОП 29;290;806 - 10285;264 - 575;4933;62;111156;;;
3581;ВКОП;ВКОП 57-188-3581;ВКОП 57;570;663 - 10084;106 - 797;4557;110;170694;;;
3582;УВО;УВО 35-115-3582;УВО 35;350;1131 - 2250;344 - 761;441;93;76550;2900;[711, 0.02, -8.138271604938271e-05];[0, 0.0002, -1e-08]
3583;ВЦ;ВЦ 49-149-3583;ВЦ 49;490;1298 - 5748;484 - 954;2352;85;159084;1450;[954, 0, -1.4225395151210503e-05];[0, 0.0002, -1e-08]
3584;ВО;ВО 58-158-3584;ВО 58;580;1719 - 11473;71 - 329;2957;78;57446;2900;[279, 0.02, -3.3234133605182766e-06];[0, 0.0002, -1e-08]
3585;ВР;ВР 81-100-3585;ВР 81;810;1834 - 7701;409 - 1066;3203;65;148481;1450;[1066, 0, -1.1078249011418032e-05];[0, 0.0002, -1e-08]
3586;ВЦ;ВЦ 92-170-3586;ВЦ 92;920;1805 - 6741;842 - 1013;2343;65;137220;2900;[1013, 0, -3.7631147023108892e-06];[0, 0.0002, -1e-08]
3587;УВО;УВО 59-118-3587;УВО 59;590;1834 - 10317;1059 - 1117;2888;61;19193;1000;[1067, 0.02, -2.013707396627988e-06];[0, 0.0002, -1e-08]
3588;Ц;Ц 45-149-3588;Ц 45;450;1976 - 11440;1241 - 1473;3552;108;10009;;;
3589;ВО;ВО 93-164-3589;ВО 93;930;594 - 6886;135 - 1416;4583;103;74296;1450;[1366, 0.02, -2.8865599161954503e-05];[0, 0.0002, -1e-08]
3590;ВО;ВО 38-105-3590;ВО 38;380;1610 - 5350;649 - 1265;4803;77;142510;;;
3591;ВКОП;ВКОП 77-151-3591;ВКОП 77;770;1107 - 10518;258 - 615;693;101;16446;;;
3592;ВКОП;ВКОП 73-129-3592;ВКОП 73;730;898 - 3287;387 - 647;411;70;127426;1000;[597, 0.02, -2.5521157228154648e-05];[0, 0.0002, -1e-08]
3593;ВКОП;ВКОП 48-103-3593;ВКОП 48;480;931 - 5080;125 - 915;3785;82;174393;2900;[865, 0.02, -3.261206522413045e-05];[0, 0.0002, -1e-08]
3594;ВО;ВО 67-191-3594;ВО 67;670;1261 - 10745;167 - 830;4983;79;188445;1000;[780, 0.02, -7.170757617522494e-06];[0, 0.0002, -1e-08]
3595;УВО;УВО 97-153-3595;УВО 97;970;1225 - 6856;155 - 341;3202;91;155670;1000;[291, 0.02, -5.810478331374949e-06];[0, 0.0002, -1e-08]
3596;ВО;ВО 93-113-3596;ВО 93;930;873 - 4588;239 - 990;4510;99;34495;;;
3597;ВР;ВР 28-160-3597;ВР 28;280;1144 - 5995;1004 - 1203;2715;68;56310;;;
3598;УВО;УВО 49-113-3598;УВО 49;490;687 - 2577;759 - 1335;406;73;103975;1450;[1285, 0.02, -8.696674817634701e-05];[0, 0.0002, -1e-08]
3599;Ц;Ц 63-178-3599;Ц 63;630;770 - 5006;516 - 750;542;66;169446;1000;[750, 0, -9.337576370600585e-06];[0, 0.0002, -1e-08]
3600;ВКОП;ВКОП 110-182-3600;ВКОП 110;1100;1665 - 5806;133 - 578;1699;98;141645;2900;[528, 0.02, -1.51624301134548e-05];[0, 0.0002, -1e-08]
3601;УВО;УВО 38-198-3601;УВО 38;380;844 - 4036;88 - 340;3740;69;64799;1450;[290, 0.02, -1.735618285774904e-05];[0, 0.0002, -1e-08]
3602;Ц;Ц 119-123-3602;Ц 119;1190;1362 - 10058;350 - 508;813;61;171801;;;
3603;Ц;Ц 88-115-3603;Ц 88;880;675 - 8832;377 - 1327;172;90;62509;;;
3604;ВО;ВО 22-104-3604;ВО 22;220;1188 - 6812;698 - 1166;3776;104;106243;;;
3605;ВО;ВО 35-167-3605;ВО 35;350;1007 - 9794;185 - 527;4550;91;197865;;;
3606;Ц;Ц 47-127-3606;Ц 47;470;1057 - 5870;153 - 686;2462;86;169752;1450;[686, 0, -1.546859990306731e-05];[0, 0.0002, -1e-08]
3607;ВР;ВР 70-122-3607;ВР 70;700;1587 - 8829;99 - 316;3998;96;124011;;;
3608;Ц;Ц 90-168-3608;Ц 90;900;800 - 8483;122 - 632;1632;106;105504;1450;[632, 0, -7.087143755860182e-06];[0, 0.0002, -1e-08]
3609;ВКОП;ВКОП 53-123-3609;ВКОП 53;530;729 - 1895;97 - 324;2939;110;159296;;;
3610;ВО;ВО 44-183-3610;ВО 44;440;823 - 2390;109 - 659;2806;63;46114;2900;[609, 0.02, -9.590168239351552e-05];[0, 0.0002, -1e-08]
3611;ВЦ;ВЦ 108-142-3611;ВЦ 108;1080;1030 - 2351;577 - 1006;3687;78;86100;;;
3612;ВКОП;ВКОП 23-138-3612;ВКОП 23;230;1602 - 6063;737 - 1071;2315;82;79664;;;
3613;Ц;Ц 48-135-3613;Ц 48;480;1102 - 10003;1086 - 1473;111;80;124536;1450;[1473, 0, -3.867679044482196e-06];[0, 0.0002, -1e-08]
3614;ВКОП;ВКОП 51-127-3614;ВКОП 51;510;946 - 3538;1122 - 1418;3038;64;177273;;;
3615;Ц;Ц 90-114-3615;Ц 90;900;1060 - 2911;713 - 843;3067;88;25359;;;
3616;УВО;УВО 107-193-3616;УВО 107;1070;1096 - 10985;516 - 1333;4338;77;169839;1450;[1283, 0.02, -8.176830697050578e-06];[0, 0.0002, -1e-08]
3617;ВЦ;ВЦ 21-113-3617;ВЦ 21;210;1925 - 10359;319 - 617;4421;100;153391;1000;[617, 0, -2.777030169571892e-06];[0, 0.0002, -1e-08]
3618;Ц;Ц 69-178-3618;Ц 69;690;1344 - 7097;738 - 839;3172;90;68931;;;
3619;УВО;УВО 52-120-3619;УВО 52;520;1050 - 10916;121 - 323;4492;79;155952;1000;[273, 0.02, -3.107778900161814e-06];[0, 0.0002, -1e-08]
3620;ВО;ВО 35-112-3620;ВО 35;350;1359 - 6930;365 - 494;2754;92;185855;2900;[444, 0.02, -4.530982885961241e-06];[0, 0.0002, -1e-08]
3621;Ц;Ц 60-180-3621;Ц 60;600;1492 - 8485;236 - 1002;4403;77;59721;2900;[1002, 0, -1.0639594500885302e-05];[0, 0.0002, -1e-08]
3622;УВО;УВО 65-197-3622;УВО 65;650;1405 - 6755;591 - 810;2879;75;64687;;;
3623;Ц;Ц 52-115-3623;Ц 52;520;1112 - 3624;487 - 1393;3783;66;137771;;;
3624;ВО;ВО 106-165-3624;ВО 106;1060;1437 - 7654;147 - 1358;712;61;108097;1000;[1308, 0.02, -2.243080654016553e-05];[0, 0.0002, -1e-08]
3625;УВО;УВО 115-133-3625;УВО 115;1150;1399 - 4181;694 - 1434;1582;65;179879;;;
3626;ВЦ;ВЦ 48-141-3626;ВЦ 48;480;1063 - 10100;179 - 607;3504;89;94816;;;
3627;ВО;ВО 76-172-3627;ВО 76;760;1508 - 10318;602 - 655;1516;98;24553;2900;[605, 0.02, -1.966539447770625e-06];[0, 0.0002, -1e-08]
3628;УВО;УВО 62-134-3628;УВО 62;620;679 - 7613;345 - 585;4171;63;117082;2900;[535, 0.02, -5.905334278826364e-06];[0, 0.0002, -1e-08]
3629;ВКОП;ВКОП 29-127-3629;ВКОП 29;290;1657 - 2717;879 - 1195;3585;75;69020;2900;[1145, 0.02, -4.3394220795766624e-05];[0, 0.0002, -1e-08]
3630;Ц;Ц 36-132-3630;Ц 36;360;973 - 3681;539 - 818;520;99;154402;;;
3631;ВКОП;ВКОП 86-199-3631;ВКОП 86;860;1603 - 7999;53 - 883;4943;93;62566;1000;[833, 0.02, -1.4690859985451676e-05];[0, 0.0002, -1e-08]
3632;Ц;Ц 73-131-3632;Ц 73;730;981 - 8219;816 - 1332;660;71;174013;2900;[1332, 0, -7.638564334201933e-06];[0, 0.0002, -1e-08]
3633;Ц;Ц 27-128-3633;Ц 27;270;962 - 5731;186 - 342;3794;81;97955;;;
3634;ВКОП;ВКОП 115-110-3634;ВКОП 115;1150;626 - 6365;351 - 437;2601;96;198532;;;
3635;Ц;Ц 25-189-3635;Ц 25;250;894 - 10894;456 - 1447;3618;105;124349;;;
3636;Ц;Ц 39-160-3636;Ц 39;390;1397 - 10578;953 - 1202;2774;74;89355;1450;[1202, 0, -2.225318721944227e-06];[0, 0.0002, -1e-08]
3637;ВЦ;ВЦ 74-104-3637;ВЦ 74;740;1177 - 6387;347 - 520;1883;60;100093;2900;[520, 0, -4.2408437425823536e-06];[0, 0.0002, -1e-08]
3638;ВР;ВР 50-191-3638;ВР 50;500;1039 - 7683;863 - 1010;1982;86;159036;1450;[1010, 0, -2.4903229354219113e-06];[0, 0.0002, -1e-08]
3639;УВО;УВО 24-178-3639;УВО 24;240;604 - 3813;360 - 1281;1346;64;155878;1000;[1231, 0.02, -6.51531755793688e-05];[0, 0.0002, -1e-08]
3640;Ц;Ц 106-169-3640;Ц 106;1060;1692 - 5340;267 - 557;2669;79;40197;1000;[557, 0, -1.0169871929750734e-05];[0, 0.0002, -1e-08]
3641;Ц;Ц 57-167-3641;Ц 57;570;926 - 3061;631 - 939;3031;62;135678;;;
3642;Ц;Ц 69-175-3642;Ц 69;690;1007 - 10514;616 - 987;2409;85;135969;2900;[987, 0, -3.356123735342921e-06];[0, 0.0002, -1e-08]
3643;Ц;Ц 56-122-3643;Ц 56;560;702 - 5647;973 - 1187;3581;68;138885;;;
3644;УВО;УВО 20-159-3644;УВО 20;200;930 - 2173;136 - 408;389;68;123978;;;
3645;Ц;Ц 61-128-3645;Ц 61;610;1352 - 8066;182 - 1313;1652;63;187827;;;
3646;ВЦ;ВЦ 37-194-3646;ВЦ 37;370;603 - 8196;1013 - 1189;2391;100;26118;;;
3647;Ц;Ц 94-186-3647;Ц 94;940;1692 - 9104;52 - 397;2986;95;158476;;;
3648;Ц;Ц 114-137-3648;Ц 114;1140;1607 - 8296;425 - 1122;1581;98;99642;;;
3649;ВКОП;ВКОП 49-155-3649;ВКОП 49;490;1015 - 3779;835 - 1454;4159;82;94645;2900;[1404, 0.02, -4.513599724273942e-05];[0, 0.0002, -1e-08]
3650;ВР;ВР 31-143-3650;ВР 31;310;1477 - 5583;465 - 1057;2551;76;134798;;;
3651;ВКОП;ВКОП 117-171-3651;ВКОП 117;1170;1175 - 3974;493 - 999;239;75;187880;;;
3652;Ц;Ц 67-143-3652;Ц 67;670;1203 - 6751;513 - 701;2616;107;189894;;;
3653;Ц;Ц 114-144-3653;Ц 114;1140;1323 - 11314;149 - 412;3363;85;73823;;;
3654;ВКОП;ВКОП 42-141-3654;ВКОП 42;420;1196 - 4794;64 - 393;3567;74;77561;;;
3655;ВКОП;ВКОП 106-189-3655;ВКОП 106;1060;916 - 6397;388 - 793;4990;101;73265;;;
3656;Ц;Ц 73-180-3656;Ц 73;730;1379 - 9074;113 - 363;3230;97;87124;;;
3657;ВО;ВО 65-108-3657;ВО 65;650;1530 - 3343;177 - 444;2397;65;165346;;;
3658;ВКОП;ВКОП 91-171-3658;ВКОП 91;910;1401 - 3947;148 - 745;3479;79;146597;;;
3659;ВЦ;ВЦ 76-119-3659;ВЦ 76;760;1849 - 9458;97 - 684;1362;60;82355;1450;[684, 0, -6.562049194486662e-06];[0, 0.0002, -1e-08]
3660;Ц;Ц 37-145-3660;Ц 37;370;1037 - 6034;624 - 738;326;75;90492;;;
3661;ВКОП;ВКОП 81-185-3661;ВКОП 81;810;884 - 7741;223 - 590;4550;107;71950;;;
3662;ВР;ВР 56-154-3662;ВР 56;560;1926 - 6827;1229 - 1495;3027;92;137479;1450;[1495, 0, -5.7071834279527845e-06];[0, 0.0002, -1e-08]
3663;ВО;ВО 76-149-3663;ВО 76;760;643 - 4731;364 - 450;1647;74;15204;1450;[400, 0.02, -5.8358454677770595e-06];[0, 0.0002, -1e-08]
3664;ВР;ВР 23-163-3664;ВР 23;230;1076 - 4396;58 - 935;2131;80;105957;1000;[935, 0, -4.5382062111225275e-05];[0, 0.0002, -1e-08]
3665;ВЦ;ВЦ 63-124-3665;ВЦ 63;630;1751 - 9899;490 - 1121;2194;90;20100;;;
3666;ВР;ВР 75-101-3666;ВР 75;750;1775 - 5412;1197 - 1297;1247;81;176585;1000;[1297, 0, -3.4141643573258956e-06];[0, 0.0002, -1e-08]
3667;ВЦ;ВЦ 35-128-3667;ВЦ 35;350;1592 - 5661;747 - 1277;383;99;104758;;;
3668;УВО;УВО 29-159-3668;УВО 29;290;1700 - 7389;1160 - 1263;4686;60;65460;;;
3669;ВКОП;ВКОП 115-103-3669;ВКОП 115;1150;1578 - 6107;273 - 926;1539;103;100514;;;
3670;Ц;Ц 77-194-3670;Ц 77;770;792 - 7823;348 - 937;197;94;76030;;;
3671;Ц;Ц 63-111-3671;Ц 63;630;1117 - 5390;774 - 1117;1578;63;46735;;;
3672;Ц;Ц 52-194-3672;Ц 52;520;1158 - 7915;296 - 851;2461;100;82201;1450;[851, 0, -8.859131430003483e-06];[0, 0.0002, -1e-08]
3673;УВО;УВО 38-105-3673;УВО 38;380;1235 - 6264;388 - 548;2963;86;168052;;;
3674;ВКОП;ВКОП 78-133-3674;ВКОП 78;780;510 - 3518;909 - 1379;292;74;99409;1000;[1329, 0.02, -3.962081147843253e-05];[0, 0.0002, -1e-08]
3675;ВЦ;ВЦ 88-128-3675;ВЦ 88;880;1551 - 6218;708 - 1171;2427;68;41774;1450;[1171, 0, -1.197511121852214e-05];[0, 0.0002, -1e-08]
3676;ВКОП;ВКОП 72-140-3676;ВКОП 72;720;1766 - 11225;236 - 503;1946;101;55767;;;
3677;ВКОП;ВКОП 36-139-3677;ВКОП 36;360;578 - 1805;757 - 1134;1710;65;191103;;;
3678;ВЦ;ВЦ 64-170-3678;ВЦ 64;640;1524 - 10891;617 - 1404;1060;98;103051;1000;[1404, 0, -6.634973861111585e-06];[0, 0.0002, -1e-08]
3679;Ц;Ц 80-130-3679;Ц 80;800;728 - 9109;1119 - 1251;715;106;169557;2900;[1251, 0, -1.5908620689925303e-06];[0, 0.0002, -1e-08]
3680;УВО;УВО 114-106-3680;УВО 114;1140;1090 - 4187;65 - 892;273;89;27727;;;
3681;ВР;ВР 43-166-3681;ВР 43;430;1994 - 3465;287 - 826;4700;67;130672;;;
3682;ВР;ВР 49-163-3682;ВР 49;490;1738 - 5453;896 - 1168;3129;89;193490;1000;[1168, 0, -9.147405017398735e-06];[0, 0.0002, -1e-08]
3683;Ц;Ц 38-114-3683;Ц 38;380;758 - 2793;342 - 951;3619;96;112920;1450;[951, 0, -7.806842562905653e-05];[0, 0.0002, -1e-08]
3684;Ц;Ц 27-177-3684;Ц 27;270;555 - 10019;274 - 726;159;93;177574;;;
3685;Ц;Ц 104-136-3685;Ц 104;1040;1252 - 10255;980 - 1163;3900;107;67303;1000;[1163, 0, -1.7401222507197617e-06];[0, 0.0002, -1e-08]
3686;ВЦ;ВЦ 47-181-3686;ВЦ 47;470;1641 - 8702;325 - 950;4541;85;77230;;;
3687;ВКОП;ВКОП 96-186-3687;ВКОП 96;960;744 - 8450;280 - 879;1199;71;153821;;;
3688;ВКОП;ВКОП 61-158-3688;ВКОП 61;610;1783 - 5612;793 - 929;1229;77;184705;;;
3689;УВО;УВО 90-151-3689;УВО 90;900;879 - 4323;528 - 1149;3754;72;33158;;;
3690;ВКОП;ВКОП 45-141-3690;ВКОП 45;450;551 - 3610;708 - 803;872;61;81721;;;
3691;ВО;ВО 28-184-3691;ВО 28;280;1515 - 6823;464 - 742;3600;102;97385;2900;[692, 0.02, -7.828870841868259e-06];[0, 0.0002, -1e-08]
3692;ВЦ;ВЦ 115-118-3692;ВЦ 115;1150;1904 - 8693;768 - 940;2075;64;84499;;;
3693;ВЦ;ВЦ 99-179-3693;ВЦ 99;990;991 - 8070;621 - 1166;3920;97;52514;1450;[1166, 0, -8.368534922894315e-06];[0, 0.0002, -1e-08]
3694;ВО;ВО 103-108-3694;ВО 103;1030;1584 - 4583;855 - 950;2137;75;169611;2900;[900, 0.02, -6.506414121689559e-06];[0, 0.0002, -1e-08]
3695;ВКОП;ВКОП 76-171-3695;ВКОП 76;760;1702 - 11201;490 - 577;177;110;37139;;;
3696;ВО;ВО 112-105-3696;ВО 112;1120;1403 - 5822;225 - 925;2828;83;143414;;;
3697;Ц;Ц 80-153-3697;Ц 80;800;1573 - 8628;61 - 342;4725;91;79430;1000;[342, 0, -3.774731341220883e-06];[0, 0.0002, -1e-08]
3698;ВО;ВО 113-143-3698;ВО 113;1130;694 - 8080;825 - 1014;3940;102;122484;;;
3699;ВЦ;ВЦ 98-134-3699;ВЦ 98;980;1584 - 8156;213 - 376;802;69;151412;;;
3700;Ц;Ц 106-185-3700;Ц 106;1060;1134 - 3501;636 - 1421;4314;96;163698;1450;[1421, 0, -6.40450302647442e-05];[0, 0.0002, -1e-08]
3701;ВКОП;ВКОП 105-186-3701;ВКОП 105;1050;1095 - 2808;365 - 1066;1414;107;167292;;;
3702;ВО;ВО 61-174-3702;ВО 61;610;1221 - 5833;861 - 941;3351;62;105145;2900;[891, 0.02, -4.310500777850527e-06];[0, 0.0002, -1e-08]
3703;ВКОП;ВКОП 83-159-3703;ВКОП 83;830;1958 - 6049;681 - 750;1419;79;50997;1000;[700, 0.02, -3.825593493769036e-06];[0, 0.0002, -1e-08]
3704;ВКОП;ВКОП 110-143-3704;ВКОП 110;1100;603 - 6139;172 - 484;4320;68;169222;;;
3705;ВР;ВР 23-106-3705;ВР 23;230;1055 - 10111;816 - 997;3194;97;144225;;;
3706;Ц;Ц 26-119-3706;Ц 26;260;1077 - 5065;1026 - 1478;2727;98;109374;1000;[1478, 0, -1.761893021519847e-05];[0, 0.0002, -1e-08]
3707;Ц;Ц 26-151-3707;Ц 26;260;1503 - 7719;420 - 629;3953;99;59501;1000;[629, 0, -3.5077142272268074e-06];[0, 0.0002, -1e-08]
3708;Ц;Ц 91-112-3708;Ц 91;910;1073 - 6833;398 - 746;1681;89;57414;1450;[746, 0, -7.453433868733335e-06];[0, 0.0002, -1e-08]
3709;ВР;ВР 110-144-3709;ВР 110;1100;593 - 3418;788 - 1402;410;74;87045;2900;[1402, 0, -5.2556236028515264e-05];[0, 0.0002, -1e-08]
3710;ВКОП;ВКОП 47-127-3710;ВКОП 47;470;945 - 3032;788 - 1009;4883;82;89787;;;
3711;УВО;УВО 34-163-3711;УВО 34;340;1413 - 6101;605 - 788;2980;95;103346;2900;[738, 0.02, -6.8512874883460006e-06];[0, 0.0002, -1e-08]
3712;Ц;Ц 43-147-3712;Ц 43;430;879 - 2707;351 - 942;3074;62;113513;1450;[942, 0, -8.065122520947143e-05];[0, 0.0002, -1e-08]
3713;Ц;Ц 116-170-3713;Ц 116;1160;784 - 2446;295 - 645;1682;72;105339;;;
3714;Ц;Ц 43-156-3714;Ц 43;430;918 - 8962;555 - 946;1307;86;127034;;;
3715;ВО;ВО 29-119-3715;ВО 29;290;748 - 5708;367 - 1263;3675;107;173323;;;
3716;ВКОП;ВКОП 45-185-3716;ВКОП 45;450;912 - 2073;145 - 306;125;87;159008;2900;[256, 0.02, -3.547785147471837e-05];[0, 0.0002, -1e-08]
3717;ВКОП;ВКОП 51-141-3717;ВКОП 51;510;1600 - 9477;866 - 1307;2629;84;79059;1450;[1257, 0.02, -6.46383686805136e-06];[0, 0.0002, -1e-08]
3718;ВО;ВО 84-148-3718;ВО 84;840;1949 - 8704;120 - 1118;1599;96;25637;1450;[1068, 0.02, -1.4811057120458477e-05];[0, 0.0002, -1e-08]
3719;ВР;ВР 71-137-3719;ВР 71;710;1227 - 2499;321 - 388;4829;91;100464;1450;[388, 0, -1.0728581148345694e-05];[0, 0.0002, -1e-08]
3720;УВО;УВО 108-194-3720;УВО 108;1080;1172 - 4456;171 - 808;2429;72;113615;;;
3721;УВО;УВО 34-129-3721;УВО 34;340;1696 - 4631;924 - 1391;3402;60;106559;2900;[1341, 0.02, -2.3762761083440527e-05];[0, 0.0002, -1e-08]
3722;ВЦ;ВЦ 78-145-3722;ВЦ 78;780;1224 - 9898;858 - 1179;1760;69;147253;;;
3723;ВКОП;ВКОП 66-153-3723;ВКОП 66;660;986 - 6613;186 - 378;3705;62;193161;;;
3724;ВКОП;ВКОП 83-146-3724;ВКОП 83;830;1209 - 6909;131 - 1123;2194;60;34993;;;
3725;ВО;ВО 62-123-3725;ВО 62;620;1796 - 8366;98 - 694;3806;92;186426;;;
3726;ВКОП;ВКОП 51-195-3726;ВКОП 51;510;1578 - 2823;377 - 437;3872;60;65124;;;
3727;ВР;ВР 97-155-3727;ВР 97;970;921 - 2667;319 - 491;426;70;109009;;;
3728;ВО;ВО 89-129-3728;ВО 89;890;1834 - 10307;477 - 866;3262;67;103851;1000;[816, 0.02, -5.13149012800947e-06];[0, 0.0002, -1e-08]
3729;ВО;ВО 102-120-3729;ВО 102;1020;1964 - 9306;133 - 339;325;82;179626;;;
3730;ВКОП;ВКОП 108-135-3730;ВКОП 108;1080;1449 - 2687;621 - 886;4140;95;76662;1450;[836, 0.02, -3.7221766464648255e-05];[0, 0.0002, -1e-08]
3731;ВКОП;ВКОП 35-185-3731;ВКОП 35;350;1985 - 9965;608 - 1431;4344;110;123963;;;
3732;ВЦ;ВЦ 52-124-3732;ВЦ 52;520;1716 - 3743;163 - 715;1858;89;33334;1000;[715, 0, -3.9400290462938426e-05];[0, 0.0002, -1e-08]
3733;ВЦ;ВЦ 39-160-3733;ВЦ 39;390;976 - 5205;74 - 515;1145;105;81580;2900;[515, 0, -1.6277852984411463e-05];[0, 0.0002, -1e-08]
3734;УВО;УВО 98-160-3734;УВО 98;980;1803 - 3098;470 - 1434;178;98;47973;1000;[1384, 0.02, -0.00010168787959995016];[0, 0.0002, -1e-08]
3735;ВКОП;ВКОП 111-121-3735;ВКОП 111;1110;815 - 9665;115 - 484;1038;102;67609;;;
3736;ВЦ;ВЦ 107-105-3736;ВЦ 107;1070;1059 - 8837;82 - 317;4489;92;153113;2900;[317, 0, -3.0092491898941114e-06];[0, 0.0002, -1e-08]
3737;УВО;УВО 38-138-3737;УВО 38;380;1496 - 11017;714 - 1357;3265;72;55546;1450;[1307, 0.02, -6.701089717608974e-06];[0, 0.0002, -1e-08]
3738;ВЦ;ВЦ 67-193-3738;ВЦ 67;670;665 - 9578;533 - 600;4984;61;42306;;;
3739;УВО;УВО 91-145-3739;УВО 91;910;1675 - 3403;554 - 964;2117;101;51989;;;
3740;Ц;Ц 48-173-3740;Ц 48;480;1561 - 8973;481 - 677;2531;110;152794;1000;[677, 0, -2.4343372005884787e-06];[0, 0.0002, -1e-08]
3741;УВО;УВО 97-119-3741;УВО 97;970;1103 - 10681;1248 - 1395;238;61;191309;;;
3742;Ц;Ц 120-152-3742;Ц 120;1200;1551 - 11429;196 - 1319;4599;73;147506;1450;[1319, 0, -8.597323938614616e-06];[0, 0.0002, -1e-08]
3743;ВКОП;ВКОП 45-197-3743;ВКОП 45;450;1191 - 8318;392 - 914;4357;92;137125;2900;[864, 0.02, -9.226305567909777e-06];[0, 0.0002, -1e-08]
3744;ВО;ВО 118-192-3744;ВО 118;1180;1275 - 9576;1214 - 1267;623;63;90586;;;
3745;ВО;ВО 46-180-3745;ВО 46;460;777 - 7720;312 - 916;3155;87;98863;1450;[866, 0.02, -1.1886225133560633e-05];[0, 0.0002, -1e-08]
3746;ВЦ;ВЦ 102-185-3746;ВЦ 102;1020;1993 - 5780;176 - 633;2647;77;144852;1000;[633, 0, -1.367919445408939e-05];[0, 0.0002, -1e-08]
3747;ВКОП;ВКОП 68-137-3747;ВКОП 68;680;1805 - 8293;666 - 781;176;87;14405;1000;[731, 0.02, -3.3567991810375482e-06];[0, 0.0002, -1e-08]
3748;УВО;УВО 70-154-3748;УВО 70;700;770 - 5396;173 - 1046;2320;86;135735;1450;[996, 0.02, -3.197190242229782e-05];[0, 0.0002, -1e-08]
3749;ВО;ВО 105-140-3749;ВО 105;1050;720 - 4159;140 - 665;4638;101;33577;;;
3750;ВО;ВО 83-115-3750;ВО 83;830;777 - 10529;161 - 866;3000;61;186414;;;
3751;ВР;ВР 52-132-3751;ВР 52;520;1134 - 6112;250 - 801;3126;102;141526;;;
3752;Ц;Ц 96-144-3752;Ц 96;960;1714 - 5201;95 - 1056;2292;94;154797;2900;[1056, 0, -3.5526275562421424e-05];[0, 0.0002, -1e-08]
3753;Ц;Ц 38-152-3753;Ц 38;380;1106 - 4870;299 - 1252;835;61;51733;2900;[1252, 0, -4.018231725056816e-05];[0, 0.0002, -1e-08]
3754;ВР;ВР 48-127-3754;ВР 48;480;768 - 5954;406 - 488;3412;69;61503;2900;[488, 0, -2.3131094973003756e-06];[0, 0.0002, -1e-08]
3755;ВКОП;ВКОП 83-108-3755;ВКОП 83;830;1819 - 7724;1052 - 1257;1290;68;29307;;;
3756;ВКОП;ВКОП 90-126-3756;ВКОП 90;900;729 - 2645;135 - 360;767;80;21424;;;
3757;Ц;Ц 97-159-3757;Ц 97;970;1888 - 7582;840 - 1037;1906;108;107178;1000;[1037, 0, -3.4268781779946273e-06];[0, 0.0002, -1e-08]
3758;УВО;УВО 74-156-3758;УВО 74;740;858 - 10402;605 - 668;4395;97;199818;;;
3759;ВР;ВР 45-200-3759;ВР 45;450;1122 - 3944;152 - 916;987;79;36934;;;
3760;ВО;ВО 101-144-3760;ВО 101;1010;885 - 10510;90 - 1232;4408;70;136499;2900;[1182, 0.02, -1.1788872180995672e-05];[0, 0.0002, -1e-08]
3761;УВО;УВО 86-161-3761;УВО 86;860;982 - 8245;790 - 1033;2677;75;183439;1450;[983, 0.02, -5.2647818237783816e-06];[0, 0.0002, -1e-08]
3762;ВР;ВР 24-194-3762;ВР 24;240;1830 - 8231;65 - 305;4224;82;103933;1450;[305, 0, -3.542468835979132e-06];[0, 0.0002, -1e-08]
3763;Ц;Ц 29-168-3763;Ц 29;290;1637 - 7142;1040 - 1202;544;103;179914;1450;[1202, 0, -3.17596218519059e-06];[0, 0.0002, -1e-08]
3764;ВЦ;ВЦ 94-118-3764;ВЦ 94;940;1406 - 7799;204 - 920;3808;94;67648;;;
3765;УВО;УВО 57-183-3765;УВО 57;570;1239 - 10301;405 - 552;4009;110;170120;2900;[502, 0.02, -2.855699592164217e-06];[0, 0.0002, -1e-08]
3766;ВЦ;ВЦ 23-114-3766;ВЦ 23;230;587 - 3980;162 - 406;3066;89;83809;1450;[406, 0, -1.5403651422943865e-05];[0, 0.0002, -1e-08]
3767;ВКОП;ВКОП 85-116-3767;ВКОП 85;850;1147 - 7419;245 - 1182;2145;63;23133;;;
3768;ВО;ВО 120-187-3768;ВО 120;1200;525 - 6180;221 - 1480;2461;108;83899;;;
3769;УВО;УВО 34-174-3769;УВО 34;340;1009 - 3930;461 - 1297;256;79;148068;;;
3770;УВО;УВО 42-195-3770;УВО 42;420;1109 - 8465;722 - 1409;1500;101;171057;;;
3771;ВЦ;ВЦ 24-163-3771;ВЦ 24;240;539 - 6626;121 - 332;4367;108;29018;;;
3772;ВР;ВР 71-133-3772;ВР 71;710;1770 - 4466;445 - 1142;2169;61;54683;;;
3773;Ц;Ц 51-156-3773;Ц 51;510;773 - 3910;1150 - 1240;298;83;47966;;;
3774;УВО;УВО 22-119-3774;УВО 22;220;1640 - 3304;164 - 345;2861;65;20851;1450;[295, 0.02, -1.8053544313444996e-05];[0, 0.0002, -1e-08]
3775;ВО;ВО 54-162-3775;ВО 54;540;1605 - 6047;233 - 1167;4314;74;89908;1000;[1117, 0.02, -2.748275053615758e-05];[0, 0.0002, -1e-08]
3776;ВР;ВР 67-183-3776;ВР 67;670;1471 - 5915;221 - 395;3658;85;127935;;;
3777;Ц;Ц 84-194-3777;Ц 84;840;1881 - 11805;221 - 932;3004;82;139306;;;
3778;УВО;УВО 77-100-3778;УВО 77;770;1213 - 6019;166 - 1112;3878;107;73193;1450;[1062, 0.02, -2.8054815949305574e-05];[0, 0.0002, -1e-08]
3779;ВЦ;ВЦ 45-177-3779;ВЦ 45;450;1792 - 11676;333 - 914;1519;105;164462;;;
3780;Ц;Ц 79-174-3780;Ц 79;790;1891 - 4775;652 - 1349;2314;76;104636;2900;[1349, 0, -3.056933746333708e-05];[0, 0.0002, -1e-08]
3781;ВКОП;ВКОП 83-151-3781;ВКОП 83;830;1327 - 10895;670 - 729;3101;98;199133;1450;[679, 0.02, -1.9115251953384564e-06];[0, 0.0002, -1e-08]
3782;УВО;УВО 103-161-3782;УВО 103;1030;1666 - 4833;307 - 500;452;79;104315;1450;[450, 0.02, -1.026034501662372e-05];[0, 0.0002, -1e-08]
3783;ВКОП;ВКОП 85-171-3783;ВКОП 85;850;1163 - 3111;833 - 1421;1664;107;126349;1450;[1371, 0.02, -6.201695521361609e-05];[0, 0.0002, -1e-08]
3784;ВЦ;ВЦ 112-136-3784;ВЦ 112;1120;563 - 2003;1256 - 1373;539;70;76926;1000;[1373, 0, -2.916244704336406e-05];[0, 0.0002, -1e-08]
3785;ВКОП;ВКОП 108-170-3785;ВКОП 108;1080;581 - 6798;178 - 606;4700;94;42091;;;
3786;ВЦ;ВЦ 77-139-3786;ВЦ 77;770;612 - 10596;571 - 1310;3725;97;162105;1000;[1310, 0, -6.582040332035522e-06];[0, 0.0002, -1e-08]
3787;ВР;ВР 98-182-3787;ВР 98;980;1036 - 10373;377 - 605;1054;61;145025;1000;[605, 0, -2.118976260486272e-06];[0, 0.0002, -1e-08]
3788;Ц;Ц 109-113-3788;Ц 109;1090;735 - 1975;1044 - 1305;1797;68;181742;;;
3789;ВЦ;ВЦ 109-160-3789;ВЦ 109;1090;931 - 4381;106 - 453;3039;74;152598;1450;[453, 0, -1.807935649578514e-05];[0, 0.0002, -1e-08]
3790;УВО;УВО 32-175-3790;УВО 32;320;1079 - 8686;648 - 1325;516;95;183798;2900;[1275, 0.02, -1.0613069938900889e-05];[0, 0.0002, -1e-08]
3791;ВКОП;ВКОП 107-200-3791;ВКОП 107;1070;1662 - 10961;90 - 441;1870;66;167264;;;
3792;ВЦ;ВЦ 106-109-3792;ВЦ 106;1060;1164 - 10448;216 - 364;958;69;174007;1000;[364, 0, -1.3557992443874308e-06];[0, 0.0002, -1e-08]
3793;ВКОП;ВКОП 48-134-3793;ВКОП 48;480;1225 - 2858;116 - 341;2058;89;105122;1450;[291, 0.02, -2.8422543915621673e-05];[0, 0.0002, -1e-08]
3794;ВКОП;ВКОП 42-198-3794;ВКОП 42;420;1142 - 4917;205 - 1259;882;72;72039;;;
3795;ВР;ВР 46-193-3795;ВР 46;460;755 - 9131;826 - 1283;3269;73;129013;2900;[1283, 0, -5.481248785834429e-06];[0, 0.0002, -1e-08]
3796;Ц;Ц 119-189-3796;Ц 119;1190;1013 - 8045;244 - 541;2858;94;23444;2900;[541, 0, -4.5888551849235245e-06];[0, 0.0002, -1e-08]
3797;ВЦ;ВЦ 24-165-3797;ВЦ 24;240;576 - 7069;1076 - 1396;4200;85;75994;;;
3798;ВКОП;ВКОП 96-184-3798;ВКОП 96;960;1523 - 9840;364 - 672;4654;72;52783;;;
3799;ВЦ;ВЦ 80-112-3799;ВЦ 80;800;646 - 9106;780 - 848;1228;98;111067;2900;[848, 0, -8.200750908992939e-07];[0, 0.0002, -1e-08]
3800;Ц;Ц 79-110-3800;Ц 79;790;544 - 2850;192 - 529;4776;70;195105;1450;[529, 0, -4.14896891351185e-05];[0, 0.0002, -1e-08]
3801;Ц;Ц 23-114-3801;Ц 23;230;1988 - 6908;179 - 568;4777;92;163366;1450;[568, 0, -8.151639095546096e-06];[0, 0.0002, -1e-08]
3802;УВО;УВО 106-140-3802;УВО 106;1060;1544 - 4475;538 - 1304;3452;65;159012;2900;[1254, 0.02, -4.022346368715084e-05];[0, 0.0002, -1e-08]
3803;ВР;ВР 28-144-3803;ВР 28;280;1533 - 4584;790 - 1135;4478;64;56937;;;
3804;ВО;ВО 107-167-3804;ВО 107;1070;783 - 9375;1106 - 1476;396;74;139352;;;
3805;УВО;УВО 20-144-3805;УВО 20;200;947 - 8029;129 - 422;4191;81;175432;;;
3806;Ц;Ц 50-153-3806;Ц 50;500;1475 - 8632;129 - 831;1120;102;52193;;;
3807;УВО;УВО 98-122-3807;УВО 98;980;981 - 9770;792 - 1077;1117;74;138732;2900;[1027, 0.02, -4.509030108042815e-06];[0, 0.0002, -1e-08]
3808;Ц;Ц 102-196-3808;Ц 102;1020;1731 - 3830;783 - 924;3073;68;116289;1450;[924, 0, -9.612172691885554e-06];[0, 0.0002, -1e-08]
3809;ВЦ;ВЦ 44-171-3809;ВЦ 44;440;1765 - 5092;129 - 330;4436;93;132729;;;
3810;УВО;УВО 102-190-3810;УВО 102;1020;1459 - 8236;568 - 1437;4822;99;64440;;;
3811;ВР;ВР 113-191-3811;ВР 113;1130;534 - 3620;252 - 411;4300;84;20180;2900;[411, 0, -1.2133329263453497e-05];[0, 0.0002, -1e-08]
3812;ВЦ;ВЦ 94-166-3812;ВЦ 94;940;504 - 9947;395 - 1474;4984;72;53332;1450;[1474, 0, -1.090528974167289e-05];[0, 0.0002, -1e-08]
3813;Ц;Ц 49-185-3813;Ц 49;490;1267 - 11068;72 - 853;2425;94;195865;1450;[853, 0, -6.375477728178756e-06];[0, 0.0002, -1e-08]
3814;ВЦ;ВЦ 95-188-3814;ВЦ 95;950;1063 - 9342;274 - 483;1961;62;172770;;;
3815;ВР;ВР 87-133-3815;ВР 87;870;1158 - 10571;123 - 1451;402;92;34142;;;
3816;Ц;Ц 26-133-3816;Ц 26;260;1232 - 3341;559 - 1258;1568;81;180114;;;
3817;ВО;ВО 79-173-3817;ВО 79;790;1243 - 6059;127 - 891;651;70;44485;;;
3818;ВР;ВР 100-173-3818;ВР 100;1000;1324 - 4636;154 - 1212;4921;80;98953;2900;[1212, 0, -4.922648351312942e-05];[0, 0.0002, -1e-08]
3819;ВЦ;ВЦ 38-179-3819;ВЦ 38;380;526 - 6516;405 - 834;2263;95;51370;;;
3820;ВКОП;ВКОП 104-125-3820;ВКОП 104;1040;1771 - 5502;821 - 1448;3369;89;105141;;;
3821;ВО;ВО 115-189-3821;ВО 115;1150;1754 - 6469;975 - 1178;1315;104;50745;;;
3822;ВКОП;ВКОП 40-121-3822;ВКОП 40;400;1804 - 4785;492 - 1362;2310;62;61985;;;
3823;ВО;ВО 119-147-3823;ВО 119;1190;953 - 9936;446 - 793;873;80;31964;;;
3824;ВО;ВО 100-144-3824;ВО 100;1000;1793 - 3607;898 - 1048;4742;71;167301;1450;[998, 0.02, -1.3230903868114005e-05];[0, 0.0002, -1e-08]
3825;ВО;ВО 83-149-3825;ВО 83;830;1753 - 11237;661 - 843;1528;65;118030;;;
3826;Ц;Ц 100-101-3826;Ц 100;1000;1498 - 10537;590 - 729;2296;96;67013;;;
3827;ВР;ВР 104-156-3827;ВР 104;1040;859 - 10164;469 - 1463;2359;70;138065;;;
3828;ВО;ВО 90-135-3828;ВО 90;900;693 - 6846;603 - 956;3693;80;123096;;;
3829;ВЦ;ВЦ 47-103-3829;ВЦ 47;470;889 - 4317;308 - 878;2695;94;112628;;;
3830;ВР;ВР 41-117-3830;ВР 41;410;1999 - 6678;91 - 867;2665;65;42442;2900;[867, 0, -1.7400787035803733e-05];[0, 0.0002, -1e-08]
3831;УВО;УВО 53-106-3831;УВО 53;530;1930 - 8521;524 - 1043;2670;61;185274;1450;[993, 0.02, -8.806535407300748e-06];[0, 0.0002, -1e-08]
3832;ВЦ;ВЦ 117-167-3832;ВЦ 117;1170;1581 - 5929;705 - 1166;4915;73;40566;;;
3833;УВО;УВО 84-199-3833;УВО 84;840;1886 - 8966;179 - 370;1167;87;130830;1450;[320, 0.02, -3.984617029689925e-06];[0, 0.0002, -1e-08]
3834;ВО;ВО 66-179-3834;ВО 66;660;1820 - 10829;402 - 626;2904;103;174320;1000;[576, 0.02, -3.3306829483606596e-06];[0, 0.0002, -1e-08]
3835;ВР;ВР 116-190-3835;ВР 116;1160;742 - 3961;71 - 945;883;88;171455;;;
3836;ВО;ВО 83-179-3836;ВО 83;830;845 - 8533;548 - 662;2778;99;93084;;;
3837;ВР;ВР 98-101-3837;ВР 98;980;679 - 9735;89 - 741;300;75;97617;1450;[741, 0, -6.879797953418386e-06];[0, 0.0002, -1e-08]
3838;ВКОП;ВКОП 107-169-3838;ВКОП 107;1070;1617 - 4999;71 - 514;1711;77;103669;2900;[464, 0.02, -1.9727090046935172e-05];[0, 0.0002, -1e-08]
3839;УВО;УВО 119-116-3839;УВО 119;1190;1713 - 9418;560 - 1237;4795;108;84595;;;
3840;Ц;Ц 96-180-3840;Ц 96;960;1833 - 5344;803 - 1130;2552;91;37447;2900;[1130, 0, -1.1450246961167486e-05];[0, 0.0002, -1e-08]
3841;ВЦ;ВЦ 101-162-3841;ВЦ 101;1010;1138 - 2681;263 - 1409;3583;67;188456;1000;[1409, 0, -0.0001594376885931516];[0, 0.0002, -1e-08]
3842;Ц;Ц 47-132-3842;Ц 47;470;1274 - 9159;326 - 583;2714;72;151995;1000;[583, 0, -3.063634879285216e-06];[0, 0.0002, -1e-08]
3843;ВЦ;ВЦ 98-164-3843;ВЦ 98;980;1631 - 4087;90 - 481;3010;84;63944;;;
3844;ВЦ;ВЦ 31-160-3844;ВЦ 31;310;1253 - 10256;98 - 769;4323;76;30609;2900;[769, 0, -6.379204076119363e-06];[0, 0.0002, -1e-08]
3845;ВР;ВР 57-188-3845;ВР 57;570;1537 - 3830;369 - 534;2966;62;110457;1000;[534, 0, -1.1248287192632031e-05];[0, 0.0002, -1e-08]
3846;ВР;ВР 98-142-3846;ВР 98;980;1469 - 4312;320 - 474;1113;71;55362;;;
3847;ВЦ;ВЦ 101-104-3847;ВЦ 101;1010;1159 - 9733;264 - 1103;2156;90;103949;1450;[1103, 0, -8.856630252334052e-06];[0, 0.0002, -1e-08]
3848;ВКОП;ВКОП 103-144-3848;ВКОП 103;1030;954 - 6018;297 - 566;3848;93;169236;;;
3849;Ц;Ц 103-119-3849;Ц 103;1030;1797 - 7318;74 - 679;1231;74;37553;1450;[679, 0, -1.129719341863231e-05];[0, 0.0002, -1e-08]
3850;ВКОП;ВКОП 63-126-3850;ВКОП 63;630;866 - 5298;190 - 681;1334;70;31182;1450;[631, 0.02, -1.9486402056888497e-05];[0, 0.0002, -1e-08]
3851;Ц;Ц 72-193-3851;Ц 72;720;627 - 8080;729 - 1240;4158;70;59034;1450;[1240, 0, -7.827051269483384e-06];[0, 0.0002, -1e-08]
3852;ВКОП;ВКОП 56-172-3852;ВКОП 56;560;1735 - 3805;301 - 1047;2681;65;161702;;;
3853;ВР;ВР 29-121-3853;ВР 29;290;1441 - 3523;458 - 1495;3959;95;96349;;;
3854;УВО;УВО 86-130-3854;УВО 86;860;1441 - 3012;443 - 625;3463;78;183102;;;
3855;ВО;ВО 33-120-3855;ВО 33;330;542 - 8943;247 - 307;394;107;30817;;;
3856;ВКОП;ВКОП 23-127-3856;ВКОП 23;230;812 - 6072;481 - 990;2684;67;36201;2900;[940, 0.02, -1.5743228816780974e-05];[0, 0.0002, -1e-08]
3857;Ц;Ц 96-174-3857;Ц 96;960;1325 - 9462;654 - 780;4644;73;133659;;;
3858;ВЦ;ВЦ 114-191-3858;ВЦ 114;1140;1055 - 7296;412 - 842;1665;103;112563;1450;[842, 0, -8.077906182671592e-06];[0, 0.0002, -1e-08]
3859;ВР;ВР 31-161-3859;ВР 31;310;1717 - 2727;539 - 1440;589;97;76537;;;
3860;ВКОП;ВКОП 71-134-3860;ВКОП 71;710;1373 - 6761;551 - 909;3946;107;88778;;;
3861;ВКОП;ВКОП 81-104-3861;ВКОП 81;810;688 - 5519;322 - 1417;2281;76;122498;1000;[1367, 0.02, -3.793185287110915e-05];[0, 0.0002, -1e-08]
3862;Ц;Ц 58-158-3862;Ц 58;580;1440 - 7518;701 - 1377;4083;106;49742;1000;[1377, 0, -1.1960299449097284e-05];[0, 0.0002, -1e-08]
3863;ВР;ВР 114-108-3863;ВР 114;1140;1559 - 9917;460 - 1163;3590;77;162311;1450;[1163, 0, -7.148167137244168e-06];[0, 0.0002, -1e-08]
3864;УВО;УВО 74-180-3864;УВО 74;740;1577 - 3534;142 - 487;1923;63;90341;;;
3865;ВО;ВО 42-111-3865;ВО 42;420;1146 - 8714;1103 - 1312;377;80;47088;1450;[1262, 0.02, -4.3890865142577615e-06];[0, 0.0002, -1e-08]
3866;ВЦ;ВЦ 120-159-3866;ВЦ 120;1200;938 - 9289;75 - 1291;1999;64;80890;2900;[1291, 0, -1.4092746800474206e-05];[0, 0.0002, -1e-08]
3867;Ц;Ц 94-186-3867;Ц 94;940;1561 - 5935;595 - 891;3114;88;105574;1000;[891, 0, -8.40330766681169e-06];[0, 0.0002, -1e-08]
3868;Ц;Ц 30-149-3868;Ц 30;300;536 - 9899;614 - 733;3899;72;104684;1450;[733, 0, -1.2144071426080655e-06];[0, 0.0002, -1e-08]
3869;Ц;Ц 93-151-3869;Ц 93;930;638 - 8169;79 - 983;3580;103;94366;;;
3870;ВКОП;ВКОП 96-176-3870;ВКОП 96;960;1935 - 4942;744 - 884;4128;108;101024;1000;[834, 0.02, -7.731940612276017e-06];[0, 0.0002, -1e-08]
3871;Ц;Ц 32-145-3871;Ц 32;320;1241 - 2310;317 - 571;4717;97;85944;1450;[571, 0, -4.7600307340567084e-05];[0, 0.0002, -1e-08]
3872;УВО;УВО 55-199-3872;УВО 55;550;1306 - 5396;340 - 916;644;86;14613;;;
3873;ВР;ВР 41-174-3873;ВР 41;410;1484 - 9320;271 - 1288;4133;84;102569;;;
3874;УВО;УВО 105-131-3874;УВО 105;1050;1471 - 9129;307 - 1340;4557;89;84982;1450;[1290, 0.02, -1.3986069199280559e-05];[0, 0.0002, -1e-08]
3875;Ц;Ц 86-163-3875;Ц 86;860;931 - 4906;79 - 309;2521;77;65123;1000;[309, 0, -9.555925346784531e-06];[0, 0.0002, -1e-08]
3876;Ц;Ц 74-106-3876;Ц 74;740;1916 - 10467;166 - 838;3876;82;138065;;;
3877;ВКОП;ВКОП 66-111-3877;ВКОП 66;660;1151 - 2814;279 - 1012;4116;79;97686;1000;[962, 0.02, -9.335998452250879e-05];[0, 0.0002, -1e-08]
3878;УВО;УВО 86-141-3878;УВО 86;860;1774 - 9060;539 - 1024;1474;68;136001;;;
3879;УВО;УВО 99-117-3879;УВО 99;990;1830 - 5428;367 - 945;1154;107;137094;1450;[895, 0.02, -2.1605268459783572e-05];[0, 0.0002, -1e-08]
3880;УВО;УВО 84-163-3880;УВО 84;840;1327 - 6337;726 - 1309;1568;103;189397;;;
3881;ВКОП;ВКОП 105-174-3881;ВКОП 105;1050;868 - 2986;279 - 715;968;90;46058;2900;[665, 0.02, -4.998992844033487e-05];[0, 0.0002, -1e-08]
3882;ВКОП;ВКОП 103-108-3882;ВКОП 103;1030;1228 - 5924;546 - 654;1836;91;198221;;;
3883;ВР;ВР 69-127-3883;ВР 69;690;1679 - 6030;390 - 955;4965;61;85789;;;
3884;УВО;УВО 67-133-3884;УВО 67;670;1430 - 7678;410 - 982;4615;70;73633;;;
3885;ВЦ;ВЦ 20-122-3885;ВЦ 20;200;1810 - 4631;667 - 884;2080;71;172306;2900;[884, 0, -1.0118361043731789e-05];[0, 0.0002, -1e-08]
3886;УВО;УВО 51-193-3886;УВО 51;510;1415 - 4297;570 - 1163;4485;110;177450;;;
3887;УВО;УВО 65-141-3887;УВО 65;650;550 - 4966;245 - 524;3110;96;37578;;;
3888;Ц;Ц 62-138-3888;Ц 62;620;1490 - 4971;879 - 1488;4715;92;74462;;;
3889;ВО;ВО 69-180-3889;ВО 69;690;1584 - 6026;537 - 878;1110;97;72588;1450;[828, 0.02, -1.1332681733508156e-05];[0, 0.0002, -1e-08]
3890;УВО;УВО 92-105-3890;УВО 92;920;1845 - 8887;785 - 845;2833;102;172814;1450;[795, 0.02, -2.3770945328357803e-06];[0, 0.0002, -1e-08]
3891;Ц;Ц 24-116-3891;Ц 24;240;1516 - 6686;174 - 335;2181;87;70481;1450;[335, 0, -3.6015805435550097e-06];[0, 0.0002, -1e-08]
3892;УВО;УВО 28-169-3892;УВО 28;280;1970 - 5754;139 - 350;4177;69;85924;;;
3893;Ц;Ц 95-166-3893;Ц 95;950;1343 - 7569;390 - 965;4169;101;198400;2900;[965, 0, -1.003669748246986e-05];[0, 0.0002, -1e-08]
3894;ВЦ;ВЦ 22-145-3894;ВЦ 22;220;548 - 7414;1221 - 1442;1227;89;185665;1450;[1442, 0, -4.020565209237854e-06];[0, 0.0002, -1e-08]
3895;Ц;Ц 39-167-3895;Ц 39;390;1494 - 7913;1094 - 1356;2994;95;125122;1450;[1356, 0, -4.184262862803339e-06];[0, 0.0002, -1e-08]
3896;ВО;ВО 114-195-3896;ВО 114;1140;1168 - 8872;296 - 477;3304;62;195435;1000;[427, 0.02, -3.918570170610002e-06];[0, 0.0002, -1e-08]
3897;ВКОП;ВКОП 86-153-3897;ВКОП 86;860;731 - 10215;370 - 796;4554;80;68755;;;
3898;ВКОП;ВКОП 49-131-3898;ВКОП 49;490;1998 - 3280;287 - 542;1509;86;36060;;;
3899;УВО;УВО 97-100-3899;УВО 97;970;1156 - 4353;264 - 1067;3572;109;155674;;;
3900;ВО;ВО 108-169-3900;ВО 108;1080;558 - 1671;145 - 1135;2742;68;64518;2900;[1085, 0.02, -0.00034861603994784115];[0, 0.0002, -1e-08]
3901;УВО;УВО 58-139-3901;УВО 58;580;1225 - 2397;234 - 1052;4378;89;57043;1450;[1002, 0.02, -0.00014201105574709313];[0, 0.0002, -1e-08]
3902;Ц;Ц 73-165-3902;Ц 73;730;954 - 8080;512 - 899;4709;99;54824;1000;[899, 0, -5.927727673757474e-06];[0, 0.0002, -1e-08]
3903;Ц;Ц 28-119-3903;Ц 28;280;1509 - 6475;329 - 1491;3815;62;107002;;;
3904;ВР;ВР 53-196-3904;ВР 53;530;1035 - 4116;762 - 1257;1809;107;15064;1000;[1257, 0, -2.9218267898579673e-05];[0, 0.0002, -1e-08]
3905;ВО;ВО 76-174-3905;ВО 76;760;1209 - 9859;167 - 1326;4453;80;27546;;;
3906;Ц;Ц 76-145-3906;Ц 76;760;932 - 2270;59 - 526;4842;83;28228;;;
3907;ВР;ВР 112-121-3907;ВР 112;1120;1497 - 11421;296 - 365;4989;74;132722;1000;[365, 0, -5.289819188690311e-07];[0, 0.0002, -1e-08]
3908;Ц;Ц 66-112-3908;Ц 66;660;1842 - 5745;491 - 889;4987;71;90437;2900;[889, 0, -1.2058769838835146e-05];[0, 0.0002, -1e-08]
3909;УВО;УВО 26-189-3909;УВО 26;260;1063 - 10203;366 - 810;4021;102;116785;2900;[760, 0.02, -5.744986112505186e-06];[0, 0.0002, -1e-08]
3910;ВЦ;ВЦ 38-200-3910;ВЦ 38;380;545 - 7268;187 - 1054;1745;78;148011;;;
3911;ВЦ;ВЦ 63-147-3911;ВЦ 63;630;1168 - 5110;533 - 617;2756;65;155105;1450;[617, 0, -3.2168994450848457e-06];[0, 0.0002, -1e-08]
3912;ВО;ВО 90-112-3912;ВО 90;900;1448 - 5895;502 - 689;3106;82;164097;1000;[639, 0.02, -7.335035441400649e-06];[0, 0.0002, -1e-08]
3913;ВР;ВР 77-142-3913;ВР 77;770;511 - 2405;363 - 1172;3521;105;135234;;;
3914;ВКОП;ВКОП 92-102-3914;ВКОП 92;920;1608 - 8074;602 - 1028;3538;87;195346;;;
3915;ВКОП;ВКОП 87-164-3915;ВКОП 87;870;1817 - 5990;343 - 403;2739;106;14304;1450;[353, 0.02, -3.6176041872793e-06];[0, 0.0002, -1e-08]
3916;Ц;Ц 42-190-3916;Ц 42;420;1562 - 7243;966 - 1246;3478;71;178350;1000;[1246, 0, -5.337293198235514e-06];[0, 0.0002, -1e-08]
3917;ВЦ;ВЦ 28-179-3917;ВЦ 28;280;1284 - 6079;702 - 883;4051;86;35281;;;
3918;ВО;ВО 83-108-3918;ВО 83;830;1427 - 4027;563 - 943;3588;85;172972;2900;[893, 0.02, -2.5315832804507e-05];[0, 0.0002, -1e-08]
3919;Ц;Ц 111-100-3919;Ц 111;1110;1026 - 9708;509 - 645;1599;98;93270;2900;[645, 0, -1.443043334251788e-06];[0, 0.0002, -1e-08]
3920;ВКОП;ВКОП 115-111-3920;ВКОП 115;1150;965 - 6555;525 - 739;2209;80;84645;;;
3921;Ц;Ц 104-195-3921;Ц 104;1040;1700 - 8684;142 - 471;264;79;23740;2900;[471, 0, -4.3627092270478e-06];[0, 0.0002, -1e-08]
3922;ВР;ВР 108-148-3922;ВР 108;1080;1465 - 7997;1134 - 1287;4589;100;13158;;;
3923;УВО;УВО 51-193-3923;УВО 51;510;1918 - 5701;1259 - 1423;104;93;170473;1000;[1373, 0.02, -7.015697569467851e-06];[0, 0.0002, -1e-08]
3924;Ц;Ц 28-104-3924;Ц 28;280;1461 - 5588;816 - 1018;2643;106;11309;;;
3925;Ц;Ц 54-173-3925;Ц 54;540;1807 - 4617;884 - 1119;1272;104;54660;;;
3926;ВКОП;ВКОП 106-169-3926;ВКОП 106;1060;538 - 8582;260 - 354;1820;101;180714;1000;[304, 0.02, -2.927873458514814e-06];[0, 0.0002, -1e-08]
3927;ВКОП;ВКОП 33-140-3927;ВКОП 33;330;1014 - 8238;432 - 1308;2635;98;160320;1450;[1258, 0.02, -1.4599059858031524e-05];[0, 0.0002, -1e-08]
3928;ВР;ВР 28-103-3928;ВР 28;280;710 - 2126;797 - 905;2560;82;130128;1000;[905, 0, -2.3894460821491563e-05];[0, 0.0002, -1e-08]
3929;ВКОП;ВКОП 65-148-3929;ВКОП 65;650;1442 - 9541;900 - 1372;2442;74;149153;;;
3930;УВО;УВО 107-162-3930;УВО 107;1070;895 - 10299;475 - 1487;4404;60;114172;;;
3931;ВР;ВР 77-100-3931;ВР 77;770;1254 - 8906;225 - 495;1870;74;46192;;;
3932;УВО;УВО 61-100-3932;УВО 61;610;1165 - 10170;859 - 915;2488;72;50485;;;
3933;ВО;ВО 97-150-3933;ВО 97;970;652 - 4910;727 - 1387;2937;89;133067;;;
3934;Ц;Ц 73-195-3934;Ц 73;730;1133 - 5180;400 - 985;2164;103;196683;1450;[985, 0, -2.180200056647933e-05];[0, 0.0002, -1e-08]
3935;УВО;УВО 116-147-3935;УВО 116;1160;1838 - 11433;329 - 603;2182;90;144786;;;
3936;ВР;ВР 101-133-3936;ВР 101;1010;1406 - 9557;207 - 1040;574;91;55180;1450;[1040, 0, -9.120146810495798e-06];[0, 0.0002, -1e-08]
3937;ВО;ВО 66-130-3937;ВО 66;660;706 - 4726;187 - 1400;2926;70;14350;2900;[1350, 0.02, -5.630247239812392e-05];[0, 0.0002, -1e-08]
3938;ВКОП;ВКОП 79-132-3938;ВКОП 79;790;762 - 9813;136 - 416;3388;63;112343;;;
3939;ВР;ВР 113-104-3939;ВР 113;1130;1984 - 6466;424 - 1013;1902;69;48140;;;
3940;УВО;УВО 111-110-3940;УВО 111;1110;1835 - 10671;407 - 1381;2898;97;163692;1450;[1331, 0.02, -9.988737970616924e-06];[0, 0.0002, -1e-08]
3941;ВЦ;ВЦ 84-136-3941;ВЦ 84;840;1545 - 3268;586 - 1375;4924;104;57928;1450;[1375, 0, -7.387762195332058e-05];[0, 0.0002, -1e-08]
3942;ВР;ВР 38-121-3942;ВР 38;380;1114 - 8355;375 - 1182;3772;106;95816;;;
3943;УВО;УВО 67-130-3943;УВО 67;670;1641 - 3530;438 - 557;2603;100;46525;;;
3944;УВО;УВО 50-110-3944;УВО 50;500;1860 - 11755;149 - 451;4754;101;48921;;;
3945;ВО;ВО 112-109-3945;ВО 112;1120;575 - 3436;608 - 1465;2500;94;54189;;;
3946;ВО;ВО 108-180-3946;ВО 108;1080;1058 - 5595;173 - 1041;4306;71;96333;1000;[991, 0.02, -2.9705445226292785e-05];[0, 0.0002, -1e-08]
3947;Ц;Ц 99-166-3947;Ц 99;990;1080 - 10715;255 - 427;2765;82;178323;1450;[427, 0, -1.4981113562720022e-06];[0, 0.0002, -1e-08]
3948;Ц;Ц 86-125-3948;Ц 86;860;1957 - 10085;188 - 1115;4633;61;24458;;;
3949;УВО;УВО 112-127-3949;УВО 112;1120;1855 - 3188;209 - 1097;2727;66;98763;;;
3950;ВЦ;ВЦ 109-166-3950;ВЦ 109;1090;1964 - 3447;285 - 712;1940;98;105851;1450;[712, 0, -3.593728867380379e-05];[0, 0.0002, -1e-08]
3951;ВЦ;ВЦ 54-173-3951;ВЦ 54;540;735 - 5835;552 - 1235;465;90;60810;;;
3952;ВР;ВР 109-128-3952;ВР 109;1090;1318 - 9280;99 - 382;422;85;22022;;;
3953;ВО;ВО 87-165-3953;ВО 87;870;1416 - 3626;168 - 335;1965;86;110181;1450;[285, 0.02, -1.441449554285422e-05];[0, 0.0002, -1e-08]
3954;УВО;УВО 67-100-3954;УВО 67;670;1454 - 8030;314 - 755;3561;88;140534;1000;[705, 0.02, -8.554471168981823e-06];[0, 0.0002, -1e-08]
3955;ВКОП;ВКОП 75-128-3955;ВКОП 75;750;1227 - 6061;126 - 484;2122;75;34575;1000;[434, 0.02, -1.1683995531216062e-05];[0, 0.0002, -1e-08]
3956;ВО;ВО 59-199-3956;ВО 59;590;1989 - 4278;452 - 864;4034;107;192219;1450;[814, 0.02, -2.445511473402631e-05];[0, 0.0002, -1e-08]
3957;Ц;Ц 93-113-3957;Ц 93;930;784 - 10632;406 - 497;3037;74;161897;;;
3958;УВО;УВО 60-140-3958;УВО 60;600;706 - 3625;794 - 982;186;79;24377;;;
3959;Ц;Ц 67-159-3959;Ц 67;670;1541 - 4294;248 - 985;1677;86;154251;2900;[985, 0, -3.997085219158501e-05];[0, 0.0002, -1e-08]
3960;ВЦ;ВЦ 25-149-3960;ВЦ 25;250;763 - 5709;179 - 420;3335;110;185740;;;
3961;УВО;УВО 87-170-3961;УВО 87;870;1867 - 8884;375 - 1221;579;84;103798;;;
3962;ВР;ВР 79-187-3962;ВР 79;790;1876 - 6093;396 - 704;147;104;110019;1000;[704, 0, -8.296374734748333e-06];[0, 0.0002, -1e-08]
3963;ВЦ;ВЦ 28-158-3963;ВЦ 28;280;874 - 8782;532 - 1497;4229;79;65059;1000;[1497, 0, -1.2512395050827812e-05];[0, 0.0002, -1e-08]
3964;УВО;УВО 30-170-3964;УВО 30;300;797 - 7615;248 - 798;2761;85;37360;;;
3965;ВО;ВО 35-132-3965;ВО 35;350;786 - 9245;58 - 416;2436;99;121115;1000;[366, 0.02, -5.766934080105861e-06];[0, 0.0002, -1e-08]
3966;ВР;ВР 102-115-3966;ВР 102;1020;1737 - 10579;90 - 1389;2995;70;78863;1000;[1389, 0, -1.1606998192498195e-05];[0, 0.0002, -1e-08]
3967;УВО;УВО 70-139-3967;УВО 70;700;1217 - 5974;166 - 401;2184;92;66038;1450;[351, 0.02, -8.53155774117258e-06];[0, 0.0002, -1e-08]
3968;ВКОП;ВКОП 116-173-3968;ВКОП 116;1160;585 - 9732;147 - 526;915;98;75787;;;
3969;ВКОП;ВКОП 43-170-3969;ВКОП 43;430;646 - 4864;124 - 967;3702;74;96147;1450;[917, 0.02, -3.763045630626731e-05];[0, 0.0002, -1e-08]
3970;ВЦ;ВЦ 27-124-3970;ВЦ 27;270;714 - 1828;221 - 377;2425;63;62733;;;
3971;Ц;Ц 53-184-3971;Ц 53;530;1085 - 2653;451 - 1445;3594;89;73660;2900;[1445, 0, -0.00014122509788788915];[0, 0.0002, -1e-08]
3972;ВО;ВО 104-132-3972;ВО 104;1040;1689 - 3919;260 - 378;3540;61;141801;;;
3973;ВР;ВР 37-128-3973;ВР 37;370;604 - 9680;1136 - 1469;2524;94;179818;1450;[1469, 0, -3.5538043849463835e-06];[0, 0.0002, -1e-08]
3974;ВО;ВО 26-114-3974;ВО 26;260;697 - 3391;708 - 1171;2712;99;14880;;;
3975;ВО;ВО 120-138-3975;ВО 120;1200;1653 - 5519;475 - 911;1031;83;64983;1450;[861, 0.02, -1.6296467939691842e-05];[0, 0.0002, -1e-08]
3976;ВО;ВО 45-190-3976;ВО 45;450;992 - 10469;536 - 911;2929;90;24799;;;
3977;ВЦ;ВЦ 52-196-3977;ВЦ 52;520;1030 - 8361;331 - 615;4111;97;128263;;;
3978;ВО;ВО 63-144-3978;ВО 63;630;1178 - 9672;167 - 577;891;99;155195;;;
3979;ВР;ВР 110-140-3979;ВР 110;1100;1715 - 4281;519 - 715;153;109;57104;;;
3980;ВР;ВР 93-168-3980;ВР 93;930;1501 - 8855;296 - 1082;4760;74;20310;1000;[1082, 0, -1.0024100564939688e-05];[0, 0.0002, -1e-08]
3981;ВР;ВР 66-171-3981;ВР 66;660;1127 - 3427;173 - 1266;451;98;155392;2900;[1266, 0, -9.306619390516053e-05];[0, 0.0002, -1e-08]
3982;ВКОП;ВКОП 107-174-3982;ВКОП 107;1070;923 - 7947;580 - 1107;3069;89;46395;;;
3983;ВО;ВО 84-123-3983;ВО 84;840;1491 - 2611;192 - 326;1184;94;28717;2900;[276, 0.02, -1.9981456058765606e-05];[0, 0.0002, -1e-08]
3984;ВР;ВР 46-195-3984;ВР 46;460;1477 - 3507;459 - 787;1507;79;31306;;;
3985;ВО;ВО 53-185-3985;ВО 53;530;855 - 3267;457 - 641;589;63;178646;2900;[591, 0.02, -1.8676529793206198e-05];[0, 0.0002, -1e-08]
3986;ВР;ВР 34-122-3986;ВР 34;340;755 - 7897;675 - 829;1525;71;96914;;;
3987;ВКОП;ВКОП 97-190-3987;ВКОП 97;970;1973 - 7913;988 - 1073;4813;100;113083;1450;[1023, 0.02, -3.086452827730432e-06];[0, 0.0002, -1e-08]
3988;ВО;ВО 92-174-3988;ВО 92;920;1718 - 9125;293 - 908;3646;96;12147;1450;[858, 0.02, -8.977294051416777e-06];[0, 0.0002, -1e-08]
3989;УВО;УВО 31-102-3989;УВО 31;310;780 - 2336;571 - 834;1329;80;170394;;;
3990;ВР;ВР 114-196-3990;ВР 114;1140;1909 - 10777;663 - 1231;1951;96;140376;2900;[1231, 0, -4.890492193513091e-06];[0, 0.0002, -1e-08]
3991;УВО;УВО 116-181-3991;УВО 116;1160;1743 - 7183;266 - 519;4404;61;102385;1000;[469, 0.02, -6.718804428813534e-06];[0, 0.0002, -1e-08]
3992;ВЦ;ВЦ 39-179-3992;ВЦ 39;390;1543 - 9936;266 - 348;638;83;58838;;;
3993;ВКОП;ВКОП 35-120-3993;ВКОП 35;350;783 - 6798;456 - 1385;2805;76;185695;2900;[1335, 0.02, -2.1962744351111006e-05];[0, 0.0002, -1e-08]
3994;УВО;УВО 70-191-3994;УВО 70;700;1216 - 4381;127 - 670;586;70;63812;;;
3995;Ц;Ц 25-132-3995;Ц 25;250;825 - 4695;1150 - 1275;4134;68;17713;;;
3996;ВР;ВР 79-124-3996;ВР 79;790;939 - 8849;1000 - 1097;939;84;62078;;;
3997;УВО;УВО 79-133-3997;УВО 79;790;705 - 5788;1002 - 1282;3795;60;24718;;;
3998;ВО;ВО 61-116-3998;ВО 61;610;1716 - 6348;769 - 920;1265;94;41670;2900;[870, 0.02, -5.65698219901857e-06];[0, 0.0002, -1e-08]
3999;ВЦ;ВЦ 31-146-3999;ВЦ 31;310;500 - 8210;618 - 862;367;108;113342;;;
4000;Ц;Ц 63-147-4000;Ц 63;630;1656 - 7970;399 - 1383;1282;87;23805;;;
4001;Ц;Ц 73-192-4001;Ц 73;730;1763 - 5550;154 - 476;951;89;180039;;;
4002;Ц;Ц 20-200-4002;Ц 20;200;1456 - 9936;252 - 435;3860;65;95683;1000;[435, 0, -1.8536508047640163e-06];[0, 0.0002, -1e-08]
4003;ВЦ;ВЦ 74-108-4003;ВЦ 74;740;1786 - 5577;313 - 447;4263;93;103072;2900;[447, 0, -4.308275918322676e-06];[0, 0.0002, -1e-08]
4004;ВКОП;ВКОП 73-128-4004;ВКОП 73;730;940 - 7230;172 - 748;1892;97;110411;;;
4005;Ц;Ц 86-139-4005;Ц 86;860;912 - 5593;516 - 1453;2177;97;135398;2900;[1453, 0, -2.995366388773175e-05];[0, 0.0002, -1e-08]
4006;ВКОП;ВКОП 29-188-4006;ВКОП 29;290;851 - 5954;1058 - 1406;1260;110;149263;;;
4007;ВО;ВО 100-189-4007;ВО 100;1000;1641 - 3074;412 - 1199;3663;82;73156;;;
4008;ВКОП;ВКОП 60-142-4008;ВКОП 60;600;687 - 5407;270 - 641;4417;92;109278;1000;[591, 0.02, -1.4678654816248478e-05];[0, 0.0002, -1e-08]
4009;ВКОП;ВКОП 77-113-4009;ВКОП 77;770;1608 - 9915;663 - 1477;1932;65;119651;2900;[1427, 0.02, -9.788700677900327e-06];[0, 0.0002, -1e-08]
4010;ВЦ;ВЦ 69-195-4010;ВЦ 69;690;1513 - 6330;787 - 1064;2186;96;79050;;;
4011;УВО;УВО 94-108-4011;УВО 94;940;1396 - 9153;217 - 496;3805;60;49430;;;
4012;ВР;ВР 77-196-4012;ВР 77;770;1301 - 7608;454 - 757;1450;101;146147;;;
4013;ВО;ВО 63-101-4013;ВО 63;630;1688 - 5571;296 - 735;436;76;123723;1000;[685, 0.02, -1.6123834866695786e-05];[0, 0.0002, -1e-08]
4014;ВР;ВР 35-115-4014;ВР 35;350;1051 - 8711;293 - 728;1973;61;89348;1000;[728, 0, -5.732620989502833e-06];[0, 0.0002, -1e-08]
4015;ВР;ВР 70-117-4015;ВР 70;700;1076 - 4958;925 - 1325;2295;81;105773;2900;[1325, 0, -1.627222521540765e-05];[0, 0.0002, -1e-08]
4016;ВКОП;ВКОП 64-152-4016;ВКОП 64;640;1367 - 7395;208 - 342;2312;98;61469;2900;[292, 0.02, -4.240571517128919e-06];[0, 0.0002, -1e-08]
4017;УВО;УВО 88-123-4017;УВО 88;880;1879 - 9996;317 - 951;3169;105;47377;;;
4018;ВКОП;ВКОП 94-107-4018;ВКОП 94;940;1595 - 11483;705 - 763;4735;86;138017;1000;[713, 0.02, -1.8023758644717097e-06];[0, 0.0002, -1e-08]
4019;ВР;ВР 31-136-4019;ВР 31;310;1463 - 7245;1091 - 1255;3525;72;60050;;;
4020;ВО;ВО 98-127-4020;ВО 98;980;519 - 4556;798 - 1041;3375;89;134903;2900;[991, 0.02, -1.3687822828737068e-05];[0, 0.0002, -1e-08]
4021;ВР;ВР 32-164-4021;ВР 32;320;1189 - 5397;435 - 1479;1824;65;158938;;;
4022;Ц;Ц 75-148-4022;Ц 75;750;1213 - 9341;1181 - 1291;3503;72;197117;1450;[1291, 0, -1.2606831291177564e-06];[0, 0.0002, -1e-08]
4023;ВР;ВР 21-120-4023;ВР 21;210;746 - 3212;560 - 1200;2337;95;25473;;;
4024;УВО;УВО 21-187-4024;УВО 21;210;1798 - 3272;660 - 912;2211;107;64211;;;
4025;ВЦ;ВЦ 105-105-4025;ВЦ 105;1050;1623 - 7116;1062 - 1323;482;75;128273;;;
4026;ВЦ;ВЦ 29-183-4026;ВЦ 29;290;1655 - 6145;61 - 1016;1852;103;129990;;;
4027;УВО;УВО 85-105-4027;УВО 85;850;1799 - 8495;318 - 1090;1611;100;142063;1000;[1040, 0.02, -1.2359172604734772e-05];[0, 0.0002, -1e-08]
4028;Ц;Ц 74-151-4028;Ц 74;740;1359 - 8206;525 - 1030;2561;90;43221;;;
4029;УВО;УВО 31-153-4029;УВО 31;310;925 - 10379;346 - 420;2272;61;11376;1000;[370, 0.02, -2.149760236938148e-06];[0, 0.0002, -1e-08]
4030;Ц;Ц 30-136-4030;Ц 30;300;1001 - 5941;397 - 860;4097;83;116399;1000;[860, 0, -1.3117826613554297e-05];[0, 0.0002, -1e-08]
4031;Ц;Ц 88-135-4031;Ц 88;880;1417 - 3576;415 - 654;823;98;159681;1000;[654, 0, -1.8689723686120246e-05];[0, 0.0002, -1e-08]
4032;УВО;УВО 91-192-4032;УВО 91;910;1705 - 8772;696 - 914;4789;63;187747;1000;[864, 0.02, -4.463274827317113e-06];[0, 0.0002, -1e-08]
4033;УВО;УВО 26-146-4033;УВО 26;260;1204 - 3286;479 - 832;4426;89;52863;1000;[782, 0.02, -3.414770940291889e-05];[0, 0.0002, -1e-08]
4034;ВО;ВО 71-105-4034;ВО 71;710;1212 - 9786;240 - 771;2471;100;66369;;;
4035;ВЦ;ВЦ 81-134-4035;ВЦ 81;810;1653 - 8894;199 - 427;3007;94;161291;1450;[427, 0, -2.8823093912365354e-06];[0, 0.0002, -1e-08]
4036;ВКОП;ВКОП 33-100-4036;ВКОП 33;330;1276 - 9858;582 - 1119;2139;106;47141;;;
4037;УВО;УВО 80-128-4037;УВО 80;800;1951 - 11940;271 - 339;280;73;150954;;;
4038;УВО;УВО 54-134-4038;УВО 54;540;1839 - 10573;420 - 870;2725;101;109817;2900;[820, 0.02, -5.469801771524825e-06];[0, 0.0002, -1e-08]
4039;ВР;ВР 91-171-4039;ВР 91;910;1887 - 4912;267 - 343;330;63;188412;;;
4040;ВО;ВО 114-140-4040;ВО 114;1140;1170 - 5402;1085 - 1371;2394;95;41419;1450;[1321, 0.02, -1.1789619240943713e-05];[0, 0.0002, -1e-08]
4041;ВО;ВО 92-132-4041;ВО 92;920;699 - 7675;57 - 1155;2673;82;191846;1000;[1105, 0.02, -2.0397033390274698e-05];[0, 0.0002, -1e-08]
4042;ВР;ВР 37-183-4042;ВР 37;370;1418 - 6606;386 - 1190;2061;77;84800;;;
4043;ВР;ВР 45-153-4043;ВР 45;450;1567 - 8979;742 - 844;4200;98;92774;1000;[844, 0, -1.2651564345465551e-06];[0, 0.0002, -1e-08]
4044;ВР;ВР 113-126-4044;ВР 113;1130;1375 - 10042;516 - 728;2562;109;56079;;;
4045;Ц;Ц 48-100-4045;Ц 48;480;1822 - 5606;124 - 732;1322;107;48074;1000;[732, 0, -1.9346276586334223e-05];[0, 0.0002, -1e-08]
4046;ВР;ВР 89-116-4046;ВР 89;890;873 - 3807;194 - 431;1240;84;55580;2900;[431, 0, -1.6352441057212222e-05];[0, 0.0002, -1e-08]
4047;ВЦ;ВЦ 103-178-4047;ВЦ 103;1030;979 - 9683;230 - 471;4470;75;27982;2900;[471, 0, -2.5703790858002033e-06];[0, 0.0002, -1e-08]
4048;Ц;Ц 88-163-4048;Ц 88;880;532 - 2146;803 - 854;4466;82;139099;;;
4049;ВЦ;ВЦ 76-155-4049;ВЦ 76;760;930 - 10267;791 - 892;215;71;114626;;;
4050;ВО;ВО 63-105-4050;ВО 63;630;1297 - 3174;619 - 1389;2400;90;199498;;;
4051;УВО;УВО 48-173-4051;УВО 48;480;838 - 9215;293 - 587;2750;88;33363;;;
4052;УВО;УВО 23-147-4052;УВО 23;230;999 - 5199;211 - 495;2916;85;134360;1000;[445, 0.02, -1.2504069149966365e-05];[0, 0.0002, -1e-08]
4053;ВР;ВР 110-108-4053;ВР 110;1100;671 - 6695;344 - 507;3227;102;58899;;;
4054;ВР;ВР 116-182-4054;ВР 116;1160;1243 - 9929;402 - 1204;3980;78;129655;;;
4055;Ц;Ц 74-165-4055;Ц 74;740;741 - 7188;475 - 781;920;104;37293;;;
4056;ВР;ВР 30-199-4056;ВР 30;300;1959 - 7581;1024 - 1208;1735;103;90496;;;
4057;УВО;УВО 80-154-4057;УВО 80;800;1663 - 5767;250 - 951;3771;90;21558;2900;[901, 0.02, -2.3042075315419866e-05];[0, 0.0002, -1e-08]
4058;ВЦ;ВЦ 27-181-4058;ВЦ 27;270;787 - 2363;816 - 1110;1477;69;125418;2900;[1110, 0, -5.265260794277127e-05];[0, 0.0002, -1e-08]
4059;Ц;Ц 115-148-4059;Ц 115;1150;1519 - 4403;1017 - 1288;4212;100;58409;;;
4060;ВЦ;ВЦ 41-116-4060;ВЦ 41;410;671 - 3601;437 - 541;4548;68;16605;1450;[541, 0, -8.020235053038817e-06];[0, 0.0002, -1e-08]
4061;ВО;ВО 96-147-4061;ВО 96;960;1943 - 7874;157 - 605;1999;72;11574;;;
4062;ВО;ВО 34-130-4062;ВО 34;340;1979 - 6137;1096 - 1376;4773;92;106434;;;
4063;Ц;Ц 52-186-4063;Ц 52;520;761 - 6470;233 - 409;3797;68;108535;;;
4064;ВО;ВО 25-101-4064;ВО 25;250;1408 - 7439;285 - 961;3292;89;23722;;;
4065;ВЦ;ВЦ 116-157-4065;ВЦ 116;1160;1607 - 6507;420 - 841;4755;70;83930;1000;[841, 0, -9.943069667452027e-06];[0, 0.0002, -1e-08]
4066;ВР;ВР 79-139-4066;ВР 79;790;707 - 9196;707 - 968;4630;71;114837;;;
4067;ВО;ВО 92-102-4067;ВО 92;920;798 - 6810;418 - 1012;1090;109;143350;1450;[962, 0.02, -1.4667037547357368e-05];[0, 0.0002, -1e-08]
4068;Ц;Ц 114-116-4068;Ц 114;1140;683 - 10333;845 - 1051;2210;89;119551;;;
4069;ВР;ВР 111-172-4069;ВР 111;1110;504 - 5885;168 - 618;2158;98;53580;;;
4070;ВКОП;ВКОП 58-126-4070;ВКОП 58;580;1455 - 4910;247 - 910;2078;64;123351;;;
4071;УВО;УВО 83-169-4071;УВО 83;830;1566 - 7932;478 - 1191;1351;73;36543;1000;[1141, 0.02, -1.3059187663978919e-05];[0, 0.0002, -1e-08]
4072;УВО;УВО 47-182-4072;УВО 47;470;1777 - 4940;689 - 770;4375;65;50661;;;
4073;Ц;Ц 87-102-4073;Ц 87;870;1831 - 5775;681 - 1216;3894;76;199497;1000;[1216, 0, -1.6041678379340716e-05];[0, 0.0002, -1e-08]
4074;ВО;ВО 53-175-4074;ВО 53;530;828 - 4613;66 - 1230;1700;101;68747;1450;[1180, 0.02, -5.668576571484399e-05];[0, 0.0002, -1e-08]
4075;ВЦ;ВЦ 65-182-4075;ВЦ 65;650;1245 - 8997;280 - 652;4653;94;12254;;;
4076;ВЦ;ВЦ 34-112-4076;ВЦ 34;340;1736 - 7577;55 - 1065;2023;60;181261;;;
4077;ВО;ВО 106-137-4077;ВО 106;1060;1763 - 9820;348 - 503;1600;96;131848;;;
4078;ВР;ВР 58-171-4078;ВР 58;580;1166 - 4007;544 - 1490;740;82;172912;1000;[1490, 0, -5.891860444621214e-05];[0, 0.0002, -1e-08]
4079;ВО;ВО 119-118-4079;ВО 119;1190;1788 - 5535;1034 - 1440;1918;85;66190;1450;[1390, 0.02, -1.5233600092700717e-05];[0, 0.0002, -1e-08]
4080;ВЦ;ВЦ 85-115-4080;ВЦ 85;850;1686 - 9442;309 - 976;3247;63;29674;1000;[976, 0, -7.481657824102389e-06];[0, 0.0002, -1e-08]
4081;Ц;Ц 26-140-4081;Ц 26;260;1201 - 6809;184 - 1393;4262;82;116614;1000;[1393, 0, -2.6077120419849833e-05];[0, 0.0002, -1e-08]
4082;ВЦ;ВЦ 115-104-4082;ВЦ 115;1150;637 - 2231;238 - 350;4549;75;61024;;;
4083;ВКОП;ВКОП 76-105-4083;ВКОП 76;760;722 - 1928;151 - 380;2011;73;80708;1450;[330, 0.02, -5.8528176167765704e-05];[0, 0.0002, -1e-08]
4084;ВЦ;ВЦ 91-138-4084;ВЦ 91;910;1153 - 10068;829 - 1067;842;103;34149;2900;[1067, 0, -2.34795918544521e-06];[0, 0.0002, -1e-08]
4085;УВО;УВО 54-152-4085;УВО 54;540;1390 - 10652;110 - 708;1996;94;172664;1450;[658, 0.02, -6.7072604102138744e-06];[0, 0.0002, -1e-08]
4086;ВКОП;ВКОП 93-114-4086;ВКОП 93;930;1309 - 3258;772 - 1243;3641;95;108554;;;
4087;ВР;ВР 105-116-4087;ВР 105;1050;1331 - 7256;818 - 1262;3727;69;147658;2900;[1262, 0, -8.433122753446488e-06];[0, 0.0002, -1e-08]
4088;ВЦ;ВЦ 42-200-4088;ВЦ 42;420;1712 - 4015;892 - 1365;2526;76;18396;;;
4089;ВЦ;ВЦ 114-194-4089;ВЦ 114;1140;1060 - 4052;240 - 1489;4910;107;30806;;;
4090;ВО;ВО 75-143-4090;ВО 75;750;1993 - 3395;884 - 1205;627;78;51292;;;
4091;ВО;ВО 104-173-4091;ВО 104;1040;821 - 10332;801 - 1133;4488;92;37150;1450;[1083, 0.02, -4.577414282521786e-06];[0, 0.0002, -1e-08]
4092;УВО;УВО 46-114-4092;УВО 46;460;931 - 8827;633 - 1396;4304;90;169311;2900;[1346, 0.02, -1.1416664235627608e-05];[0, 0.0002, -1e-08]
4093;ВО;ВО 92-196-4093;ВО 92;920;1949 - 3283;276 - 730;4713;89;84357;2900;[680, 0.02, -4.357544273386497e-05];[0, 0.0002, -1e-08]
4094;УВО;УВО 49-165-4094;УВО 49;490;1777 - 3785;511 - 935;797;85;17863;;;
4095;ВЦ;ВЦ 55-117-4095;ВЦ 55;550;988 - 8920;464 - 1107;1301;64;176412;2900;[1107, 0, -8.0813006495204e-06];[0, 0.0002, -1e-08]
4096;ВКОП;ВКОП 66-125-4096;ВКОП 66;660;1186 - 8319;221 - 407;668;85;142498;;;
4097;ВО;ВО 86-162-4097;ВО 86;860;553 - 6870;253 - 577;4286;94;24727;1000;[527, 0.02, -8.716674188347115e-06];[0, 0.0002, -1e-08]
4098;ВР;ВР 37-188-4098;ВР 37;370;1075 - 8675;181 - 485;1152;66;71518;;;
4099;УВО;УВО 89-133-4099;УВО 89;890;1309 - 4894;62 - 675;4320;70;186817;2900;[625, 0.02, -2.7592730496246622e-05];[0, 0.0002, -1e-08]
4100;ВЦ;ВЦ 119-148-4100;ВЦ 119;1190;1020 - 8319;463 - 718;2844;97;134381;1000;[718, 0, -3.6846643446345457e-06];[0, 0.0002, -1e-08]
4101;УВО;УВО 109-106-4101;УВО 109;1090;1465 - 9406;344 - 545;4321;66;185386;1000;[495, 0.02, -3.8330409121281025e-06];[0, 0.0002, -1e-08]
4102;УВО;УВО 81-181-4102;УВО 81;810;677 - 10556;305 - 419;2458;84;85194;2900;[369, 0.02, -2.469013131359109e-06];[0, 0.0002, -1e-08]
4103;ВЦ;ВЦ 120-146-4103;ВЦ 120;1200;1650 - 4904;418 - 1307;1774;100;106262;;;
4104;УВО;УВО 79-172-4104;УВО 79;790;1719 - 5953;178 - 364;452;76;152088;1450;[314, 0.02, -7.197316320359192e-06];[0, 0.0002, -1e-08]
4105;УВО;УВО 74-191-4105;УВО 74;740;1174 - 3905;340 - 1479;4039;98;49911;;;
4106;УВО;УВО 99-129-4106;УВО 99;990;1387 - 4292;153 - 1017;1707;100;190454;;;
4107;ВКОП;ВКОП 55-120-4107;ВКОП 55;550;1209 - 6990;515 - 880;4310;98;193590;2900;[830, 0.02, -9.30820853825514e-06];[0, 0.0002, -1e-08]
4108;ВР;ВР 62-156-4108;ВР 62;620;1350 - 4604;288 - 1159;1337;65;55883;;;
4109;ВР;ВР 97-193-4109;ВР 97;970;1313 - 10399;302 - 510;3200;60;75616;;;
4110;ВКОП;ВКОП 28-165-4110;ВКОП 28;280;1203 - 6067;670 - 1367;166;92;12205;1000;[1317, 0.02, -2.0873989149622523e-05];[0, 0.0002, -1e-08]
4111;Ц;Ц 109-162-4111;Ц 109;1090;1644 - 7568;109 - 393;2414;61;166489;1000;[393, 0, -4.9585659436192896e-06];[0, 0.0002, -1e-08]
4112;Ц;Ц 108-116-4112;Ц 108;1080;605 - 6241;203 - 787;3020;108;38856;1450;[787, 0, -1.4993550334336918e-05];[0, 0.0002, -1e-08]
4113;ВО;ВО 28-190-4113;ВО 28;280;1539 - 10473;389 - 883;4302;92;124401;;;
4114;ВО;ВО 60-115-4114;ВО 60;600;1170 - 9978;387 - 663;770;79;149297;;;
4115;ВЦ;ВЦ 98-113-4115;ВЦ 98;980;1974 - 4557;894 - 1467;2746;92;165083;2900;[1467, 0, -2.7592850302430642e-05];[0, 0.0002, -1e-08]
4116;ВЦ;ВЦ 54-182-4116;ВЦ 54;540;557 - 4712;557 - 1215;2557;94;124328;;;
4117;УВО;УВО 77-141-4117;УВО 77;770;1494 - 10217;370 - 1085;4308;63;117254;1450;[1035, 0.02, -8.328041411328177e-06];[0, 0.0002, -1e-08]
4118;ВКОП;ВКОП 104-173-4118;ВКОП 104;1040;1766 - 11440;361 - 686;3985;92;47928;1450;[636, 0.02, -3.849515868746638e-06];[0, 0.0002, -1e-08]
4119;УВО;УВО 62-117-4119;УВО 62;620;1455 - 3695;254 - 307;1339;64;134518;;;
4120;УВО;УВО 55-149-4120;УВО 55;550;1564 - 9069;128 - 458;2007;60;107689;1000;[408, 0.02, -5.609704192484857e-06];[0, 0.0002, -1e-08]
4121;УВО;УВО 51-187-4121;УВО 51;510;1276 - 11054;232 - 838;1421;93;149830;;;
4122;Ц;Ц 64-106-4122;Ц 64;640;922 - 5152;408 - 943;2406;72;92387;1000;[943, 0, -2.015589435206975e-05];[0, 0.0002, -1e-08]
4123;ВЦ;ВЦ 76-192-4123;ВЦ 76;760;1145 - 8570;127 - 409;4311;70;88848;1450;[409, 0, -3.839613097709984e-06];[0, 0.0002, -1e-08]
4124;Ц;Ц 52-145-4124;Ц 52;520;1260 - 5090;264 - 1071;3288;68;48470;;;
4125;ВКОП;ВКОП 34-124-4125;ВКОП 34;340;1850 - 7114;565 - 1063;2262;104;65167;;;
4126;ВР;ВР 103-167-4126;ВР 103;1030;892 - 5215;153 - 309;3856;63;162023;;;
4127;ВЦ;ВЦ 86-165-4127;ВЦ 86;860;1211 - 2926;286 - 606;1066;96;163540;1000;[606, 0, -3.737673270356654e-05];[0, 0.0002, -1e-08]
4128;ВО;ВО 35-133-4128;ВО 35;350;610 - 1696;401 - 634;2043;82;49180;1450;[584, 0.02, -7.541329209683162e-05];[0, 0.0002, -1e-08]
4129;УВО;УВО 76-111-4129;УВО 76;760;1369 - 5651;308 - 658;1588;86;39797;1000;[608, 0.02, -1.2933631045048474e-05];[0, 0.0002, -1e-08]
4130;Ц;Ц 107-160-4130;Ц 107;1070;1030 - 3247;399 - 519;359;64;13798;2900;[519, 0, -1.138194987787642e-05];[0, 0.0002, -1e-08]
4131;ВКОП;ВКОП 54-137-4131;ВКОП 54;540;1040 - 8499;185 - 384;2618;64;85621;1450;[334, 0.02, -4.415987091551132e-06];[0, 0.0002, -1e-08]
4132;ВЦ;ВЦ 58-140-4132;ВЦ 58;580;951 - 7989;678 - 810;2841;109;28970;1450;[810, 0, -2.0681835947258873e-06];[0, 0.0002, -1e-08]
4133;ВР;ВР 63-142-4133;ВР 63;630;1622 - 4787;655 - 1350;3889;94;75414;1000;[1350, 0, -3.0328990120124183e-05];[0, 0.0002, -1e-08]
4134;УВО;УВО 54-105-4134;УВО 54;540;1324 - 4987;195 - 765;3810;89;20831;1000;[715, 0.02, -2.491901040157789e-05];[0, 0.0002, -1e-08]
4135;ВР;ВР 50-145-4135;ВР 50;500;1288 - 9946;106 - 565;2497;89;121631;2900;[565, 0, -4.639976443880809e-06];[0, 0.0002, -1e-08]
4136;Ц;Ц 113-177-4136;Ц 113;1130;1691 - 5417;120 - 1201;1641;83;50467;1450;[1201, 0, -3.683901612359561e-05];[0, 0.0002, -1e-08]
4137;УВО;УВО 104-145-4137;УВО 104;1040;1488 - 3319;62 - 572;1536;77;87451;1450;[522, 0.02, -4.778426111459753e-05];[0, 0.0002, -1e-08]
4138;ВР;ВР 51-121-4138;ВР 51;510;1733 - 5546;929 - 993;4980;100;168460;;;
4139;Ц;Ц 105-133-4139;Ц 105;1050;1652 - 3523;304 - 533;4744;108;28653;1450;[533, 0, -1.845058735309727e-05];[0, 0.0002, -1e-08]
4140;ВР;ВР 110-200-4140;ВР 110;1100;731 - 9298;725 - 960;350;85;13504;;;
4141;ВО;ВО 42-170-4141;ВО 42;420;528 - 6173;214 - 574;1752;80;65107;1000;[524, 0.02, -1.137513272540869e-05];[0, 0.0002, -1e-08]
4142;ВО;ВО 29-170-4142;ВО 29;290;1972 - 6076;376 - 520;1686;71;153671;2900;[470, 0.02, -5.837838118959278e-06];[0, 0.0002, -1e-08]
4143;ВЦ;ВЦ 63-174-4143;ВЦ 63;630;587 - 7107;50 - 1130;2044;103;150528;;;
4144;УВО;УВО 59-200-4144;УВО 59;590;1548 - 10562;602 - 1065;3688;69;177497;;;
4145;ВР;ВР 47-112-4145;ВР 47;470;1703 - 11284;146 - 908;4559;103;91234;;;
4146;Ц;Ц 33-136-4146;Ц 33;330;590 - 7206;281 - 559;2029;85;99700;1000;[559, 0, -5.353727723581877e-06];[0, 0.0002, -1e-08]
4147;ВО;ВО 62-122-4147;ВО 62;620;517 - 6442;86 - 911;453;64;122408;1450;[861, 0.02, -2.1779610887530712e-05];[0, 0.0002, -1e-08]
4148;ВО;ВО 44-200-4148;ВО 44;440;870 - 5686;664 - 1203;4289;94;170691;2900;[1153, 0.02, -1.864240300426259e-05];[0, 0.0002, -1e-08]
4149;Ц;Ц 59-183-4149;Ц 59;590;1871 - 9474;163 - 306;669;105;78282;;;
4150;ВР;ВР 105-166-4150;ВР 105;1050;1113 - 2547;182 - 534;1922;104;182256;;;
4151;ВО;ВО 55-153-4151;ВО 55;550;984 - 4454;509 - 901;3221;64;67562;2900;[851, 0.02, -2.1729886043614223e-05];[0, 0.0002, -1e-08]
4152;ВКОП;ВКОП 50-123-4152;ВКОП 50;500;1264 - 5670;431 - 786;168;94;87034;2900;[736, 0.02, -1.3014442173760222e-05];[0, 0.0002, -1e-08]
4153;ВР;ВР 44-113-4153;ВР 44;440;801 - 8738;487 - 922;4573;72;69739;1450;[922, 0, -5.697248676810721e-06];[0, 0.0002, -1e-08]
4154;Ц;Ц 115-186-4154;Ц 115;1150;1796 - 7935;222 - 410;3541;74;116501;;;
4155;ВО;ВО 119-184-4155;ВО 119;1190;1034 - 4309;242 - 320;1037;69;137084;2900;[270, 0.02, -6.149460985041536e-06];[0, 0.0002, -1e-08]
4156;УВО;УВО 57-141-4156;УВО 57;570;1139 - 7662;550 - 741;3164;87;168090;;;
4157;Ц;Ц 111-154-4157;Ц 111;1110;779 - 7462;608 - 875;3329;64;85511;;;
4158;УВО;УВО 24-165-4158;УВО 24;240;1025 - 8386;475 - 1454;1210;104;131520;;;
4159;ВЦ;ВЦ 86-141-4159;ВЦ 86;860;842 - 7628;431 - 986;2747;95;193843;;;
4160;УВО;УВО 47-112-4160;УВО 47;470;1003 - 3251;146 - 771;4748;87;41902;1450;[721, 0.02, -6.055633829536018e-05];[0, 0.0002, -1e-08]
4161;ВКОП;ВКОП 26-110-4161;ВКОП 26;260;1235 - 7253;223 - 451;3710;72;46701;;;
4162;УВО;УВО 97-182-4162;УВО 97;970;1293 - 9090;313 - 1001;2321;72;143093;1000;[951, 0.02, -9.921564213627083e-06];[0, 0.0002, -1e-08]
4163;Ц;Ц 113-117-4163;Ц 113;1130;706 - 7818;61 - 370;4473;100;168805;;;
4164;ВЦ;ВЦ 29-194-4164;ВЦ 29;290;1360 - 6195;449 - 695;4207;87;135923;1450;[695, 0, -6.409918175831091e-06];[0, 0.0002, -1e-08]
4165;ВО;ВО 60-191-4165;ВО 60;600;734 - 8378;275 - 450;3991;66;100620;;;
4166;ВЦ;ВЦ 51-131-4166;ВЦ 51;510;1222 - 9424;229 - 1260;1203;85;43558;;;
4167;ВЦ;ВЦ 106-153-4167;ВЦ 106;1060;974 - 6023;609 - 1055;3079;72;18798;1000;[1055, 0, -1.2294450772839926e-05];[0, 0.0002, -1e-08]
4168;ВР;ВР 51-143-4168;ВР 51;510;994 - 9080;121 - 852;210;78;187466;1000;[852, 0, -8.86636651206117e-06];[0, 0.0002, -1e-08]
4169;ВКОП;ВКОП 59-195-4169;ВКОП 59;590;1928 - 11709;525 - 770;4690;99;34038;;;
4170;ВО;ВО 103-116-4170;ВО 103;1030;1391 - 6232;1097 - 1167;3230;99;134407;;;
4171;ВО;ВО 120-102-4171;ВО 120;1200;1697 - 7398;610 - 1261;1128;68;49499;;;
4172;ВР;ВР 102-105-4172;ВР 102;1020;1426 - 6021;202 - 326;2240;91;28523;2900;[326, 0, -3.4204593285180436e-06];[0, 0.0002, -1e-08]
4173;Ц;Ц 107-155-4173;Ц 107;1070;1203 - 3846;568 - 618;2121;83;104385;;;
4174;Ц;Ц 68-196-4174;Ц 68;680;605 - 9557;746 - 876;1221;73;100639;;;
4175;ВО;ВО 114-178-4175;ВО 114;1140;745 - 8044;959 - 1178;834;91;108832;;;
4176;ВР;ВР 23-148-4176;ВР 23;230;753 - 3545;234 - 902;4811;97;94165;;;
4177;ВКОП;ВКОП 27-153-4177;ВКОП 27;270;1633 - 8213;77 - 347;2884;94;83185;;;
4178;ВКОП;ВКОП 67-196-4178;ВКОП 67;670;867 - 2355;409 - 933;211;83;15497;;;
4179;ВО;ВО 110-102-4179;ВО 110;1100;528 - 6415;50 - 349;1612;73;20404;1450;[299, 0.02, -9.168398549531647e-06];[0, 0.0002, -1e-08]
4180;ВО;ВО 68-161-4180;ВО 68;680;857 - 4294;601 - 1204;683;87;58117;;;
4181;ВКОП;ВКОП 74-165-4181;ВКОП 74;740;1078 - 8541;197 - 353;1136;106;147646;2900;[303, 0.02, -3.7947224844271e-06];[0, 0.0002, -1e-08]
4182;Ц;Ц 36-189-4182;Ц 36;360;1240 - 3023;381 - 1089;3987;66;39833;;;
4183;ВР;ВР 102-111-4183;ВР 102;1020;1772 - 10116;491 - 878;1361;102;133919;;;
4184;ВКОП;ВКОП 20-174-4184;ВКОП 20;200;1693 - 8653;283 - 980;3668;71;34418;1000;[930, 0.02, -1.0952473761762847e-05];[0, 0.0002, -1e-08]
4185;ВЦ;ВЦ 32-152-4185;ВЦ 32;320;1133 - 4226;143 - 313;3733;86;95848;;;
4186;УВО;УВО 94-180-4186;УВО 94;940;1667 - 6655;830 - 1346;3482;106;194494;1450;[1296, 0.02, -1.3527053259808723e-05];[0, 0.0002, -1e-08]
4187;ВЦ;ВЦ 97-109-4187;ВЦ 97;970;1146 - 4281;63 - 1430;2115;109;113011;2900;[1430, 0, -7.458956233933165e-05];[0, 0.0002, -1e-08]
4188;ВЦ;ВЦ 101-141-4188;ВЦ 101;1010;1259 - 7619;112 - 835;4363;79;78503;;;
4189;УВО;УВО 64-194-4189;УВО 64;640;792 - 6878;438 - 1086;2436;97;108083;1000;[1036, 0.02, -1.5548688431899253e-05];[0, 0.0002, -1e-08]
4190;УВО;УВО 117-183-4190;УВО 117;1170;626 - 6957;162 - 587;2294;80;25492;;;
4191;ВЦ;ВЦ 73-195-4191;ВЦ 73;730;846 - 9142;461 - 531;3441;93;154820;2900;[531, 0, -8.37559378772158e-07];[0, 0.0002, -1e-08]
4192;Ц;Ц 103-180-4192;Ц 103;1030;785 - 6691;104 - 741;1471;97;46361;1450;[741, 0, -1.4228442809064505e-05];[0, 0.0002, -1e-08]
4193;ВР;ВР 94-151-4193;ВР 94;940;565 - 8072;646 - 828;4767;79;171202;;;
4194;Ц;Ц 105-147-4194;Ц 105;1050;942 - 7739;202 - 1403;2054;103;49888;1450;[1403, 0, -2.0052721125037465e-05];[0, 0.0002, -1e-08]
4195;ВР;ВР 96-137-4195;ВР 96;960;982 - 5254;471 - 1106;503;80;20068;1450;[1106, 0, -2.3003482473664817e-05];[0, 0.0002, -1e-08]
4196;Ц;Ц 60-119-4196;Ц 60;600;1063 - 3003;719 - 1330;4184;107;195036;1450;[1330, 0, -6.775331450656126e-05];[0, 0.0002, -1e-08]
4197;Ц;Ц 89-166-4197;Ц 89;890;872 - 7722;205 - 362;2408;71;191286;;;
4198;ВР;ВР 94-172-4198;ВР 94;940;1473 - 11137;711 - 1262;2728;81;159493;;;
4199;ВР;ВР 42-102-4199;ВР 42;420;1877 - 8172;123 - 603;1758;68;162520;;;
4200;Ц;Ц 40-188-4200;Ц 40;400;952 - 8637;735 - 1313;3633;65;169682;;;
4201;УВО;УВО 72-155-4201;УВО 72;720;1659 - 10440;1075 - 1356;174;95;61773;;;
4202;ВО;ВО 33-176-4202;ВО 33;330;1075 - 5964;1021 - 1254;3063;93;101362;;;
4203;ВР;ВР 38-174-4203;ВР 38;380;1529 - 7080;798 - 1448;112;85;15519;;;
4204;Ц;Ц 67-135-4204;Ц 67;670;1556 - 5952;770 - 1172;4987;71;39627;1450;[1172, 0, -1.1347500433576136e-05];[0, 0.0002, -1e-08]
4205;УВО;УВО 90-173-4205;УВО 90;900;957 - 3542;348 - 950;2080;107;162394;;;
4206;УВО;УВО 93-136-4206;УВО 93;930;1456 - 9298;552 - 895;2255;73;183660;;;
4207;УВО;УВО 36-164-4207;УВО 36;360;852 - 5201;291 - 386;310;69;165359;;;
4208;ВКОП;ВКОП 30-104-4208;ВКОП 30;300;895 - 6573;203 - 704;1316;107;51347;2900;[654, 0.02, -1.3481519409779517e-05];[0, 0.0002, -1e-08]
4209;ВЦ;ВЦ 33-130-4209;ВЦ 33;330;733 - 6811;319 - 1384;1702;88;56502;;;
4210;ВЦ;ВЦ 93-161-4210;ВЦ 93;930;1752 - 5586;625 - 966;1206;89;10994;;;
4211;ВЦ;ВЦ 52-101-4211;ВЦ 52;520;902 - 9978;427 - 495;587;71;52222;2900;[495, 0, -6.830019026424178e-07];[0, 0.0002, -1e-08]
4212;УВО;УВО 100-132-4212;УВО 100;1000;613 - 1910;310 - 1354;4113;105;135912;2900;[1304, 0.02, -0.000282941805323319];[0, 0.0002, -1e-08]
4213;ВКОП;ВКОП 120-172-4213;ВКОП 120;1200;1969 - 8286;620 - 997;1682;76;65819;2900;[947, 0.02, -7.176461067873487e-06];[0, 0.0002, -1e-08]
4214;ВЦ;ВЦ 74-111-4214;ВЦ 74;740;926 - 6095;417 - 551;2101;107;73364;1450;[551, 0, -3.6070933220993013e-06];[0, 0.0002, -1e-08]
4215;ВР;ВР 91-136-4215;ВР 91;910;1905 - 3059;485 - 1030;3660;81;127631;1000;[1030, 0, -5.82421700882962e-05];[0, 0.0002, -1e-08]
4216;ВР;ВР 58-188-4216;ВР 58;580;632 - 6103;64 - 629;2804;91;169921;1450;[629, 0, -1.5169166138050311e-05];[0, 0.0002, -1e-08]
4217;ВЦ;ВЦ 27-112-4217;ВЦ 27;270;1838 - 10599;342 - 1109;4780;79;164865;;;
4218;ВР;ВР 86-158-4218;ВР 86;860;1686 - 5960;192 - 1107;3795;101;30308;1450;[1107, 0, -2.575897482095401e-05];[0, 0.0002, -1e-08]
4219;УВО;УВО 57-145-4219;УВО 57;570;1791 - 9699;598 - 953;543;94;41692;;;
4220;ВР;ВР 86-196-4220;ВР 86;860;1837 - 4936;1054 - 1104;3305;95;33560;;;
4221;Ц;Ц 89-106-4221;Ц 89;890;1047 - 4264;252 - 1223;2551;66;20695;;;
4222;ВЦ;ВЦ 45-169-4222;ВЦ 45;450;1883 - 7924;395 - 445;3182;90;124255;;;
4223;ВР;ВР 56-182-4223;ВР 56;560;1735 - 4419;361 - 960;1352;66;80193;1450;[960, 0, -3.0674593719102966e-05];[0, 0.0002, -1e-08]
4224;ВКОП;ВКОП 89-139-4224;ВКОП 89;890;1872 - 3079;116 - 366;140;85;171404;2900;[316, 0.02, -2.7592125558833366e-05];[0, 0.0002, -1e-08]
4225;ВЦ;ВЦ 92-198-4225;ВЦ 92;920;1867 - 6618;584 - 1408;4691;65;170806;2900;[1408, 0, -1.8813677104878304e-05];[0, 0.0002, -1e-08]
4226;ВКОП;ВКОП 63-114-4226;ВКОП 63;630;1655 - 2890;956 - 1124;3458;60;16273;2900;[1074, 0.02, -2.104859855605177e-05];[0, 0.0002, -1e-08]
4227;ВКОП;ВКОП 67-144-4227;ВКОП 67;670;621 - 5686;835 - 1262;1323;78;82414;2900;[1212, 0.02, -1.51781921991169e-05];[0, 0.0002, -1e-08]
4228;ВЦ;ВЦ 104-130-4228;ВЦ 104;1040;1502 - 8474;585 - 1134;2642;71;53391;;;
4229;УВО;УВО 67-104-4229;УВО 67;670;610 - 9484;232 - 590;4747;98;16137;1000;[540, 0.02, -5.53308188836676e-06];[0, 0.0002, -1e-08]
4230;ВР;ВР 99-134-4230;ВР 99;990;1952 - 8380;934 - 1018;4979;61;69008;1000;[1018, 0, -1.1961654353757383e-06];[0, 0.0002, -1e-08]
4231;ВО;ВО 118-141-4231;ВО 118;1180;1864 - 9178;446 - 672;2354;74;92482;;;
4232;ВО;ВО 82-197-4232;ВО 82;820;879 - 5921;484 - 1157;2873;106;148134;;;
4233;ВО;ВО 107-154-4233;ВО 107;1070;1781 - 10059;626 - 1071;4520;102;173350;1000;[1021, 0.02, -5.8920684889265676e-06];[0, 0.0002, -1e-08]
4234;ВР;ВР 56-168-4234;ВР 56;560;596 - 8525;904 - 1304;4577;65;103366;;;
4235;ВЦ;ВЦ 92-142-4235;ВЦ 92;920;826 - 9096;72 - 991;3953;68;135009;2900;[991, 0, -1.1107456165796055e-05];[0, 0.0002, -1e-08]
4236;Ц;Ц 119-186-4236;Ц 119;1190;1220 - 5589;649 - 1221;1866;86;186077;;;
4237;ВЦ;ВЦ 59-147-4237;ВЦ 59;590;1340 - 4739;139 - 1180;836;86;171305;;;
4238;ВЦ;ВЦ 102-189-4238;ВЦ 102;1020;1361 - 4154;820 - 1115;2120;110;197577;1450;[1115, 0, -1.7095784376608886e-05];[0, 0.0002, -1e-08]
4239;УВО;УВО 103-141-4239;УВО 103;1030;1005 - 5880;644 - 816;462;102;164445;;;
4240;ВЦ;ВЦ 41-186-4240;ВЦ 41;410;868 - 5087;363 - 1348;1971;84;158019;;;
4241;ВКОП;ВКОП 25-139-4241;ВКОП 25;250;1129 - 7891;472 - 885;4607;76;176393;;;
4242;Ц;Ц 34-173-4242;Ц 34;340;1774 - 4563;480 - 1183;4115;67;64138;;;
4243;ВЦ;ВЦ 36-110-4243;ВЦ 36;360;1830 - 10621;256 - 373;1124;109;197259;2900;[373, 0, -1.0371821742496017e-06];[0, 0.0002, -1e-08]
4244;ВЦ;ВЦ 85-119-4244;ВЦ 85;850;972 - 4193;218 - 317;3041;81;45361;1450;[317, 0, -5.6309992538072805e-06];[0, 0.0002, -1e-08]
4245;УВО;УВО 38-139-4245;УВО 38;380;1661 - 4601;242 - 528;637;85;119250;1000;[478, 0.02, -1.5495152604011838e-05];[0, 0.0002, -1e-08]
4246;ВО;ВО 39-129-4246;ВО 39;390;560 - 8308;954 - 1404;4411;107;132668;1450;[1354, 0.02, -8.202499392085497e-06];[0, 0.0002, -1e-08]
4247;ВР;ВР 99-114-4247;ВР 99;990;1116 - 2925;228 - 344;615;74;13514;;;
4248;ВР;ВР 44-159-4248;ВР 44;440;1853 - 4869;775 - 906;3780;61;78928;1450;[906, 0, -5.525756542506292e-06];[0, 0.0002, -1e-08]
4249;УВО;УВО 91-134-4249;УВО 91;910;521 - 4205;354 - 600;3438;94;144648;;;
4250;ВР;ВР 39-149-4250;ВР 39;390;1344 - 10593;53 - 662;3898;84;181953;2900;[662, 0, -5.427244011002815e-06];[0, 0.0002, -1e-08]
4251;ВО;ВО 28-116-4251;ВО 28;280;1917 - 3552;483 - 1401;3197;76;106280;1000;[1351, 0.02, -7.442831344858371e-05];[0, 0.0002, -1e-08]
4252;ВКОП;ВКОП 46-196-4252;ВКОП 46;460;1444 - 2997;973 - 1186;4015;83;61915;;;
4253;УВО;УВО 20-146-4253;УВО 20;200;1580 - 10508;312 - 866;3363;66;109639;2900;[816, 0.02, -6.467782300548214e-06];[0, 0.0002, -1e-08]
4254;ВКОП;ВКОП 92-131-4254;ВКОП 92;920;1322 - 6456;124 - 1419;576;60;154104;2900;[1369, 0.02, -3.2968380757590415e-05];[0, 0.0002, -1e-08]
4255;ВЦ;ВЦ 50-199-4255;ВЦ 50;500;1909 - 4248;384 - 755;4711;63;150920;;;
4256;ВО;ВО 100-179-4256;ВО 100;1000;826 - 5422;333 - 678;1536;75;78377;;;
4257;Ц;Ц 104-189-4257;Ц 104;1040;1836 - 9022;1025 - 1470;3170;76;90422;1450;[1470, 0, -5.467066611869869e-06];[0, 0.0002, -1e-08]
4258;УВО;УВО 71-156-4258;УВО 71;710;1878 - 7724;224 - 1467;2128;98;149017;;;
4259;ВЦ;ВЦ 119-118-4259;ВЦ 119;1190;1341 - 2809;139 - 989;2033;61;150494;1000;[989, 0, -0.0001077247382003708];[0, 0.0002, -1e-08]
4260;УВО;УВО 35-115-4260;УВО 35;350;1628 - 9066;870 - 1301;991;67;68721;;;
4261;ВКОП;ВКОП 95-180-4261;ВКОП 95;950;1456 - 7850;714 - 1497;4015;100;107433;;;
4262;ВР;ВР 85-169-4262;ВР 85;850;1329 - 10298;71 - 1028;1772;84;117791;;;
4263;ВО;ВО 116-126-4263;ВО 116;1160;1699 - 10980;892 - 983;3584;70;158369;;;
4264;Ц;Ц 106-184-4264;Ц 106;1060;1026 - 7852;121 - 1391;101;90;80883;;;
4265;ВЦ;ВЦ 41-101-4265;ВЦ 41;410;754 - 10085;118 - 470;4567;97;60981;1450;[470, 0, -3.4609144040651977e-06];[0, 0.0002, -1e-08]
4266;Ц;Ц 38-115-4266;Ц 38;380;1348 - 5457;136 - 1120;1446;77;79432;1450;[1120, 0, -3.304358741333488e-05];[0, 0.0002, -1e-08]
4267;УВО;УВО 61-196-4267;УВО 61;610;655 - 8385;492 - 1195;664;82;17613;;;
4268;ВКОП;ВКОП 108-155-4268;ВКОП 108;1080;1759 - 3684;660 - 1128;1862;60;23527;;;
4269;ВР;ВР 46-189-4269;ВР 46;460;1879 - 9166;111 - 985;788;76;26919;;;
4270;УВО;УВО 23-123-4270;УВО 23;230;1551 - 9612;1220 - 1316;1946;90;89236;1000;[1266, 0.02, -2.578618868182008e-06];[0, 0.0002, -1e-08]
4271;ВО;ВО 90-182-4271;ВО 90;900;1160 - 9256;899 - 1077;3450;62;147988;1000;[1027, 0.02, -3.6548042093184997e-06];[0, 0.0002, -1e-08]
4272;ВР;ВР 52-120-4272;ВР 52;520;1654 - 3119;283 - 1069;856;84;161453;;;
4273;Ц;Ц 98-163-4273;Ц 98;980;1370 - 10635;1069 - 1363;3809;70;93103;;;
4274;УВО;УВО 53-149-4274;УВО 53;530;682 - 9220;820 - 895;4838;67;119378;1000;[845, 0.02, -2.463285981150098e-06];[0, 0.0002, -1e-08]
4275;ВКОП;ВКОП 51-136-4275;ВКОП 51;510;738 - 9763;876 - 1460;2729;62;15231;;;
4276;ВЦ;ВЦ 44-123-4276;ВЦ 44;440;1132 - 10603;270 - 468;4565;100;37986;;;
4277;ВО;ВО 62-151-4277;ВО 62;620;1576 - 5483;963 - 1153;3911;89;184895;;;
4278;ВР;ВР 93-151-4278;ВР 93;930;1659 - 11216;173 - 438;430;83;109563;;;
4279;ВКОП;ВКОП 42-121-4279;ВКОП 42;420;1653 - 10492;331 - 517;1894;97;44667;2900;[467, 0.02, -3.1416562102251283e-06];[0, 0.0002, -1e-08]
4280;ВО;ВО 73-102-4280;ВО 73;730;1803 - 3903;429 - 1066;3794;75;165530;1000;[1016, 0.02, -4.36579888323093e-05];[0, 0.0002, -1e-08]
4281;ВР;ВР 47-156-4281;ВР 47;470;1985 - 3931;123 - 692;1656;74;47465;1000;[692, 0, -3.682189868852563e-05];[0, 0.0002, -1e-08]
4282;Ц;Ц 99-173-4282;Ц 99;990;791 - 7325;69 - 1086;4055;96;185826;;;
4283;ВО;ВО 42-160-4283;ВО 42;420;1969 - 5400;964 - 1045;3165;103;185887;1000;[995, 0.02, -4.766803840877915e-06];[0, 0.0002, -1e-08]
4284;ВР;ВР 70-140-4284;ВР 70;700;1049 - 4375;116 - 327;4986;67;82842;1000;[327, 0, -1.1023673469387755e-05];[0, 0.0002, -1e-08]
4285;Ц;Ц 52-154-4285;Ц 52;520;1695 - 6974;198 - 801;2040;78;121483;1450;[801, 0, -1.2398051215506586e-05];[0, 0.0002, -1e-08]
4286;ВО;ВО 45-113-4286;ВО 45;450;555 - 5859;338 - 1147;2741;60;60314;;;
4287;ВЦ;ВЦ 105-180-4287;ВЦ 105;1050;1804 - 6104;147 - 351;4503;104;173761;;;
4288;УВО;УВО 78-135-4288;УВО 78;780;1151 - 7873;570 - 640;3201;105;51473;2900;[590, 0.02, -2.862990944020525e-06];[0, 0.0002, -1e-08]
4289;ВР;ВР 111-194-4289;ВР 111;1110;1410 - 4131;293 - 952;2140;107;88195;1450;[952, 0, -3.861668811680124e-05];[0, 0.0002, -1e-08]
4290;УВО;УВО 117-101-4290;УВО 117;1170;563 - 10106;188 - 1331;1453;81;22072;;;
4291;ВКОП;ВКОП 107-105-4291;ВКОП 107;1070;920 - 2064;212 - 1318;3320;81;145844;1000;[1268, 0.02, -0.0002575716603569497];[0, 0.0002, -1e-08]
4292;ВКОП;ВКОП 96-191-4292;ВКОП 96;960;753 - 9651;143 - 803;1010;67;158837;1000;[753, 0.02, -8.62147812666839e-06];[0, 0.0002, -1e-08]
4293;ВР;ВР 96-142-4293;ВР 96;960;1730 - 3195;276 - 373;4237;63;77855;2900;[373, 0, -9.50232782541187e-06];[0, 0.0002, -1e-08]
4294;ВО;ВО 55-121-4294;ВО 55;550;728 - 6791;219 - 330;1239;92;178889;1000;[280, 0.02, -4.267777471291325e-06];[0, 0.0002, -1e-08]
4295;ВР;ВР 56-114-4295;ВР 56;560;1082 - 5741;294 - 733;4585;89;191861;;;
4296;УВО;УВО 118-200-4296;УВО 118;1180;1609 - 11579;250 - 366;2931;66;195857;;;
4297;ВО;ВО 29-125-4297;ВО 29;290;815 - 3018;137 - 313;2172;80;45376;1000;[263, 0.02, -2.0460405229326495e-05];[0, 0.0002, -1e-08]
4298;ВЦ;ВЦ 29-195-4298;ВЦ 29;290;1147 - 9924;770 - 1359;1065;105;180394;1450;[1359, 0, -5.9805590606302375e-06];[0, 0.0002, -1e-08]
4299;ВО;ВО 96-148-4299;ВО 96;960;1604 - 10292;343 - 649;4924;73;45801;1000;[599, 0.02, -4.360055217799599e-06];[0, 0.0002, -1e-08]
4300;ВО;ВО 82-121-4300;ВО 82;820;1471 - 5376;726 - 989;3146;69;173835;;;
4301;ВО;ВО 37-158-4301;ВО 37;370;1099 - 5619;754 - 916;1286;88;165432;;;
4302;УВО;УВО 118-107-4302;УВО 118;1180;1190 - 5306;319 - 394;1945;96;38061;;;
4303;УВО;УВО 47-178-4303;УВО 47;470;1175 - 2895;336 - 895;2566;67;38093;;;
4304;ВО;ВО 113-175-4304;ВО 113;1130;1586 - 10206;536 - 604;1462;92;20176;;;
4305;ВО;ВО 37-154-4305;ВО 37;370;1016 - 6653;115 - 483;1308;106;168297;;;
4306;ВКОП;ВКОП 33-156-4306;ВКОП 33;330;1757 - 10004;815 - 1111;1098;71;108731;;;
4307;ВКОП;ВКОП 75-135-4307;ВКОП 75;750;1515 - 3566;261 - 955;646;68;124437;2900;[905, 0.02, -5.6251964006040725e-05];[0, 0.0002, -1e-08]
4308;ВЦ;ВЦ 119-160-4308;ВЦ 119;1190;732 - 6416;503 - 1459;3928;107;164546;;;
4309;ВКОП;ВКОП 91-129-4309;ВКОП 91;910;978 - 8146;505 - 582;1499;63;20910;1450;[532, 0.02, -2.8620807990485934e-06];[0, 0.0002, -1e-08]
4310;ВР;ВР 76-151-4310;ВР 76;760;970 - 5669;473 - 684;1831;69;46847;1450;[684, 0, -6.5655262389078005e-06];[0, 0.0002, -1e-08]
4311;ВКОП;ВКОП 120-152-4311;ВКОП 120;1200;733 - 8341;441 - 639;2560;99;117204;;;
4312;ВР;ВР 44-114-4312;ВР 44;440;1300 - 8089;516 - 784;2804;76;36644;;;
4313;ВКОП;ВКОП 49-154-4313;ВКОП 49;490;1542 - 2938;681 - 1167;2632;83;31685;;;
4314;ВР;ВР 92-196-4314;ВР 92;920;1934 - 8361;124 - 596;1708;88;173291;2900;[596, 0, -6.751893008359001e-06];[0, 0.0002, -1e-08]
4315;ВЦ;ВЦ 107-154-4315;ВЦ 107;1070;628 - 7278;288 - 939;2721;60;154363;1450;[939, 0, -1.229014158469652e-05];[0, 0.0002, -1e-08]
4316;Ц;Ц 105-100-4316;Ц 105;1050;1615 - 7220;352 - 509;1017;84;15817;2900;[509, 0, -3.011793954926681e-06];[0, 0.0002, -1e-08]
4317;ВКОП;ВКОП 37-141-4317;ВКОП 37;370;1201 - 5809;251 - 478;3782;70;175806;;;
4318;Ц;Ц 88-197-4318;Ц 88;880;684 - 3889;375 - 923;1378;63;132320;2900;[923, 0, -3.6233031552292493e-05];[0, 0.0002, -1e-08]
4319;УВО;УВО 62-123-4319;УВО 62;620;1719 - 9901;848 - 1303;3153;110;111574;;;
4320;ВЦ;ВЦ 70-192-4320;ВЦ 70;700;587 - 2654;1052 - 1423;3377;75;25485;1000;[1423, 0, -5.267106169527562e-05];[0, 0.0002, -1e-08]
4321;ВКОП;ВКОП 103-100-4321;ВКОП 103;1030;1208 - 8698;147 - 470;3126;91;163214;2900;[420, 0.02, -5.907855327440529e-06];[0, 0.0002, -1e-08]
4322;ВР;ВР 70-115-4322;ВР 70;700;1055 - 10895;732 - 940;4091;98;154728;;;
4323;ВО;ВО 47-171-4323;ВО 47;470;1161 - 10930;308 - 386;3711;101;22349;;;
4324;ВО;ВО 96-125-4324;ВО 96;960;1794 - 8246;153 - 610;440;104;12613;;;
4325;Ц;Ц 21-168-4325;Ц 21;210;1152 - 5976;63 - 1368;3482;103;181841;1000;[1368, 0, -3.654174932662376e-05];[0, 0.0002, -1e-08]
4326;Ц;Ц 112-197-4326;Ц 112;1120;1959 - 5849;431 - 671;128;70;73653;;;
4327;ВКОП;ВКОП 79-183-4327;ВКОП 79;790;1011 - 8767;201 - 1267;2736;74;50225;1000;[1217, 0.02, -1.5500071825126756e-05];[0, 0.0002, -1e-08]
4328;ВР;ВР 85-100-4328;ВР 85;850;1875 - 6359;117 - 1068;1459;88;110045;1000;[1068, 0, -2.3518134348690248e-05];[0, 0.0002, -1e-08]
4329;ВЦ;ВЦ 70-162-4329;ВЦ 70;700;1827 - 3757;196 - 612;370;93;45741;;;
4330;Ц;Ц 112-121-4330;Ц 112;1120;1457 - 3856;442 - 652;1698;62;150040;2900;[652, 0, -1.4123594635078597e-05];[0, 0.0002, -1e-08]
4331;Ц;Ц 23-196-4331;Ц 23;230;1864 - 11180;293 - 350;1561;81;178409;1000;[350, 0, -4.560277264857703e-07];[0, 0.0002, -1e-08]
4332;Ц;Ц 59-181-4332;Ц 59;590;1614 - 8363;69 - 666;1669;108;24126;2900;[666, 0, -8.535916096605923e-06];[0, 0.0002, -1e-08]
4333;ВЦ;ВЦ 97-183-4333;ВЦ 97;970;619 - 8488;150 - 314;1464;93;27123;;;
4334;Ц;Ц 98-130-4334;Ц 98;980;1406 - 11215;189 - 935;888;67;152629;;;
4335;ВО;ВО 111-159-4335;ВО 111;1110;1285 - 9747;1073 - 1292;2774;82;123678;;;
4336;ВР;ВР 110-178-4336;ВР 110;1100;1203 - 5022;299 - 385;2363;88;58736;1000;[385, 0, -3.4099266294810204e-06];[0, 0.0002, -1e-08]
4337;ВКОП;ВКОП 94-161-4337;ВКОП 94;940;1191 - 10869;467 - 1365;2305;88;187777;2900;[1315, 0.02, -9.01831420029131e-06];[0, 0.0002, -1e-08]
4338;Ц;Ц 56-121-4338;Ц 56;560;1480 - 10071;523 - 770;3917;83;101119;1000;[770, 0, -2.4352960330575564e-06];[0, 0.0002, -1e-08]
4339;ВР;ВР 41-127-4339;ВР 41;410;839 - 10194;193 - 361;3996;78;25731;1450;[361, 0, -1.616664951847057e-06];[0, 0.0002, -1e-08]
4340;ВЦ;ВЦ 46-194-4340;ВЦ 46;460;1325 - 3655;418 - 1350;3357;67;34115;;;
4341;ВКОП;ВКОП 65-125-4341;ВКОП 65;650;806 - 5791;156 - 449;1219;75;95724;;;
4342;Ц;Ц 56-193-4342;Ц 56;560;959 - 5779;666 - 919;4375;105;116721;2900;[919, 0, -7.575566802860187e-06];[0, 0.0002, -1e-08]
4343;ВО;ВО 84-197-4343;ВО 84;840;1803 - 11660;681 - 1449;4260;86;36259;;;
4344;ВР;ВР 112-143-4344;ВР 112;1120;1380 - 5819;269 - 1167;4587;66;177785;1450;[1167, 0, -2.65203726519909e-05];[0, 0.0002, -1e-08]
4345;ВКОП;ВКОП 98-129-4345;ВКОП 98;980;587 - 5037;763 - 1136;2769;75;79223;1000;[1086, 0.02, -1.6701503178642034e-05];[0, 0.0002, -1e-08]
4346;ВР;ВР 104-162-4346;ВР 104;1040;1419 - 9108;249 - 681;197;72;165060;1000;[681, 0, -5.207601014440678e-06];[0, 0.0002, -1e-08]
4347;ВКОП;ВКОП 103-172-4347;ВКОП 103;1030;1608 - 2775;154 - 436;1828;103;102076;1000;[386, 0.02, -3.733463192922652e-05];[0, 0.0002, -1e-08]
4348;УВО;УВО 83-177-4348;УВО 83;830;1974 - 7714;167 - 367;2934;77;86092;2900;[317, 0.02, -5.11345146950055e-06];[0, 0.0002, -1e-08]
4349;Ц;Ц 118-156-4349;Ц 118;1180;892 - 8359;422 - 749;4516;91;142328;;;
4350;УВО;УВО 105-186-4350;УВО 105;1050;1139 - 5130;589 - 1332;2847;104;61196;;;
4351;ВО;ВО 51-150-4351;ВО 51;510;538 - 2263;698 - 840;3118;86;41717;1000;[790, 0.02, -2.6802474200714718e-05];[0, 0.0002, -1e-08]
4352;ВКОП;ВКОП 97-196-4352;ВКОП 97;970;1766 - 9406;907 - 960;1648;90;150957;;;
4353;ВР;ВР 89-198-4353;ВР 89;890;1442 - 7576;941 - 1195;1215;85;153698;;;
4354;Ц;Ц 104-193-4354;Ц 104;1040;1914 - 6786;336 - 1407;2619;69;131222;;;
4355;ВКОП;ВКОП 114-107-4355;ВКОП 114;1140;526 - 4507;698 - 825;2234;75;96928;;;
4356;ВО;ВО 22-193-4356;ВО 22;220;549 - 9800;848 - 1016;2696;88;24130;;;
4357;ВР;ВР 67-133-4357;ВР 67;670;1760 - 6232;479 - 1403;2858;93;56929;1000;[1403, 0, -2.379124020954418e-05];[0, 0.0002, -1e-08]
4358;ВЦ;ВЦ 89-128-4358;ВЦ 89;890;1534 - 10637;119 - 601;3738;69;22473;;;
4359;УВО;УВО 45-126-4359;УВО 45;450;1667 - 5515;173 - 627;4349;99;86981;;;
4360;ВО;ВО 56-112-4360;ВО 56;560;1701 - 6501;170 - 574;1207;61;138370;2900;[524, 0.02, -1.1452570535632337e-05];[0, 0.0002, -1e-08]
4361;Ц;Ц 107-104-4361;Ц 107;1070;926 - 8057;296 - 1356;3399;95;137510;;;
4362;ВО;ВО 88-197-4362;ВО 88;880;1054 - 7873;752 - 1111;3899;102;79774;;;
4363;ВЦ;ВЦ 70-136-4363;ВЦ 70;700;865 - 9193;321 - 651;4857;107;25365;1450;[651, 0, -3.904805619427066e-06];[0, 0.0002, -1e-08]
4364;ВР;ВР 81-134-4364;ВР 81;810;1384 - 4251;521 - 884;1540;110;49778;;;
4365;ВР;ВР 35-144-4365;ВР 35;350;749 - 7956;1373 - 1467;892;87;91256;;;
4366;УВО;УВО 39-192-4366;УВО 39;390;1125 - 8798;542 - 670;4032;105;12640;;;
4367;ВО;ВО 117-133-4367;ВО 117;1170;1117 - 8498;682 - 1223;1758;104;176996;;;
4368;Ц;Ц 44-109-4368;Ц 44;440;1986 - 7957;178 - 1273;1716;82;67863;2900;[1273, 0, -1.729479438218959e-05];[0, 0.0002, -1e-08]
4369;ВЦ;ВЦ 76-173-4369;ВЦ 76;760;555 - 8195;899 - 1268;962;82;81449;;;
4370;ВР;ВР 94-137-4370;ВР 94;940;782 - 9473;411 - 608;3301;107;173411;1000;[608, 0, -2.195286221250373e-06];[0, 0.0002, -1e-08]
4371;УВО;УВО 113-181-4371;УВО 113;1130;1405 - 4135;171 - 658;4660;71;119097;;;
4372;УВО;УВО 105-154-4372;УВО 105;1050;1357 - 7999;538 - 1348;4142;64;136450;;;
4373;ВЦ;ВЦ 64-130-4373;ВЦ 64;640;1578 - 4369;427 - 1233;1892;83;12722;;;
4374;ВЦ;ВЦ 21-159-4374;ВЦ 21;210;752 - 6608;514 - 939;2019;85;150801;1000;[939, 0, -9.733047916092607e-06];[0, 0.0002, -1e-08]
4375;ВО;ВО 73-126-4375;ВО 73;730;865 - 6539;224 - 731;217;103;22549;1450;[681, 0.02, -1.3746499791234593e-05];[0, 0.0002, -1e-08]
4376;ВР;ВР 37-104-4376;ВР 37;370;1675 - 5707;88 - 340;304;94;25755;1450;[340, 0, -7.737217326368323e-06];[0, 0.0002, -1e-08]
4377;ВР;ВР 86-101-4377;ВР 86;860;1140 - 9046;944 - 1084;869;98;15649;1000;[1084, 0, -1.710861561041903e-06];[0, 0.0002, -1e-08]
4378;ВКОП;ВКОП 37-114-4378;ВКОП 37;370;1300 - 5194;271 - 1109;564;87;136404;1000;[1059, 0.02, -3.305997604830905e-05];[0, 0.0002, -1e-08]
4379;ВКОП;ВКОП 73-113-4379;ВКОП 73;730;1011 - 7779;679 - 746;3509;97;73708;;;
4380;ВЦ;ВЦ 105-181-4380;ВЦ 105;1050;567 - 4013;799 - 1322;4968;67;178865;;;
4381;ВО;ВО 59-197-4381;ВО 59;590;1376 - 10354;144 - 363;3884;110;107953;1000;[313, 0.02, -3.5080349933393234e-06];[0, 0.0002, -1e-08]
4382;УВО;УВО 101-162-4382;УВО 101;1010;1741 - 10222;370 - 1323;685;85;110784;;;
4383;ВЦ;ВЦ 68-114-4383;ВЦ 68;680;1797 - 7855;107 - 320;3429;61;101234;2900;[320, 0, -3.45213065747287e-06];[0, 0.0002, -1e-08]
4384;Ц;Ц 27-133-4384;Ц 27;270;918 - 7784;408 - 769;717;67;188142;1000;[769, 0, -5.9580143842641346e-06];[0, 0.0002, -1e-08]
4385;ВО;ВО 34-152-4385;ВО 34;340;1911 - 5179;200 - 357;1898;95;162555;2900;[307, 0.02, -7.851005820176025e-06];[0, 0.0002, -1e-08]
4386;Ц;Ц 57-168-4386;Ц 57;570;1613 - 4109;548 - 694;140;103;83242;;;
4387;ВКОП;ВКОП 111-107-4387;ВКОП 111;1110;841 - 10759;398 - 559;2211;72;65534;;;
4388;Ц;Ц 106-198-4388;Ц 106;1060;634 - 3031;1251 - 1350;852;60;62306;;;
4389;ВР;ВР 95-109-4389;ВР 95;950;678 - 7793;146 - 500;150;60;148106;;;
4390;ВКОП;ВКОП 50-149-4390;ВКОП 50;500;662 - 4795;903 - 1260;2394;107;38367;2900;[1210, 0.02, -1.7523467376188046e-05];[0, 0.0002, -1e-08]
4391;ВР;ВР 46-186-4391;ВР 46;460;898 - 10249;488 - 556;4774;86;75171;1000;[556, 0, -6.473600974147475e-07];[0, 0.0002, -1e-08]
4392;УВО;УВО 80-113-4392;УВО 80;800;1284 - 7478;145 - 336;658;89;133110;1450;[286, 0.02, -5.195949305445926e-06];[0, 0.0002, -1e-08]
4393;ВКОП;ВКОП 83-141-4393;ВКОП 83;830;532 - 8896;363 - 1126;3700;98;70115;1000;[1076, 0.02, -1.1257686746286426e-05];[0, 0.0002, -1e-08]
4394;ВЦ;ВЦ 30-121-4394;ВЦ 30;300;1080 - 10982;198 - 352;4711;89;52443;;;
4395;УВО;УВО 73-100-4395;УВО 73;730;1433 - 2775;227 - 313;1114;96;116805;2900;[263, 0.02, -1.1882152422692963e-05];[0, 0.0002, -1e-08]
4396;ВЦ;ВЦ 54-105-4396;ВЦ 54;540;1197 - 2689;344 - 629;3877;94;152904;2900;[629, 0, -3.94151565245015e-05];[0, 0.0002, -1e-08]
4397;ВКОП;ВКОП 79-140-4397;ВКОП 79;790;1363 - 7742;98 - 1025;1688;85;25027;1450;[975, 0.02, -1.7214960305021654e-05];[0, 0.0002, -1e-08]
4398;ВЦ;ВЦ 29-127-4398;ВЦ 29;290;1164 - 5861;420 - 678;4044;83;165324;2900;[678, 0, -7.5106281938910005e-06];[0, 0.0002, -1e-08]
4399;ВО;ВО 38-117-4399;ВО 38;380;1004 - 3279;390 - 787;3451;60;157921;;;
4400;Ц;Ц 59-143-4400;Ц 59;590;1592 - 6884;61 - 371;337;80;40664;2900;[371, 0, -6.5415395357144426e-06];[0, 0.0002, -1e-08]
4401;ВР;ВР 92-112-4401;ВР 92;920;1628 - 4370;1132 - 1187;2902;63;29386;2900;[1187, 0, -2.8800485942744635e-06];[0, 0.0002, -1e-08]
4402;ВЦ;ВЦ 35-138-4402;ВЦ 35;350;1143 - 4159;253 - 692;854;107;57445;2900;[692, 0, -2.5379711412446848e-05];[0, 0.0002, -1e-08]
4403;ВЦ;ВЦ 110-170-4403;ВЦ 110;1100;601 - 5044;628 - 998;4379;63;21661;2900;[998, 0, -1.454291843199354e-05];[0, 0.0002, -1e-08]
4404;ВКОП;ВКОП 39-161-4404;ВКОП 39;390;1088 - 9661;232 - 534;3418;105;164026;2900;[484, 0.02, -4.770133142342297e-06];[0, 0.0002, -1e-08]
4405;ВКОП;ВКОП 98-176-4405;ВКОП 98;980;967 - 6194;520 - 1446;1826;70;159441;;;
4406;Ц;Ц 104-198-4406;Ц 104;1040;805 - 5550;240 - 438;2394;83;101573;;;
4407;Ц;Ц 89-170-4407;Ц 89;890;515 - 7392;271 - 672;3342;76;126560;;;
4408;ВКОП;ВКОП 101-100-4408;ВКОП 101;1010;524 - 3508;142 - 440;4991;71;64362;2900;[390, 0.02, -2.5853920473678664e-05];[0, 0.0002, -1e-08]
4409;ВЦ;ВЦ 102-159-4409;ВЦ 102;1020;1256 - 7317;289 - 1213;2749;106;47860;2900;[1213, 0, -1.725861183717755e-05];[0, 0.0002, -1e-08]
4410;ВО;ВО 95-165-4410;ВО 95;950;1223 - 9492;185 - 588;2767;65;128963;;;
4411;УВО;УВО 119-111-4411;УВО 119;1190;1663 - 2991;571 - 1334;348;73;144101;;;
4412;Ц;Ц 60-104-4412;Ц 60;600;1737 - 4714;1026 - 1426;2331;87;43553;2900;[1426, 0, -1.800034524662183e-05];[0, 0.0002, -1e-08]
4413;Ц;Ц 103-161-4413;Ц 103;1030;1797 - 8025;254 - 506;1871;104;196686;1450;[506, 0, -3.913005502663988e-06];[0, 0.0002, -1e-08]
4414;Ц;Ц 82-140-4414;Ц 82;820;1441 - 9450;822 - 882;3597;96;195515;1450;[882, 0, -6.718736877467036e-07];[0, 0.0002, -1e-08]
4415;ВЦ;ВЦ 55-178-4415;ВЦ 55;550;1388 - 2981;335 - 1229;2702;89;96115;;;
4416;ВКОП;ВКОП 43-168-4416;ВКОП 43;430;1235 - 6361;1131 - 1196;4113;78;116661;;;
4417;ВЦ;ВЦ 89-150-4417;ВЦ 89;890;1794 - 8507;459 - 1129;3446;87;90436;1000;[1129, 0, -9.25810148479359e-06];[0, 0.0002, -1e-08]
4418;Ц;Ц 103-145-4418;Ц 103;1030;930 - 5760;671 - 1333;2713;75;128088;1450;[1333, 0, -1.9953221450617284e-05];[0, 0.0002, -1e-08]
4419;Ц;Ц 34-197-4419;Ц 34;340;1008 - 7062;609 - 705;1471;73;143752;2900;[705, 0, -1.9249338364147915e-06];[0, 0.0002, -1e-08]
4420;УВО;УВО 44-175-4420;УВО 44;440;1520 - 9522;396 - 613;4595;65;49463;2900;[563, 0.02, -3.942273921774186e-06];[0, 0.0002, -1e-08]
4421;ВО;ВО 33-175-4421;ВО 33;330;1170 - 6506;543 - 762;4974;83;135517;2900;[712, 0.02, -7.066711056473303e-06];[0, 0.0002, -1e-08]
4422;ВР;ВР 40-140-4422;ВР 40;400;1806 - 7187;651 - 890;1933;65;64460;1000;[890, 0, -4.6270331527312595e-06];[0, 0.0002, -1e-08]
4423;ВР;ВР 82-182-4423;ВР 82;820;1632 - 3884;388 - 1435;4040;92;37462;;;
4424;ВО;ВО 107-167-4424;ВО 107;1070;1196 - 9180;232 - 666;792;93;128257;1450;[616, 0.02, -6.735301237415809e-06];[0, 0.0002, -1e-08]
4425;ВО;ВО 34-176-4425;ВО 34;340;501 - 9901;99 - 593;4461;76;147440;1000;[543, 0.02, -6.549232921527608e-06];[0, 0.0002, -1e-08]
4426;УВО;УВО 51-180-4426;УВО 51;510;1408 - 8200;869 - 1040;1457;90;29720;1450;[990, 0.02, -4.238548483045806e-06];[0, 0.0002, -1e-08]
4427;ВКОП;ВКОП 79-125-4427;ВКОП 79;790;1644 - 7954;414 - 762;3588;72;51938;;;
4428;ВО;ВО 80-139-4428;ВО 80;800;910 - 7027;63 - 371;4759;110;58915;;;
4429;ВКОП;ВКОП 55-118-4429;ВКОП 55;550;1214 - 5398;124 - 692;623;103;147672;1000;[642, 0.02, -2.1482302187861765e-05];[0, 0.0002, -1e-08]
4430;ВР;ВР 103-105-4430;ВР 103;1030;1245 - 7243;640 - 798;2091;97;11902;1000;[798, 0, -3.0117583047186114e-06];[0, 0.0002, -1e-08]
4431;Ц;Ц 116-110-4431;Ц 116;1160;836 - 10417;595 - 645;260;93;107977;1000;[645, 0, -4.607705102155172e-07];[0, 0.0002, -1e-08]
4432;УВО;УВО 53-117-4432;УВО 53;530;818 - 10384;651 - 1065;2645;96;144917;2900;[1015, 0.02, -5.301803651938149e-06];[0, 0.0002, -1e-08]
4433;УВО;УВО 110-104-4433;УВО 110;1100;1138 - 3771;621 - 695;4205;81;147295;;;
4434;ВЦ;ВЦ 76-184-4434;ВЦ 76;760;1514 - 9696;169 - 502;3036;71;66743;1000;[502, 0, -3.542085334771101e-06];[0, 0.0002, -1e-08]
4435;ВКОП;ВКОП 28-153-4435;ВКОП 28;280;703 - 2584;295 - 533;971;94;37653;;;
4436;Ц;Ц 46-145-4436;Ц 46;460;1791 - 8375;304 - 1158;1527;67;197265;;;
4437;ВР;ВР 36-196-4437;ВР 36;360;1355 - 7369;350 - 1002;2584;76;90501;;;
4438;Ц;Ц 30-188-4438;Ц 30;300;510 - 2021;522 - 1154;2418;89;39744;;;
4439;ВЦ;ВЦ 93-126-4439;ВЦ 93;930;1109 - 9631;444 - 537;679;93;21980;1450;[537, 0, -1.0026288172922551e-06];[0, 0.0002, -1e-08]
4440;Ц;Ц 58-112-4440;Ц 58;580;829 - 6806;128 - 1360;2333;98;63827;;;
4441;ВКОП;ВКОП 90-187-4441;ВКОП 90;900;1125 - 4535;485 - 961;347;75;84259;;;
4442;ВО;ВО 94-118-4442;ВО 94;940;1170 - 6830;370 - 1083;2364;68;35403;1450;[1033, 0.02, -1.7140811466079585e-05];[0, 0.0002, -1e-08]
4443;Ц;Ц 119-138-4443;Ц 119;1190;546 - 9313;753 - 1348;4800;103;21763;;;
4444;ВО;ВО 67-125-4444;ВО 67;670;1985 - 10631;196 - 791;3584;94;82834;2900;[741, 0.02, -6.7035244008261644e-06];[0, 0.0002, -1e-08]
4445;ВР;ВР 59-147-4445;ВР 59;590;757 - 9262;181 - 1076;2254;100;126182;1450;[1076, 0, -1.0433102689101327e-05];[0, 0.0002, -1e-08]
4446;ВО;ВО 70-134-4446;ВО 70;700;1208 - 4234;331 - 472;2840;61;62103;;;
4447;ВКОП;ВКОП 96-123-4447;ВКОП 96;960;711 - 6867;774 - 888;4278;72;47916;1450;[838, 0.02, -4.269686315048859e-06];[0, 0.0002, -1e-08]
4448;ВКОП;ВКОП 101-143-4448;ВКОП 101;1010;1397 - 5938;402 - 1500;3853;66;22713;1450;[1450, 0.02, -3.3090333581736774e-05];[0, 0.0002, -1e-08]
4449;Ц;Ц 118-135-4449;Ц 118;1180;1303 - 5918;812 - 1197;3232;97;12913;2900;[1197, 0, -1.0992862805303209e-05];[0, 0.0002, -1e-08]
4450;ВЦ;ВЦ 100-175-4450;ВЦ 100;1000;1547 - 7479;200 - 659;1502;75;44785;;;
4451;УВО;УВО 29-115-4451;УВО 29;290;1880 - 11322;823 - 1015;4446;65;99096;2900;[965, 0.02, -2.8742230805886157e-06];[0, 0.0002, -1e-08]
4452;ВО;ВО 60-188-4452;ВО 60;600;1148 - 3511;920 - 1492;4830;109;10393;1450;[1442, 0.02, -4.804203674158792e-05];[0, 0.0002, -1e-08]
4453;УВО;УВО 108-166-4453;УВО 108;1080;1183 - 8330;202 - 559;2046;65;198403;;;
4454;ВКОП;ВКОП 49-135-4454;ВКОП 49;490;1798 - 5994;1022 - 1148;3618;98;143067;1000;[1098, 0.02, -5.452009678458349e-06];[0, 0.0002, -1e-08]
4455;ВКОП;ВКОП 58-183-4455;ВКОП 58;580;1046 - 10709;186 - 804;126;74;162419;1450;[754, 0.02, -6.82038467517166e-06];[0, 0.0002, -1e-08]
4456;ВКОП;ВКОП 101-155-4456;ВКОП 101;1010;773 - 2017;84 - 467;2058;66;52130;1000;[417, 0.02, -9.176830849529128e-05];[0, 0.0002, -1e-08]
4457;ВКОП;ВКОП 32-159-4457;ВКОП 32;320;1726 - 3550;407 - 528;367;99;153291;;;
4458;ВЦ;ВЦ 32-149-4458;ВЦ 32;320;1292 - 10972;328 - 999;4596;71;156362;;;
4459;ВКОП;ВКОП 70-144-4459;ВКОП 70;700;1715 - 9269;590 - 785;3301;67;82743;;;
4460;ВО;ВО 43-108-4460;ВО 43;430;556 - 6963;841 - 925;1566;81;84082;;;
4461;УВО;УВО 45-156-4461;УВО 45;450;672 - 2228;788 - 1319;2611;66;66012;1450;[1269, 0.02, -0.00010587463617932692];[0, 0.0002, -1e-08]
4462;Ц;Ц 78-140-4462;Ц 78;780;619 - 1999;645 - 1115;1272;73;95319;1000;[1115, 0, -0.00011761758818378675];[0, 0.0002, -1e-08]
4463;УВО;УВО 106-108-4463;УВО 106;1060;1564 - 5079;438 - 982;4948;107;168699;;;
4464;ВО;ВО 71-136-4464;ВО 71;710;527 - 7925;474 - 659;2224;80;180565;;;
4465;Ц;Ц 97-200-4465;Ц 97;970;674 - 1711;145 - 937;4103;60;75518;;;
4466;ВО;ВО 56-138-4466;ВО 56;560;816 - 8472;741 - 822;2408;60;36609;;;
4467;ВР;ВР 88-105-4467;ВР 88;880;780 - 2026;159 - 365;4863;63;174099;;;
4468;ВЦ;ВЦ 75-107-4468;ВЦ 75;750;873 - 6779;571 - 868;3679;98;64117;1450;[868, 0, -6.462866447519642e-06];[0, 0.0002, -1e-08]
4469;ВО;ВО 119-140-4469;ВО 119;1190;639 - 6079;1239 - 1367;3748;92;177317;;;
4470;ВКОП;ВКОП 81-104-4470;ВКОП 81;810;574 - 6814;546 - 699;2309;102;133600;;;
4471;Ц;Ц 35-172-4471;Ц 35;350;1108 - 6875;127 - 678;2671;63;116284;;;
4472;УВО;УВО 116-166-4472;УВО 116;1160;1571 - 3111;85 - 859;1590;62;126889;1450;[809, 0.02, -8.123516465304261e-05];[0, 0.0002, -1e-08]
4473;ВЦ;ВЦ 107-105-4473;ВЦ 107;1070;1206 - 6370;355 - 958;3152;109;159559;;;
4474;ВР;ВР 95-104-4474;ВР 95;950;1508 - 11306;443 - 767;1046;74;69543;;;
4475;ВКОП;ВКОП 83-175-4475;ВКОП 83;830;1404 - 7548;586 - 1466;2621;97;185657;1000;[1416, 0.02, -1.721819078968616e-05];[0, 0.0002, -1e-08]
4476;Ц;Ц 60-176-4476;Ц 60;600;1402 - 3931;813 - 1227;4459;105;63740;2900;[1227, 0, -2.679132874701162e-05];[0, 0.0002, -1e-08]
4477;УВО;УВО 116-180-4477;УВО 116;1160;1103 - 4330;444 - 1497;506;64;167679;;;
4478;УВО;УВО 86-195-4478;УВО 86;860;1648 - 8126;340 - 1421;2813;87;154117;1450;[1371, 0.02, -1.807490673140954e-05];[0, 0.0002, -1e-08]
4479;ВКОП;ВКОП 22-184-4479;ВКОП 22;220;1734 - 6567;935 - 1134;1969;85;34405;;;
4480;УВО;УВО 107-130-4480;УВО 107;1070;991 - 9396;257 - 924;2690;100;135288;;;
4481;ВКОП;ВКОП 110-127-4481;ВКОП 110;1100;1789 - 9115;593 - 751;4493;69;51473;;;
4482;ВО;ВО 114-168-4482;ВО 114;1140;635 - 2576;499 - 1102;2877;101;32424;2900;[1052, 0.02, -9.110012152308938e-05];[0, 0.0002, -1e-08]
4483;ВКОП;ВКОП 72-112-4483;ВКОП 72;720;1447 - 10130;553 - 1384;2995;108;133082;;;
4484;ВЦ;ВЦ 25-136-4484;ВЦ 25;250;1077 - 2633;149 - 1038;849;62;150126;;;
4485;ВР;ВР 20-121-4485;ВР 20;200;1932 - 3685;503 - 1089;2689;83;150957;;;
4486;ВР;ВР 40-109-4486;ВР 40;400;1135 - 2892;258 - 1137;472;85;165654;1000;[1137, 0, -0.00010509747880833089];[0, 0.0002, -1e-08]
4487;ВКОП;ВКОП 92-142-4487;ВКОП 92;920;682 - 6523;225 - 455;2854;89;182299;;;
4488;Ц;Ц 37-162-4488;Ц 37;370;1388 - 5196;690 - 823;4858;83;92241;1450;[823, 0, -4.926214930535184e-06];[0, 0.0002, -1e-08]
4489;ВР;ВР 88-157-4489;ВР 88;880;1648 - 10914;570 - 708;1704;72;76809;1000;[708, 0, -1.1585404123577779e-06];[0, 0.0002, -1e-08]
4490;УВО;УВО 20-107-4490;УВО 20;200;1165 - 11031;797 - 1184;4438;69;150238;;;
4491;ВЦ;ВЦ 82-195-4491;ВЦ 82;820;1165 - 10727;212 - 336;3342;98;35622;1450;[336, 0, -1.0776187118895037e-06];[0, 0.0002, -1e-08]
4492;УВО;УВО 43-136-4492;УВО 43;430;1298 - 3275;190 - 483;813;60;99550;1450;[433, 0.02, -2.876289260532603e-05];[0, 0.0002, -1e-08]
4493;ВКОП;ВКОП 28-131-4493;ВКОП 28;280;1766 - 9032;1019 - 1330;2198;73;192819;;;
4494;ВКОП;ВКОП 59-191-4494;ВКОП 59;590;731 - 1911;102 - 537;3855;76;175872;;;
4495;ВО;ВО 26-143-4495;ВО 26;260;578 - 6872;394 - 848;4658;88;91156;1000;[798, 0.02, -1.146526336902563e-05];[0, 0.0002, -1e-08]
4496;Ц;Ц 117-167-4496;Ц 117;1170;1063 - 2886;677 - 1366;3315;95;112562;1450;[1366, 0, -8.272305569602867e-05];[0, 0.0002, -1e-08]
4497;ВО;ВО 22-188-4497;ВО 22;220;1056 - 2680;686 - 1128;2916;95;111227;;;
4498;ВР;ВР 105-181-4498;ВР 105;1050;547 - 5397;264 - 423;3725;86;156103;;;
4499;ВО;ВО 25-166-4499;ВО 25;250;1101 - 9707;978 - 1083;1988;69;138335;;;
4500;ВО;ВО 97-118-4500;ВО 97;970;1787 - 3596;1110 - 1391;3009;103;97783;;;
4501;ВЦ;ВЦ 119-119-4501;ВЦ 119;1190;1071 - 4415;449 - 1365;1901;72;173630;1450;[1365, 0, -4.699309596518612e-05];[0, 0.0002, -1e-08]
4502;ВЦ;ВЦ 62-121-4502;ВЦ 62;620;532 - 9215;509 - 630;4327;81;133870;1450;[630, 0, -1.4249338097636818e-06];[0, 0.0002, -1e-08]
4503;Ц;Ц 100-110-4503;Ц 100;1000;1136 - 8631;939 - 1465;3307;106;25903;;;
4504;ВЦ;ВЦ 22-133-4504;ВЦ 22;220;1060 - 2960;1013 - 1247;4008;106;29975;;;
4505;ВЦ;ВЦ 117-119-4505;ВЦ 117;1170;1402 - 6528;167 - 365;4099;107;31591;1000;[365, 0, -4.6462748702422146e-06];[0, 0.0002, -1e-08]
4506;Ц;Ц 62-116-4506;Ц 62;620;752 - 1871;157 - 979;1020;98;149499;;;
4507;ВЦ;ВЦ 112-117-4507;ВЦ 112;1120;878 - 2755;84 - 546;2248;93;135599;1000;[546, 0, -6.086936472541263e-05];[0, 0.0002, -1e-08]
4508;ВКОП;ВКОП 86-182-4508;ВКОП 86;860;1052 - 4701;538 - 1050;3369;80;92314;1450;[1000, 0.02, -2.5159957955421504e-05];[0, 0.0002, -1e-08]
4509;ВР;ВР 53-167-4509;ВР 53;530;1224 - 2673;70 - 488;2384;65;56898;;;
4510;ВО;ВО 94-175-4510;ВО 94;940;1407 - 8167;784 - 1180;494;86;118306;;;
4511;ВР;ВР 111-133-4511;ВР 111;1110;557 - 6112;273 - 842;3087;108;65006;2900;[842, 0, -1.5231601724185192e-05];[0, 0.0002, -1e-08]
4512;ВО;ВО 39-131-4512;ВО 39;390;1403 - 7341;476 - 610;3892;69;196283;;;
4513;ВР;ВР 59-139-4513;ВР 59;590;679 - 8846;319 - 775;2445;78;66803;1450;[775, 0, -5.827348246267213e-06];[0, 0.0002, -1e-08]
4514;ВР;ВР 57-143-4514;ВР 57;570;1903 - 7649;194 - 1121;4598;60;144780;;;
4515;ВО;ВО 105-195-4515;ВО 105;1050;1539 - 10238;563 - 767;2684;109;106689;1450;[717, 0.02, -3.4227388543369124e-06];[0, 0.0002, -1e-08]
4516;ВР;ВР 85-143-4516;ВР 85;850;556 - 8479;278 - 521;2154;61;97482;;;
4517;ВЦ;ВЦ 37-200-4517;ВЦ 37;370;1762 - 6171;829 - 1373;2052;105;164096;;;
4518;ВЦ;ВЦ 84-100-4518;ВЦ 84;840;1568 - 4837;149 - 588;2159;90;168092;1000;[588, 0, -1.876343492928386e-05];[0, 0.0002, -1e-08]
4519;УВО;УВО 56-125-4519;УВО 56;560;665 - 7901;466 - 1286;1719;103;21749;2900;[1236, 0.02, -1.4865968640114046e-05];[0, 0.0002, -1e-08]
4520;Ц;Ц 118-159-4520;Ц 118;1180;1406 - 5696;64 - 474;2150;102;74098;1000;[474, 0, -1.2636997380381264e-05];[0, 0.0002, -1e-08]
4521;УВО;УВО 101-138-4521;УВО 101;1010;1242 - 6626;421 - 1435;4216;66;172818;;;
4522;ВР;ВР 33-195-4522;ВР 33;330;957 - 8299;171 - 411;4137;62;150809;1450;[411, 0, -3.4846544023577404e-06];[0, 0.0002, -1e-08]
4523;ВР;ВР 91-148-4523;ВР 91;910;1266 - 9258;404 - 472;3577;103;121961;1450;[472, 0, -7.933677813624001e-07];[0, 0.0002, -1e-08]
4524;УВО;УВО 31-106-4524;УВО 31;310;1745 - 9145;254 - 1312;3687;82;150793;1000;[1262, 0.02, -1.4239930695576195e-05];[0, 0.0002, -1e-08]
4525;ВО;ВО 63-122-4525;ВО 63;630;846 - 8120;680 - 1074;4731;102;177510;2900;[1024, 0.02, -7.680361086170497e-06];[0, 0.0002, -1e-08]
4526;ВЦ;ВЦ 74-100-4526;ВЦ 74;740;1806 - 5827;67 - 732;3036;92;105918;;;
4527;ВЦ;ВЦ 70-189-4527;ВЦ 70;700;919 - 5745;935 - 1388;4369;74;127673;1450;[1388, 0, -1.3725182756262114e-05];[0, 0.0002, -1e-08]
4528;ВКОП;ВКОП 114-133-4528;ВКОП 114;1140;775 - 2865;1071 - 1129;1531;79;137797;;;
4529;ВР;ВР 44-120-4529;ВР 44;440;1604 - 9459;407 - 1199;4135;87;147431;2900;[1199, 0, -8.851863956105217e-06];[0, 0.0002, -1e-08]
4530;ВО;ВО 104-108-4530;ВО 104;1040;932 - 9268;635 - 867;2821;109;30500;;;
4531;ВКОП;ВКОП 100-145-4531;ВКОП 100;1000;874 - 5097;382 - 762;2790;85;61038;;;
4532;ВКОП;ВКОП 110-144-4532;ВКОП 110;1100;921 - 8692;199 - 705;4094;67;174643;;;
4533;ВЦ;ВЦ 51-199-4533;ВЦ 51;510;1929 - 4420;696 - 937;2914;81;106911;;;
4534;УВО;УВО 50-113-4534;УВО 50;500;805 - 4532;335 - 593;3902;83;74527;;;
4535;УВО;УВО 43-130-4535;УВО 43;430;958 - 10223;97 - 872;2792;69;185730;2900;[822, 0.02, -8.893526075452746e-06];[0, 0.0002, -1e-08]
4536;ВР;ВР 57-199-4536;ВР 57;570;817 - 3547;1314 - 1399;3810;72;189986;1450;[1399, 0, -6.756107461532512e-06];[0, 0.0002, -1e-08]
4537;ВКОП;ВКОП 48-166-4537;ВКОП 48;480;1145 - 5606;306 - 799;3137;78;19756;1000;[749, 0.02, -1.7663659635864892e-05];[0, 0.0002, -1e-08]
4538;Ц;Ц 92-115-4538;Ц 92;920;1293 - 7572;771 - 1021;1606;88;66344;1000;[1021, 0, -4.360324369064552e-06];[0, 0.0002, -1e-08]
4539;ВР;ВР 105-129-4539;ВР 105;1050;1984 - 10565;460 - 1415;1977;95;113006;;;
4540;Ц;Ц 105-132-4540;Ц 105;1050;1980 - 4024;882 - 1308;4669;105;129346;;;
4541;ВР;ВР 119-165-4541;ВР 119;1190;1157 - 6452;199 - 595;213;94;55708;;;
4542;ВР;ВР 59-181-4542;ВР 59;590;1095 - 8590;163 - 497;3056;78;29252;;;
4543;Ц;Ц 25-152-4543;Ц 25;250;1233 - 2965;1102 - 1208;4652;96;119298;;;
4544;ВР;ВР 43-135-4544;ВР 43;430;1634 - 9533;80 - 631;4032;108;139917;1000;[631, 0, -6.063067633387405e-06];[0, 0.0002, -1e-08]
4545;ВЦ;ВЦ 102-188-4545;ВЦ 102;1020;871 - 2420;855 - 975;186;61;70210;;;
4546;ВКОП;ВКОП 70-183-4546;ВКОП 70;700;1773 - 6128;625 - 1366;3481;87;32174;;;
4547;ВО;ВО 50-132-4547;ВО 50;500;1474 - 8569;201 - 851;1361;77;90259;2900;[801, 0.02, -1.0505291043805625e-05];[0, 0.0002, -1e-08]
4548;Ц;Ц 53-109-4548;Ц 53;530;1075 - 3323;398 - 1075;4184;82;62814;;;
4549;ВО;ВО 52-193-4549;ВО 52;520;1022 - 2356;265 - 537;4940;76;117436;1000;[487, 0.02, -4.848366054519617e-05];[0, 0.0002, -1e-08]
4550;УВО;УВО 83-114-4550;УВО 83;830;745 - 8717;133 - 769;2976;72;57006;;;
4551;Ц;Ц 79-161-4551;Ц 79;790;538 - 4654;275 - 349;3536;81;88587;2900;[349, 0, -3.4164806223682713e-06];[0, 0.0002, -1e-08]
4552;ВКОП;ВКОП 107-107-4552;ВКОП 107;1070;1016 - 10866;281 - 350;1172;73;61057;1000;[300, 0.02, -2.0015252652419044e-06];[0, 0.0002, -1e-08]
4553;Ц;Ц 80-112-4553;Ц 80;800;1509 - 3710;635 - 758;4584;84;149164;1000;[758, 0, -8.936290785449104e-06];[0, 0.0002, -1e-08]
4554;ВО;ВО 42-151-4554;ВО 42;420;1501 - 8218;303 - 490;4624;71;167246;1000;[440, 0.02, -4.462244196106334e-06];[0, 0.0002, -1e-08]
4555;ВО;ВО 48-111-4555;ВО 48;480;1760 - 10833;154 - 607;636;102;97574;1450;[557, 0.02, -5.280268129844422e-06];[0, 0.0002, -1e-08]
4556;ВКОП;ВКОП 25-170-4556;ВКОП 25;250;549 - 1610;442 - 914;942;90;77083;;;
4557;ВР;ВР 61-190-4557;ВР 61;610;1344 - 9368;609 - 1142;794;93;55332;2900;[1142, 0, -6.0734218127958545e-06];[0, 0.0002, -1e-08]
4558;ВЦ;ВЦ 28-118-4558;ВЦ 28;280;672 - 8164;376 - 600;1386;88;100455;;;
4559;УВО;УВО 99-152-4559;УВО 99;990;832 - 6392;276 - 460;2681;79;195524;1450;[410, 0.02, -6.40858958554263e-06];[0, 0.0002, -1e-08]
4560;Ц;Ц 117-172-4560;Ц 117;1170;1082 - 2612;494 - 751;1562;60;57968;;;
4561;ВКОП;ВКОП 62-183-4561;ВКОП 62;620;1239 - 2485;1017 - 1137;4843;77;149361;1000;[1087, 0.02, -1.9383909088332814e-05];[0, 0.0002, -1e-08]
4562;Ц;Ц 27-144-4562;Ц 27;270;1228 - 3466;282 - 839;2980;72;115126;1000;[839, 0, -4.636583425704286e-05];[0, 0.0002, -1e-08]
4563;ВР;ВР 88-140-4563;ВР 88;880;1350 - 2525;619 - 1240;2584;70;39318;1000;[1240, 0, -9.740221546907166e-05];[0, 0.0002, -1e-08]
4564;ВКОП;ВКОП 114-155-4564;ВКОП 114;1140;702 - 6261;80 - 556;132;94;83658;;;
4565;Ц;Ц 103-124-4565;Ц 103;1030;1327 - 10249;364 - 894;1392;69;187778;2900;[894, 0, -5.045600759262002e-06];[0, 0.0002, -1e-08]
4566;ВР;ВР 115-149-4566;ВР 115;1150;1087 - 9246;857 - 1427;260;100;79897;;;
4567;ВЦ;ВЦ 93-186-4567;ВЦ 93;930;1469 - 10635;562 - 1263;4321;71;189310;1000;[1263, 0, -6.197878088798971e-06];[0, 0.0002, -1e-08]
4568;ВО;ВО 109-114-4568;ВО 109;1090;897 - 5631;817 - 1371;1176;104;101123;;;
4569;УВО;УВО 53-171-4569;УВО 53;530;1753 - 2860;303 - 732;3572;68;136534;2900;[682, 0.02, -5.332779109002885e-05];[0, 0.0002, -1e-08]
4570;Ц;Ц 70-145-4570;Ц 70;700;1612 - 7435;247 - 360;4081;86;16516;;;
4571;ВКОП;ВКОП 46-158-4571;ВКОП 46;460;1414 - 8848;400 - 687;1274;64;152351;2900;[637, 0.02, -5.287716352363731e-06];[0, 0.0002, -1e-08]
4572;ВО;ВО 67-168-4572;ВО 67;670;1966 - 5839;491 - 1329;1972;68;132800;2900;[1279, 0.02, -2.653786873032292e-05];[0, 0.0002, -1e-08]
4573;ВР;ВР 67-186-4573;ВР 67;670;1210 - 10244;283 - 342;969;70;178086;1000;[342, 0, -5.622285198592836e-07];[0, 0.0002, -1e-08]
4574;ВО;ВО 51-195-4574;ВО 51;510;733 - 6343;1384 - 1461;2769;99;148218;;;
4575;УВО;УВО 71-138-4575;УВО 71;710;1020 - 3753;499 - 1395;2425;69;69849;1450;[1345, 0.02, -6.539292946138693e-05];[0, 0.0002, -1e-08]
4576;ВЦ;ВЦ 30-173-4576;ВЦ 30;300;1725 - 5904;840 - 1347;2430;74;156268;;;
4577;Ц;Ц 41-196-4577;Ц 41;410;1662 - 8827;51 - 448;4662;82;126887;;;
4578;УВО;УВО 99-197-4578;УВО 99;990;983 - 10502;226 - 427;1950;108;146205;2900;[377, 0.02, -3.273492065662348e-06];[0, 0.0002, -1e-08]
4579;Ц;Ц 55-194-4579;Ц 55;550;1946 - 8251;662 - 888;207;76;111617;;;
4580;ВР;ВР 90-151-4580;ВР 90;900;1432 - 6501;657 - 1028;1324;71;160736;;;
4581;ВР;ВР 113-198-4581;ВР 113;1130;947 - 9829;149 - 931;884;60;149723;1000;[931, 0, -8.094463758389324e-06];[0, 0.0002, -1e-08]
4582;УВО;УВО 25-124-4582;УВО 25;250;545 - 7944;233 - 774;1824;91;103524;;;
4583;УВО;УВО 67-143-4583;УВО 67;670;1266 - 2761;126 - 323;4830;108;174329;;;
4584;ВКОП;ВКОП 35-125-4584;ВКОП 35;350;1423 - 3701;87 - 698;4865;87;79753;2900;[648, 0.02, -4.636061979933273e-05];[0, 0.0002, -1e-08]
4585;Ц;Ц 63-165-4585;Ц 63;630;580 - 2553;720 - 1331;3245;67;54132;2900;[1331, 0, -9.374315816864226e-05];[0, 0.0002, -1e-08]
4586;ВКОП;ВКОП 45-118-4586;ВКОП 45;450;1781 - 9184;440 - 616;4331;68;186325;1000;[566, 0.02, -3.6715496728138014e-06];[0, 0.0002, -1e-08]
4587;Ц;Ц 61-186-4587;Ц 61;610;575 - 3122;157 - 533;1549;104;193301;;;
4588;ВКОП;ВКОП 21-186-4588;ВКОП 21;210;1334 - 10284;1207 - 1387;2999;102;160429;;;
4589;Ц;Ц 115-197-4589;Ц 115;1150;1696 - 5508;433 - 1472;3197;89;183469;;;
4590;ВЦ;ВЦ 89-107-4590;ВЦ 89;890;685 - 2168;192 - 559;4225;95;192858;;;
4591;ВР;ВР 78-196-4591;ВР 78;780;731 - 4715;298 - 476;3595;108;174886;1000;[476, 0, -8.006756262869005e-06];[0, 0.0002, -1e-08]
4592;ВЦ;ВЦ 109-117-4592;ВЦ 109;1090;1064 - 6735;164 - 336;3174;103;75696;;;
4593;ВКОП;ВКОП 45-180-4593;ВКОП 45;450;601 - 3973;539 - 679;2092;77;169587;1000;[629, 0.02, -1.073569270653934e-05];[0, 0.0002, -1e-08]
4594;УВО;УВО 96-194-4594;УВО 96;960;821 - 5240;540 - 1301;2204;65;42624;2900;[1251, 0.02, -2.9711263912359418e-05];[0, 0.0002, -1e-08]
4595;ВР;ВР 26-183-4595;ВР 26;260;739 - 3802;60 - 401;615;69;114039;;;
4596;ВО;ВО 84-178-4596;ВО 84;840;1444 - 3566;173 - 501;1293;60;171190;1450;[451, 0.02, -2.7470133739571304e-05];[0, 0.0002, -1e-08]
4597;Ц;Ц 83-158-4597;Ц 83;830;1049 - 9675;785 - 1165;4232;60;128657;1000;[1165, 0, -4.059585094378677e-06];[0, 0.0002, -1e-08]
4598;ВО;ВО 44-176-4598;ВО 44;440;1550 - 8920;781 - 1095;2682;73;42830;1450;[1045, 0.02, -5.5601359367773326e-06];[0, 0.0002, -1e-08]
4599;ВР;ВР 83-155-4599;ВР 83;830;1768 - 6415;213 - 374;1407;106;93133;;;
4600;ВЦ;ВЦ 90-187-4600;ВЦ 90;900;1280 - 2784;636 - 1341;2534;107;90069;2900;[1341, 0, -9.096004260800634e-05];[0, 0.0002, -1e-08]
4601;ВР;ВР 86-153-4601;ВР 86;860;1581 - 9606;386 - 507;3470;93;40644;;;
4602;ВКОП;ВКОП 27-168-4602;ВКОП 27;270;1876 - 10420;316 - 774;4844;80;16295;1000;[724, 0.02, -5.6771084692437764e-06];[0, 0.0002, -1e-08]
4603;ВКОП;ВКОП 64-117-4603;ВКОП 64;640;1974 - 11787;693 - 1023;3142;62;69400;2900;[973, 0.02, -3.7121391621907624e-06];[0, 0.0002, -1e-08]
4604;Ц;Ц 57-148-4604;Ц 57;570;1263 - 5921;363 - 537;4034;89;130366;2900;[537, 0, -4.9631697152176e-06];[0, 0.0002, -1e-08]
4605;ВО;ВО 81-146-4605;ВО 81;810;1654 - 10668;471 - 629;989;85;113267;1450;[579, 0.02, -2.8237471440929276e-06];[0, 0.0002, -1e-08]
4606;Ц;Ц 64-175-4606;Ц 64;640;1673 - 10577;620 - 739;2802;80;23933;;;
4607;УВО;УВО 63-198-4607;УВО 63;630;1425 - 4845;410 - 751;1591;94;116722;1000;[701, 0.02, -1.6524647988574605e-05];[0, 0.0002, -1e-08]
4608;Ц;Ц 74-158-4608;Ц 74;740;1850 - 10710;251 - 411;1973;108;161003;2900;[411, 0, -1.3948934693703189e-06];[0, 0.0002, -1e-08]
4609;ВЦ;ВЦ 112-136-4609;ВЦ 112;1120;1508 - 3977;386 - 778;1750;96;158206;;;
4610;ВКОП;ВКОП 28-119-4610;ВКОП 28;280;825 - 8211;593 - 908;1279;108;87679;2900;[858, 0.02, -6.366310933728917e-06];[0, 0.0002, -1e-08]
4611;ВР;ВР 42-193-4611;ВР 42;420;662 - 3895;265 - 446;2824;94;74027;1450;[446, 0, -1.193063751460432e-05];[0, 0.0002, -1e-08]
4612;ВКОП;ВКОП 42-159-4612;ВКОП 42;420;1847 - 7150;684 - 1025;1664;71;123417;;;
4613;УВО;УВО 27-200-4613;УВО 27;270;1463 - 7413;591 - 1288;3907;60;12008;1000;[1238, 0.02, -1.4471752903854231e-05];[0, 0.0002, -1e-08]
4614;ВО;ВО 43-195-4614;ВО 43;430;1320 - 3885;882 - 949;1114;60;174441;2900;[899, 0.02, -6.274338320670368e-06];[0, 0.0002, -1e-08]
4615;ВЦ;ВЦ 95-147-4615;ВЦ 95;950;1054 - 4320;291 - 767;3012;93;37956;1450;[767, 0, -2.5505829903978052e-05];[0, 0.0002, -1e-08]
4616;ВО;ВО 50-167-4616;ВО 50;500;1229 - 4696;475 - 934;3485;108;115662;;;
4617;ВКОП;ВКОП 50-186-4617;ВКОП 50;500;1797 - 9201;77 - 426;4870;96;52122;;;
4618;ВЦ;ВЦ 86-161-4618;ВЦ 86;860;1420 - 8199;348 - 1246;3205;94;19849;1450;[1246, 0, -1.3358403695154623e-05];[0, 0.0002, -1e-08]
4619;ВЦ;ВЦ 114-173-4619;ВЦ 114;1140;1140 - 5083;453 - 748;1189;73;14277;;;
4620;ВЦ;ВЦ 41-111-4620;ВЦ 41;410;1435 - 3818;165 - 340;1354;64;174020;;;
4621;УВО;УВО 113-126-4621;УВО 113;1130;1757 - 3301;610 - 898;3301;91;190271;;;
4622;ВКОП;ВКОП 62-111-4622;ВКОП 62;620;1318 - 2535;234 - 1136;4257;77;60323;1000;[1086, 0.02, -0.00014047127201428523];[0, 0.0002, -1e-08]
4623;ВО;ВО 62-153-4623;ВО 62;620;1772 - 3332;392 - 813;2495;62;189801;1000;[763, 0.02, -3.9419128996136265e-05];[0, 0.0002, -1e-08]
4624;ВР;ВР 63-129-4624;ВР 63;630;1767 - 11045;814 - 952;3161;67;146950;2900;[952, 0, -1.1312214876341301e-06];[0, 0.0002, -1e-08]
4625;ВЦ;ВЦ 73-147-4625;ВЦ 73;730;543 - 3057;418 - 698;4325;72;75141;;;
4626;Ц;Ц 57-107-4626;Ц 57;570;869 - 10234;285 - 1279;2043;93;39518;1000;[1279, 0, -9.49064129198907e-06];[0, 0.0002, -1e-08]
4627;ВР;ВР 35-157-4627;ВР 35;350;1191 - 5372;230 - 593;533;77;91765;;;
4628;ВР;ВР 61-195-4628;ВР 61;610;1670 - 4844;261 - 497;3108;108;17806;;;
4629;ВО;ВО 79-152-4629;ВО 79;790;895 - 5525;62 - 628;1619;69;49367;1450;[578, 0.02, -2.0523740300157655e-05];[0, 0.0002, -1e-08]
4630;Ц;Ц 107-197-4630;Ц 107;1070;1037 - 6660;499 - 789;2486;97;184441;;;
4631;ВКОП;ВКОП 33-147-4631;ВКОП 33;330;1594 - 11215;243 - 1060;1730;78;121608;;;
4632;ВЦ;ВЦ 85-144-4632;ВЦ 85;850;1248 - 2756;148 - 345;3726;91;75194;;;
4633;ВР;ВР 26-140-4633;ВР 26;260;1793 - 10065;92 - 1098;2807;76;146153;1000;[1098, 0, -9.930484143183565e-06];[0, 0.0002, -1e-08]
4634;УВО;УВО 110-120-4634;УВО 110;1100;811 - 8742;71 - 658;2900;66;106969;2900;[608, 0.02, -9.314526531719088e-06];[0, 0.0002, -1e-08]
4635;ВО;ВО 55-147-4635;ВО 55;550;1410 - 3493;173 - 1451;3380;87;155033;;;
4636;ВЦ;ВЦ 103-159-4636;ВЦ 103;1030;1788 - 10766;59 - 880;150;87;90985;;;
4637;ВКОП;ВКОП 102-158-4637;ВКОП 102;1020;1426 - 8769;571 - 1117;3123;74;120361;1450;[1067, 0.02, -8.731085871357051e-06];[0, 0.0002, -1e-08]
4638;Ц;Ц 81-195-4638;Ц 81;810;961 - 10316;179 - 674;1395;83;149909;1450;[674, 0, -4.65138761322887e-06];[0, 0.0002, -1e-08]
4639;ВО;ВО 53-184-4639;ВО 53;530;648 - 2016;120 - 399;2267;93;37833;1000;[349, 0.02, -6.626551083396321e-05];[0, 0.0002, -1e-08]
4640;ВКОП;ВКОП 86-172-4640;ВКОП 86;860;860 - 2235;634 - 968;1377;72;48432;1450;[918, 0.02, -6.580284171383671e-05];[0, 0.0002, -1e-08]
4641;ВЦ;ВЦ 43-137-4641;ВЦ 43;430;703 - 4592;1263 - 1342;908;70;96292;2900;[1342, 0, -3.7464792579732668e-06];[0, 0.0002, -1e-08]
4642;ВЦ;ВЦ 75-191-4642;ВЦ 75;750;1521 - 6543;211 - 397;3208;89;42663;1450;[397, 0, -4.344693094033244e-06];[0, 0.0002, -1e-08]
4643;ВР;ВР 44-146-4643;ВР 44;440;1960 - 9865;179 - 384;3355;73;106154;;;
4644;УВО;УВО 112-138-4644;УВО 112;1120;1335 - 5348;319 - 422;2074;62;143570;;;
4645;УВО;УВО 108-147-4645;УВО 108;1080;819 - 10103;256 - 640;2013;69;31516;1000;[590, 0.02, -5.251854625458343e-06];[0, 0.0002, -1e-08]
4646;ВЦ;ВЦ 39-139-4646;ВЦ 39;390;1503 - 8701;407 - 516;3857;60;141647;2900;[516, 0, -1.4397535585721666e-06];[0, 0.0002, -1e-08]
4647;ВО;ВО 24-145-4647;ВО 24;240;1639 - 8090;650 - 734;2179;61;119865;1450;[684, 0.02, -2.991683486610001e-06];[0, 0.0002, -1e-08]
4648;ВО;ВО 94-171-4648;ВО 94;940;1271 - 3759;853 - 1060;2021;95;64153;2900;[1010, 0.02, -1.6431611396990577e-05];[0, 0.0002, -1e-08]
4649;ВКОП;ВКОП 31-190-4649;ВКОП 31;310;731 - 7421;860 - 1117;431;66;163502;;;
4650;ВЦ;ВЦ 85-160-4650;ВЦ 85;850;1842 - 6261;425 - 1237;1673;89;129963;1000;[1237, 0, -2.0714221774978704e-05];[0, 0.0002, -1e-08]
4651;ВКОП;ВКОП 26-184-4651;ВКОП 26;260;1255 - 8968;95 - 1430;3218;72;28952;;;
4652;ВЦ;ВЦ 31-177-4652;ВЦ 31;310;1276 - 9180;356 - 542;2621;109;148532;1000;[542, 0, -2.207128312472411e-06];[0, 0.0002, -1e-08]
4653;ВКОП;ВКОП 89-103-4653;ВКОП 89;890;1397 - 4885;758 - 1352;1150;93;96080;1000;[1302, 0.02, -2.6890749259582477e-05];[0, 0.0002, -1e-08]
4654;ВР;ВР 21-136-4654;ВР 21;210;832 - 8100;894 - 1266;440;95;119864;1450;[1266, 0, -5.66986739826246e-06];[0, 0.0002, -1e-08]
4655;УВО;УВО 45-177-4655;УВО 45;450;1150 - 7795;413 - 612;4786;95;48008;;;
4656;ВО;ВО 76-128-4656;ВО 76;760;1882 - 9915;1127 - 1238;1835;98;119850;;;
4657;ВЦ;ВЦ 110-193-4657;ВЦ 110;1100;1590 - 9563;1265 - 1466;4414;73;83112;;;
4658;УВО;УВО 93-115-4658;УВО 93;930;1391 - 7619;463 - 1167;636;97;142011;1000;[1117, 0.02, -1.3891329109821243e-05];[0, 0.0002, -1e-08]
4659;ВР;ВР 42-128-4659;ВР 42;420;850 - 5139;356 - 998;3117;71;76589;;;
4660;Ц;Ц 94-113-4660;Ц 94;940;1064 - 8713;166 - 959;520;105;114544;1000;[959, 0, -1.0445705062632804e-05];[0, 0.0002, -1e-08]
4661;ВО;ВО 101-167-4661;ВО 101;1010;1777 - 5396;98 - 469;2549;70;73396;;;
4662;ВКОП;ВКОП 34-149-4662;ВКОП 34;340;871 - 3624;224 - 914;274;89;98120;2900;[864, 0.02, -5.4249569950635693e-05];[0, 0.0002, -1e-08]
4663;ВО;ВО 100-148-4663;ВО 100;1000;872 - 5258;305 - 743;2600;82;199520;2900;[693, 0.02, -1.7838021390289223e-05];[0, 0.0002, -1e-08]
4664;Ц;Ц 38-181-4664;Ц 38;380;1430 - 6010;1047 - 1157;433;108;31208;;;
4665;ВО;ВО 113-141-4665;ВО 113;1130;595 - 9831;403 - 1157;3507;80;123823;;;
4666;УВО;УВО 108-145-4666;УВО 108;1080;1810 - 5680;357 - 663;968;79;47090;;;
4667;ВЦ;ВЦ 114-118-4667;ВЦ 114;1140;748 - 9873;795 - 1099;1071;85;125791;1450;[1099, 0, -3.118712274673936e-06];[0, 0.0002, -1e-08]
4668;УВО;УВО 104-194-4668;УВО 104;1040;1849 - 3224;697 - 1410;4661;105;164378;1000;[1360, 0.02, -6.998919394861122e-05];[0, 0.0002, -1e-08]
4669;ВО;ВО 98-114-4669;ВО 98;980;1693 - 6291;410 - 594;3391;108;89666;;;
4670;Ц;Ц 55-149-4670;Ц 55;550;1939 - 11205;264 - 1476;1392;83;137115;;;
4671;ВЦ;ВЦ 23-100-4671;ВЦ 23;230;1943 - 9274;137 - 346;3447;72;35374;;;
4672;ВР;ВР 87-158-4672;ВР 87;870;1603 - 11550;337 - 672;4889;75;67247;;;
4673;ВЦ;ВЦ 110-110-4673;ВЦ 110;1100;1471 - 5240;444 - 991;3283;85;143496;;;
4674;ВКОП;ВКОП 46-101-4674;ВКОП 46;460;1958 - 9062;950 - 1252;2664;75;125831;1000;[1202, 0.02, -5.275704128225085e-06];[0, 0.0002, -1e-08]
4675;ВР;ВР 104-114-4675;ВР 104;1040;937 - 3442;793 - 1000;1287;82;185624;;;
4676;Ц;Ц 34-161-4676;Ц 34;340;1048 - 9077;1296 - 1412;1538;77;108444;;;
4677;ВКОП;ВКОП 82-182-4677;ВКОП 82;820;687 - 7199;91 - 568;3268;95;164389;;;
4678;ВКОП;ВКОП 84-143-4678;ВКОП 84;840;631 - 2287;91 - 342;1706;76;127698;1450;[292, 0.02, -4.71744918953137e-05];[0, 0.0002, -1e-08]
4679;ВО;ВО 120-153-4679;ВО 120;1200;1753 - 8067;1107 - 1223;4834;97;124564;1000;[1173, 0.02, -3.493427557224238e-06];[0, 0.0002, -1e-08]
4680;УВО;УВО 108-123-4680;УВО 108;1080;902 - 3642;188 - 458;3951;105;99769;1450;[408, 0.02, -2.207753161073702e-05];[0, 0.0002, -1e-08]
4681;ВО;ВО 97-138-4681;ВО 97;970;1611 - 11433;243 - 673;4353;86;114159;;;
4682;ВКОП;ВКОП 83-147-4682;ВКОП 83;830;1458 - 6673;123 - 1134;3897;110;115269;2900;[1084, 0.02, -2.457862842378266e-05];[0, 0.0002, -1e-08]
4683;ВО;ВО 113-151-4683;ВО 113;1130;571 - 5238;414 - 626;3671;60;124101;2900;[576, 0.02, -9.722763469176477e-06];[0, 0.0002, -1e-08]
4684;ВР;ВР 100-127-4684;ВР 100;1000;880 - 6866;318 - 970;2990;71;90778;;;
4685;УВО;УВО 117-181-4685;УВО 117;1170;1546 - 8411;99 - 711;4198;106;123165;1450;[661, 0.02, -1.0321871728431219e-05];[0, 0.0002, -1e-08]
4686;ВР;ВР 30-179-4686;ВР 30;300;1019 - 9716;740 - 936;333;91;108487;1450;[936, 0, -2.076256758215748e-06];[0, 0.0002, -1e-08]
4687;ВР;ВР 72-131-4687;ВР 72;720;1296 - 6196;721 - 988;923;73;55615;;;
4688;Ц;Ц 111-142-4688;Ц 111;1110;1140 - 5184;333 - 1076;2488;76;125070;1000;[1076, 0, -2.76476885192806e-05];[0, 0.0002, -1e-08]
4689;УВО;УВО 84-184-4689;УВО 84;840;796 - 5783;372 - 710;3689;94;154337;1000;[660, 0.02, -1.2070057284481107e-05];[0, 0.0002, -1e-08]
4690;ВО;ВО 93-118-4690;ВО 93;930;1879 - 5357;219 - 606;2160;82;65951;1450;[556, 0.02, -1.547663696518809e-05];[0, 0.0002, -1e-08]
4691;ВР;ВР 57-126-4691;ВР 57;570;1519 - 6501;500 - 1219;1164;82;82777;;;
4692;ВР;ВР 42-192-4692;ВР 42;420;1920 - 5571;60 - 1053;2696;103;175951;;;
4693;ВО;ВО 109-125-4693;ВО 109;1090;691 - 10134;491 - 1068;1965;71;135119;;;
4694;ВР;ВР 21-140-4694;ВР 21;210;555 - 5780;668 - 1291;465;91;163944;2900;[1291, 0, -1.8648004693430396e-05];[0, 0.0002, -1e-08]
4695;Ц;Ц 76-113-4695;Ц 76;760;1359 - 7157;155 - 436;3351;100;180722;2900;[436, 0, -5.485854509398762e-06];[0, 0.0002, -1e-08]
4696;ВЦ;ВЦ 45-122-4696;ВЦ 45;450;1417 - 6490;158 - 394;2781;91;198650;1000;[394, 0, -5.603025633842275e-06];[0, 0.0002, -1e-08]
4697;УВО;УВО 54-163-4697;УВО 54;540;1149 - 2279;1078 - 1300;2253;86;107051;;;
4698;Ц;Ц 60-175-4698;Ц 60;600;853 - 7241;742 - 1043;140;71;28236;;;
4699;УВО;УВО 80-124-4699;УВО 80;800;917 - 3549;1313 - 1364;1453;61;127318;;;
4700;ВО;ВО 33-200-4700;ВО 33;330;1155 - 9648;436 - 694;1647;87;48563;2900;[644, 0.02, -4.307511640250929e-06];[0, 0.0002, -1e-08]
4701;УВО;УВО 22-200-4701;УВО 22;220;1278 - 4806;258 - 971;876;92;18759;1450;[921, 0.02, -3.286570106135537e-05];[0, 0.0002, -1e-08]
4702;ВР;ВР 28-157-4702;ВР 28;280;1936 - 10084;698 - 1308;2544;87;107632;1450;[1308, 0, -5.9987969363573665e-06];[0, 0.0002, -1e-08]
4703;ВО;ВО 96-103-4703;ВО 96;960;1575 - 9798;439 - 1147;2160;61;11572;;;
4704;ВО;ВО 66-121-4704;ВО 66;660;923 - 2326;351 - 1217;4050;91;153002;1450;[1167, 0.02, -0.00015942255071645144];[0, 0.0002, -1e-08]
4705;УВО;УВО 94-137-4705;УВО 94;940;1194 - 11082;956 - 1247;4254;96;49707;;;
4706;ВЦ;ВЦ 118-115-4706;ВЦ 118;1180;1185 - 10937;450 - 923;3695;101;107425;;;
4707;УВО;УВО 59-193-4707;УВО 59;590;1786 - 2857;345 - 649;4838;91;151576;2900;[599, 0.02, -3.811846175087893e-05];[0, 0.0002, -1e-08]
4708;ВЦ;ВЦ 64-135-4708;ВЦ 64;640;1638 - 6321;290 - 1359;542;97;82335;;;
4709;ВКОП;ВКОП 97-137-4709;ВКОП 97;970;1421 - 3207;764 - 1165;2426;108;152770;1450;[1115, 0.02, -4.0364228974095776e-05];[0, 0.0002, -1e-08]
4710;ВКОП;ВКОП 41-189-4710;ВКОП 41;410;1360 - 3254;327 - 744;3937;64;92705;;;
4711;Ц;Ц 78-121-4711;Ц 78;780;1783 - 8714;377 - 970;2797;81;96280;1000;[970, 0, -7.809434418371499e-06];[0, 0.0002, -1e-08]
4712;ВКОП;ВКОП 20-197-4712;ВКОП 20;200;757 - 6042;176 - 1150;451;104;160833;;;
4713;ВР;ВР 94-153-4713;ВР 94;940;1578 - 8909;1232 - 1488;1402;89;62794;1450;[1488, 0, -3.2253886060955233e-06];[0, 0.0002, -1e-08]
4714;ВО;ВО 57-172-4714;ВО 57;570;991 - 3436;321 - 433;4785;61;44592;;;
4715;УВО;УВО 100-180-4715;УВО 100;1000;738 - 2218;505 - 764;3987;75;76306;1000;[714, 0.02, -5.150091756844768e-05];[0, 0.0002, -1e-08]
4716;ВКОП;ВКОП 100-171-4716;ВКОП 100;1000;665 - 8036;795 - 1204;4448;82;19694;1450;[1154, 0.02, -8.048029759561318e-06];[0, 0.0002, -1e-08]
4717;УВО;УВО 68-150-4717;УВО 68;680;586 - 4106;384 - 788;809;77;70944;1450;[738, 0.02, -2.5868313368411237e-05];[0, 0.0002, -1e-08]
4718;ВКОП;ВКОП 70-175-4718;ВКОП 70;700;1529 - 9883;682 - 867;3071;93;109639;;;
4719;ВР;ВР 89-154-4719;ВР 89;890;1150 - 9059;715 - 1082;1821;92;138411;2900;[1082, 0, -4.4720386151151665e-06];[0, 0.0002, -1e-08]
4720;ВР;ВР 73-152-4720;ВР 73;730;1218 - 4757;674 - 1277;246;70;23489;;;
4721;ВО;ВО 30-135-4721;ВО 30;300;1612 - 6430;178 - 378;2545;81;175845;;;
4722;ВКОП;ВКОП 31-119-4722;ВКОП 31;310;1217 - 7197;1310 - 1453;151;78;35125;1000;[1403, 0.02, -4.574413068573394e-06];[0, 0.0002, -1e-08]
4723;ВР;ВР 109-172-4723;ВР 109;1090;692 - 9630;200 - 864;3457;83;196540;1000;[864, 0, -7.1600409330050926e-06];[0, 0.0002, -1e-08]
4724;ВО;ВО 118-186-4724;ВО 118;1180;535 - 3062;60 - 782;2336;62;164931;;;
4725;Ц;Ц 57-121-4725;Ц 57;570;1384 - 10758;316 - 750;4562;86;157416;1000;[750, 0, -3.7499601242719504e-06];[0, 0.0002, -1e-08]
4726;ВО;ВО 39-166-4726;ВО 39;390;1714 - 5324;628 - 879;2899;109;159880;2900;[829, 0.02, -1.0847777750808468e-05];[0, 0.0002, -1e-08]
4727;ВР;ВР 113-137-4727;ВР 113;1130;1883 - 4824;215 - 1262;2583;65;28216;1450;[1262, 0, -4.499166687293219e-05];[0, 0.0002, -1e-08]
4728;ВЦ;ВЦ 48-107-4728;ВЦ 48;480;1664 - 6040;726 - 823;2341;70;128292;;;
4729;ВР;ВР 99-161-4729;ВР 99;990;1864 - 4592;318 - 691;3840;84;53301;1450;[691, 0, -1.7689072952202892e-05];[0, 0.0002, -1e-08]
4730;ВР;ВР 56-200-4730;ВР 56;560;1282 - 8659;391 - 1095;4495;61;106276;1450;[1095, 0, -9.389385707575772e-06];[0, 0.0002, -1e-08]
4731;ВР;ВР 69-124-4731;ВР 69;690;1539 - 9384;653 - 1146;3956;60;121354;;;
4732;ВКОП;ВКОП 21-190-4732;ВКОП 21;210;800 - 8167;352 - 1040;4058;106;29555;;;
4733;ВКОП;ВКОП 89-193-4733;ВКОП 89;890;1898 - 10235;137 - 410;2501;92;78039;1450;[360, 0.02, -4.082851237253321e-06];[0, 0.0002, -1e-08]
4734;ВО;ВО 107-169-4734;ВО 107;1070;1952 - 4681;591 - 732;543;66;98635;;;
4735;Ц;Ц 59-194-4735;Ц 59;590;1572 - 3791;691 - 927;4684;66;156870;;;
4736;ВР;ВР 84-153-4736;ВР 84;840;607 - 2206;257 - 801;4056;69;177773;1000;[801, 0, -0.00011178612027364585];[0, 0.0002, -1e-08]
4737;Ц;Ц 81-143-4737;Ц 81;810;1343 - 7333;238 - 749;2798;109;20053;1000;[749, 0, -9.50292999879549e-06];[0, 0.0002, -1e-08]
4738;Ц;Ц 91-107-4738;Ц 91;910;719 - 4626;827 - 1498;1071;104;41357;;;
4739;ВЦ;ВЦ 40-121-4739;ВЦ 40;400;596 - 6351;228 - 338;1566;90;152027;1450;[338, 0, -2.7271464446154614e-06];[0, 0.0002, -1e-08]
4740;ВО;ВО 33-118-4740;ВО 33;330;1481 - 3497;1005 - 1293;498;109;179679;;;
4741;УВО;УВО 86-182-4741;УВО 86;860;1053 - 6079;291 - 490;4442;110;30155;;;
4742;ВО;ВО 74-149-4742;ВО 74;740;1135 - 10415;211 - 893;2483;103;127755;1450;[843, 0.02, -7.746683540417835e-06];[0, 0.0002, -1e-08]
4743;ВКОП;ВКОП 109-125-4743;ВКОП 109;1090;1559 - 11181;564 - 1208;2356;87;46518;;;
4744;ВЦ;ВЦ 54-160-4744;ВЦ 54;540;1873 - 6678;285 - 1159;4113;87;28678;;;
4745;ВР;ВР 101-144-4745;ВР 101;1010;1861 - 7997;142 - 546;613;63;33079;;;
4746;ВР;ВР 109-130-4746;ВР 109;1090;894 - 9720;743 - 1009;2224;82;19256;;;
4747;ВЦ;ВЦ 67-132-4747;ВЦ 67;670;1253 - 4693;412 - 1127;1698;80;188797;;;
4748;УВО;УВО 94-184-4748;УВО 94;940;1135 - 3372;647 - 1315;1112;62;62926;;;
4749;ВР;ВР 57-150-4749;ВР 57;570;1556 - 7687;119 - 1070;300;89;52274;;;
4750;ВКОП;ВКОП 40-179-4750;ВКОП 40;400;1036 - 10825;306 - 622;4440;78;77368;1000;[572, 0.02, -4.117574897727334e-06];[0, 0.0002, -1e-08]
4751;УВО;УВО 22-126-4751;УВО 22;220;1219 - 7393;382 - 773;4560;95;67558;;;
4752;УВО;УВО 88-118-4752;УВО 88;880;968 - 9585;1133 - 1482;757;72;185011;;;
4753;Ц;Ц 26-126-4753;Ц 26;260;1740 - 6506;115 - 950;2930;81;121525;;;
4754;ВЦ;ВЦ 93-134-4754;ВЦ 93;930;1330 - 7364;222 - 562;2120;92;198101;1450;[562, 0, -6.269766360475865e-06];[0, 0.0002, -1e-08]
4755;ВКОП;ВКОП 27-158-4755;ВКОП 27;270;745 - 2897;159 - 430;4213;97;155893;1000;[380, 0.02, -3.323638692092054e-05];[0, 0.0002, -1e-08]
4756;УВО;УВО 28-196-4756;УВО 28;280;1495 - 5390;192 - 332;4160;80;61602;2900;[282, 0.02, -6.808457908378396e-06];[0, 0.0002, -1e-08]
4757;ВЦ;ВЦ 29-117-4757;ВЦ 29;290;949 - 8795;953 - 1078;3513;77;129235;;;
4758;ВЦ;ВЦ 54-163-4758;ВЦ 54;540;1288 - 4665;505 - 1398;710;79;172837;2900;[1398, 0, -4.103440709761984e-05];[0, 0.0002, -1e-08]
4759;ВО;ВО 76-105-4759;ВО 76;760;1183 - 3988;407 - 523;367;91;108271;;;
4760;ВО;ВО 22-188-4760;ВО 22;220;661 - 9283;1266 - 1341;1216;89;160525;;;
4761;ВКОП;ВКОП 85-154-4761;ВКОП 85;850;505 - 9793;71 - 485;2909;88;78899;;;
4762;ВКОП;ВКОП 50-115-4762;ВКОП 50;500;1289 - 6677;869 - 1203;556;74;161448;2900;[1153, 0.02, -9.365594157272491e-06];[0, 0.0002, -1e-08]
4763;Ц;Ц 27-187-4763;Ц 27;270;1107 - 3710;862 - 1165;3886;72;181170;;;
4764;ВР;ВР 60-148-4764;ВР 60;600;1485 - 10758;292 - 1227;1866;95;39201;;;
4765;ВКОП;ВКОП 89-133-4765;ВКОП 89;890;744 - 5543;843 - 1459;4968;65;118693;1450;[1409, 0.02, -2.2029725841777123e-05];[0, 0.0002, -1e-08]
4766;ВКОП;ВКОП 41-162-4766;ВКОП 41;410;875 - 9536;458 - 1168;3599;104;162601;;;
4767;ВР;ВР 102-146-4767;ВР 102;1020;767 - 2879;1075 - 1421;391;86;24491;1000;[1421, 0, -4.17438757451312e-05];[0, 0.0002, -1e-08]
4768;ВЦ;ВЦ 34-196-4768;ВЦ 34;340;747 - 6395;347 - 1039;1400;68;170344;1450;[1039, 0, -1.692095992214402e-05];[0, 0.0002, -1e-08]
4769;УВО;УВО 80-105-4769;УВО 80;800;787 - 10391;211 - 363;2009;101;68191;;;
4770;УВО;УВО 53-174-4770;УВО 53;530;1103 - 3557;197 - 413;1310;97;103825;1450;[363, 0.02, -1.8742912821269955e-05];[0, 0.0002, -1e-08]
4771;ВЦ;ВЦ 74-118-4771;ВЦ 74;740;1343 - 2615;167 - 409;2339;70;45946;1000;[409, 0, -3.538930058604389e-05];[0, 0.0002, -1e-08]
4772;ВКОП;ВКОП 55-161-4772;ВКОП 55;550;1015 - 8031;110 - 1327;2688;89;118724;1450;[1277, 0.02, -2.0584225666074404e-05];[0, 0.0002, -1e-08]
4773;Ц;Ц 99-178-4773;Ц 99;990;795 - 9603;1089 - 1439;2460;87;43260;;;
4774;УВО;УВО 37-173-4774;УВО 37;370;695 - 8316;545 - 975;2382;78;33003;;;
4775;ВКОП;ВКОП 25-161-4775;ВКОП 25;250;599 - 4545;281 - 340;2742;91;46918;;;
4776;ВО;ВО 36-115-4776;ВО 36;360;1729 - 6941;254 - 396;4746;79;21883;;;
4777;УВО;УВО 82-147-4777;УВО 82;820;1875 - 6906;410 - 543;1335;93;164100;1000;[493, 0.02, -4.636335738138952e-06];[0, 0.0002, -1e-08]
4778;УВО;УВО 104-164-4778;УВО 104;1040;1476 - 9337;877 - 1496;1829;105;129329;;;
4779;УВО;УВО 110-182-4779;УВО 110;1100;511 - 3182;61 - 701;2859;90;23204;1450;[651, 0.02, -6.455624642226604e-05];[0, 0.0002, -1e-08]
4780;ВО;ВО 87-143-4780;ВО 87;870;1143 - 10248;590 - 868;3541;100;87127;1000;[818, 0.02, -4.12258426617086e-06];[0, 0.0002, -1e-08]
4781;УВО;УВО 39-152-4781;УВО 39;390;882 - 4154;598 - 1035;4957;77;45033;1450;[985, 0.02, -2.7241987524597644e-05];[0, 0.0002, -1e-08]
4782;ВР;ВР 45-109-4782;ВР 45;450;1711 - 8429;599 - 654;817;65;39858;1450;[654, 0, -7.741240887978882e-07];[0, 0.0002, -1e-08]
4783;УВО;УВО 47-164-4783;УВО 47;470;1865 - 9453;569 - 691;3716;77;17381;;;
4784;ВКОП;ВКОП 23-196-4784;ВКОП 23;230;802 - 7333;361 - 1496;3155;92;23417;;;
4785;УВО;УВО 73-142-4785;УВО 73;730;971 - 4150;276 - 366;4685;100;92725;2900;[316, 0.02, -7.141820293221077e-06];[0, 0.0002, -1e-08]
4786;УВО;УВО 28-114-4786;УВО 28;280;829 - 3353;330 - 636;3108;102;136834;;;
4787;ВКОП;ВКОП 81-175-4787;ВКОП 81;810;907 - 7834;384 - 437;1619;84;36723;;;
4788;УВО;УВО 22-188-4788;УВО 22;220;1780 - 5680;1217 - 1324;2675;87;135102;;;
4789;Ц;Ц 55-142-4789;Ц 55;550;706 - 6255;285 - 1330;2975;73;187837;1450;[1330, 0, -2.670924810910664e-05];[0, 0.0002, -1e-08]
4790;ВР;ВР 60-154-4790;ВР 60;600;1724 - 4490;243 - 330;3909;81;135710;1450;[330, 0, -4.315454784450474e-06];[0, 0.0002, -1e-08]
4791;УВО;УВО 114-110-4791;УВО 114;1140;1660 - 3642;121 - 932;1518;81;70572;;;
4792;ВР;ВР 65-115-4792;ВР 65;650;1295 - 8833;822 - 927;4100;107;95203;;;
4793;Ц;Ц 41-126-4793;Ц 41;410;1144 - 4770;269 - 968;2282;79;155562;;;
4794;ВО;ВО 25-185-4794;ВО 25;250;1582 - 6343;480 - 1160;1613;79;80240;;;
4795;ВЦ;ВЦ 44-138-4795;ВЦ 44;440;1530 - 10920;717 - 894;346;110;131435;1450;[894, 0, -1.4843215392665941e-06];[0, 0.0002, -1e-08]
4796;УВО;УВО 111-137-4796;УВО 111;1110;1184 - 7555;704 - 1372;2603;98;138507;;;
4797;ВР;ВР 104-106-4797;ВР 104;1040;1801 - 5159;909 - 1284;340;74;167636;1000;[1284, 0, -1.4089650227626753e-05];[0, 0.0002, -1e-08]
4798;ВО;ВО 32-191-4798;ВО 32;320;866 - 7635;190 - 1068;1126;78;181475;1450;[1018, 0.02, -1.6823567404273826e-05];[0, 0.0002, -1e-08]
4799;Ц;Ц 51-155-4799;Ц 51;510;699 - 10590;382 - 684;3901;101;145461;;;
4800;Ц;Ц 118-111-4800;Ц 118;1180;1511 - 7377;128 - 607;964;75;150311;1000;[607, 0, -8.801890197650946e-06];[0, 0.0002, -1e-08]
4801;ВР;ВР 56-196-4801;ВР 56;560;505 - 3608;386 - 1243;3101;78;16568;2900;[1243, 0, -6.583362422013658e-05];[0, 0.0002, -1e-08]
4802;Ц;Ц 99-200-4802;Ц 99;990;673 - 8854;363 - 1011;4884;67;192240;2900;[1011, 0, -8.266010842046789e-06];[0, 0.0002, -1e-08]
4803;УВО;УВО 112-188-4803;УВО 112;1120;1303 - 4102;433 - 1454;1680;102;87485;;;
4804;ВЦ;ВЦ 101-173-4804;ВЦ 101;1010;952 - 4179;271 - 368;4559;82;196259;;;
4805;ВЦ;ВЦ 99-152-4805;ВЦ 99;990;1196 - 4160;408 - 580;4066;61;117883;1450;[580, 0, -9.938979289940828e-06];[0, 0.0002, -1e-08]
4806;УВО;УВО 52-118-4806;УВО 52;520;1163 - 9403;362 - 1277;4617;61;39289;;;
4807;ВКОП;ВКОП 55-135-4807;ВКОП 55;550;1573 - 9117;53 - 651;3264;68;53040;;;
4808;ВЦ;ВЦ 64-185-4808;ВЦ 64;640;666 - 2202;164 - 371;1814;86;119992;1000;[371, 0, -4.269093986888313e-05];[0, 0.0002, -1e-08]
4809;УВО;УВО 63-100-4809;УВО 63;630;1579 - 5512;366 - 912;998;72;33615;1450;[862, 0.02, -1.9953825510141747e-05];[0, 0.0002, -1e-08]
4810;ВР;ВР 109-191-4810;ВР 109;1090;775 - 8956;359 - 1443;4622;86;102112;;;
4811;ВКОП;ВКОП 57-129-4811;ВКОП 57;570;661 - 7291;399 - 595;3674;108;27458;;;
4812;Ц;Ц 104-147-4812;Ц 104;1040;1037 - 6231;556 - 878;962;62;13989;1000;[878, 0, -8.293548126957532e-06];[0, 0.0002, -1e-08]
4813;Ц;Ц 90-137-4813;Ц 90;900;1130 - 6500;440 - 1241;1394;92;91114;1000;[1241, 0, -1.8958579881656806e-05];[0, 0.0002, -1e-08]
4814;ВР;ВР 24-148-4814;ВР 24;240;1005 - 5252;91 - 424;3167;66;92579;1000;[424, 0, -1.2072432856971326e-05];[0, 0.0002, -1e-08]
4815;Ц;Ц 67-104-4815;Ц 67;670;1185 - 6101;76 - 612;2371;64;31493;1000;[612, 0, -1.4400008210153934e-05];[0, 0.0002, -1e-08]
4816;ВЦ;ВЦ 104-139-4816;ВЦ 104;1040;942 - 7609;261 - 470;3431;87;191504;2900;[470, 0, -3.6098663069604734e-06];[0, 0.0002, -1e-08]
4817;ВЦ;ВЦ 51-155-4817;ВЦ 51;510;508 - 7163;172 - 491;3533;64;32129;2900;[491, 0, -6.217285069868154e-06];[0, 0.0002, -1e-08]
4818;УВО;УВО 53-151-4818;УВО 53;530;628 - 9313;202 - 341;4254;106;138205;2900;[291, 0.02, -3.173685587606111e-06];[0, 0.0002, -1e-08]
4819;УВО;УВО 118-200-4819;УВО 118;1180;535 - 1883;512 - 1401;4600;107;139587;1450;[1351, 0.02, -0.0002472467269408005];[0, 0.0002, -1e-08]
4820;ВР;ВР 56-136-4820;ВР 56;560;1971 - 8988;632 - 1337;3292;87;20964;;;
4821;ВР;ВР 108-134-4821;ВР 108;1080;1081 - 7284;346 - 1054;1961;104;126884;1000;[1054, 0, -1.3344225840392202e-05];[0, 0.0002, -1e-08]
4822;ВО;ВО 96-159-4822;ВО 96;960;1764 - 3119;246 - 402;2117;91;97379;2900;[352, 0.02, -1.730851288337025e-05];[0, 0.0002, -1e-08]
4823;ВЦ;ВЦ 113-122-4823;ВЦ 113;1130;1077 - 6166;727 - 912;1837;107;102894;1450;[912, 0, -4.865916898135265e-06];[0, 0.0002, -1e-08]
4824;ВЦ;ВЦ 31-132-4824;ВЦ 31;310;955 - 3497;426 - 628;982;67;191293;2900;[628, 0, -1.6518100526379528e-05];[0, 0.0002, -1e-08]
4825;Ц;Ц 40-157-4825;Ц 40;400;1575 - 3370;857 - 1305;4196;101;175385;;;
4826;ВР;ВР 83-115-4826;ВР 83;830;603 - 5329;383 - 1412;4521;101;148499;1450;[1412, 0, -3.623463861722985e-05];[0, 0.0002, -1e-08]
4827;ВКОП;ВКОП 98-145-4827;ВКОП 98;980;960 - 10258;450 - 1183;1893;60;192122;;;
4828;ВЦ;ВЦ 91-191-4828;ВЦ 91;910;591 - 3263;515 - 816;4001;109;47539;1000;[816, 0, -2.82704256878049e-05];[0, 0.0002, -1e-08]
4829;ВЦ;ВЦ 72-152-4829;ВЦ 72;720;1314 - 4350;364 - 545;1027;67;141660;2900;[545, 0, -9.565332276390541e-06];[0, 0.0002, -1e-08]
4830;ВР;ВР 90-182-4830;ВР 90;900;704 - 2219;786 - 1242;2974;97;151527;;;
4831;ВКОП;ВКОП 78-107-4831;ВКОП 78;780;1061 - 6138;757 - 999;1413;97;150718;1000;[949, 0.02, -8.354602054346639e-06];[0, 0.0002, -1e-08]
4832;ВР;ВР 51-107-4832;ВР 51;510;841 - 9303;190 - 550;1065;109;135957;;;
4833;Ц;Ц 53-199-4833;Ц 53;530;1222 - 9292;762 - 931;2194;96;122867;;;
4834;УВО;УВО 65-132-4834;УВО 65;650;1740 - 10095;958 - 1422;290;71;147191;;;
4835;ВР;ВР 59-180-4835;ВР 59;590;507 - 4491;307 - 598;1776;75;36378;1000;[598, 0, -1.4428024757300544e-05];[0, 0.0002, -1e-08]
4836;Ц;Ц 112-108-4836;Ц 112;1120;1547 - 9052;262 - 832;2727;74;194236;;;
4837;ВО;ВО 40-137-4837;ВО 40;400;709 - 10477;93 - 1113;1025;92;29947;2900;[1063, 0.02, -1.0745800791416193e-05];[0, 0.0002, -1e-08]
4838;УВО;УВО 71-171-4838;УВО 71;710;1897 - 5915;651 - 1476;419;99;74257;;;
4839;УВО;УВО 36-194-4839;УВО 36;360;1737 - 10614;284 - 429;1084;84;65723;1450;[379, 0.02, -2.7275713973413596e-06];[0, 0.0002, -1e-08]
4840;ВКОП;ВКОП 55-113-4840;ВКОП 55;550;1103 - 10200;555 - 1299;701;96;27477;;;
4841;ВЦ;ВЦ 109-128-4841;ВЦ 109;1090;1996 - 9773;226 - 1045;2761;83;124049;;;
4842;Ц;Ц 73-122-4842;Ц 73;730;522 - 10175;111 - 778;3602;68;12504;;;
4843;ВР;ВР 60-108-4843;ВР 60;600;1872 - 7174;1353 - 1440;4276;97;46457;2900;[1440, 0, -1.6904273392541555e-06];[0, 0.0002, -1e-08]
4844;ВР;ВР 37-173-4844;ВР 37;370;1621 - 5453;366 - 623;788;108;113736;2900;[623, 0, -8.642952534821597e-06];[0, 0.0002, -1e-08]
4845;ВР;ВР 107-140-4845;ВР 107;1070;839 - 9153;275 - 425;4252;78;26639;;;
4846;ВР;ВР 86-104-4846;ВР 86;860;585 - 8074;1065 - 1316;4199;82;169692;;;
4847;ВЦ;ВЦ 87-124-4847;ВЦ 87;870;683 - 7675;262 - 352;1675;89;41181;2900;[352, 0, -1.527867669683498e-06];[0, 0.0002, -1e-08]
4848;ВКОП;ВКОП 105-135-4848;ВКОП 105;1050;692 - 8705;657 - 726;4838;93;115575;1000;[676, 0.02, -2.5482657837253443e-06];[0, 0.0002, -1e-08]
4849;Ц;Ц 68-142-4849;Ц 68;680;1993 - 3360;1368 - 1447;2864;61;119061;2900;[1447, 0, -6.997590702947846e-06];[0, 0.0002, -1e-08]
4850;УВО;УВО 27-106-4850;УВО 27;270;770 - 5038;145 - 482;1683;96;98836;;;
4851;ВО;ВО 107-141-4851;ВО 107;1070;1275 - 5150;544 - 636;4296;100;140429;1000;[586, 0.02, -5.4670562729757755e-06];[0, 0.0002, -1e-08]
4852;Ц;Ц 45-136-4852;Ц 45;450;714 - 4783;422 - 704;717;83;142896;1450;[704, 0, -1.2326743144636977e-05];[0, 0.0002, -1e-08]
4853;ВЦ;ВЦ 101-153-4853;ВЦ 101;1010;1516 - 7512;111 - 766;1185;92;139514;;;
4854;ВКОП;ВКОП 62-183-4854;ВКОП 62;620;1731 - 5050;124 - 1159;1722;105;98024;2900;[1109, 0.02, -4.2584060386236644e-05];[0, 0.0002, -1e-08]
4855;Ц;Ц 45-195-4855;Ц 45;450;1611 - 6865;97 - 654;2915;78;58259;1450;[654, 0, -1.1818819826123305e-05];[0, 0.0002, -1e-08]
4856;УВО;УВО 69-140-4856;УВО 69;690;1256 - 4018;258 - 368;1741;85;34731;1450;[318, 0.02, -8.694077249688498e-06];[0, 0.0002, -1e-08]
4857;ВО;ВО 65-180-4857;ВО 65;650;1903 - 4283;86 - 327;4270;72;146428;;;
4858;ВР;ВР 61-149-4858;ВР 61;610;1922 - 9336;575 - 926;4209;76;196595;1000;[926, 0, -4.027035242960329e-06];[0, 0.0002, -1e-08]
4859;ВКОП;ВКОП 47-140-4859;ВКОП 47;470;1517 - 7314;429 - 726;3997;75;128796;;;
4860;УВО;УВО 31-107-4860;УВО 31;310;976 - 6201;740 - 1147;877;79;14353;1450;[1097, 0.02, -1.2509491930035786e-05];[0, 0.0002, -1e-08]
4861;ВО;ВО 72-191-4861;ВО 72;720;1515 - 6517;292 - 842;4827;105;179207;1450;[792, 0.02, -1.4841555668348093e-05];[0, 0.0002, -1e-08]
4862;ВО;ВО 116-186-4862;ВО 116;1160;1532 - 3367;1169 - 1351;1823;73;167052;1000;[1301, 0.02, -1.758361722721687e-05];[0, 0.0002, -1e-08]
4863;ВЦ;ВЦ 82-133-4863;ВЦ 82;820;831 - 7359;156 - 307;2858;69;121269;2900;[307, 0, -2.7882989900762592e-06];[0, 0.0002, -1e-08]
4864;ВО;ВО 85-196-4864;ВО 85;850;509 - 2872;267 - 662;4017;66;177691;1000;[612, 0.02, -4.879016301859855e-05];[0, 0.0002, -1e-08]
4865;УВО;УВО 50-167-4865;УВО 50;500;1096 - 5469;83 - 1355;1343;62;57535;1450;[1305, 0.02, -4.451292999011266e-05];[0, 0.0002, -1e-08]
4866;ВО;ВО 99-150-4866;ВО 99;990;979 - 9153;269 - 1090;1898;70;117960;2900;[1040, 0.02, -1.1388034213376066e-05];[0, 0.0002, -1e-08]
4867;УВО;УВО 28-182-4867;УВО 28;280;593 - 7772;586 - 1088;864;66;153885;1450;[1038, 0.02, -1.0056290326810232e-05];[0, 0.0002, -1e-08]
4868;ВЦ;ВЦ 98-152-4868;ВЦ 98;980;1783 - 8923;525 - 799;2666;99;125560;;;
4869;ВО;ВО 71-102-4869;ВО 71;710;1654 - 3540;1230 - 1416;945;75;43319;1000;[1366, 0.02, -1.6502282230521243e-05];[0, 0.0002, -1e-08]
4870;ВЦ;ВЦ 117-187-4870;ВЦ 117;1170;1697 - 6055;505 - 1116;4538;83;161789;2900;[1116, 0, -1.6665291530090603e-05];[0, 0.0002, -1e-08]
4871;УВО;УВО 67-157-4871;УВО 67;670;879 - 5447;131 - 1500;2667;77;118225;1000;[1450, 0.02, -4.812771123669856e-05];[0, 0.0002, -1e-08]
4872;ВЦ;ВЦ 113-100-4872;ВЦ 113;1130;1225 - 2635;438 - 1486;3862;87;185001;;;
4873;ВО;ВО 56-156-4873;ВО 56;560;1970 - 6715;375 - 729;1279;103;79414;;;
4874;Ц;Ц 78-171-4874;Ц 78;780;1786 - 5117;723 - 1064;582;89;116304;1450;[1064, 0, -1.3023374972105726e-05];[0, 0.0002, -1e-08]
4875;ВО;ВО 47-144-4875;ВО 47;470;1902 - 6913;138 - 622;3486;105;78794;;;
4876;УВО;УВО 55-108-4876;УВО 55;550;1156 - 7548;302 - 1251;1391;88;113132;;;
4877;Ц;Ц 101-152-4877;Ц 101;1010;1967 - 4401;757 - 1129;3039;80;88152;;;
4878;УВО;УВО 77-106-4878;УВО 77;770;1362 - 6849;166 - 362;2516;65;66756;;;
4879;ВО;ВО 57-168-4879;ВО 57;570;1759 - 9489;364 - 1092;299;87;177655;1000;[1042, 0.02, -9.637596582121628e-06];[0, 0.0002, -1e-08]
4880;Ц;Ц 47-120-4880;Ц 47;470;757 - 2456;249 - 1117;2310;107;75773;;;
4881;ВР;ВР 53-120-4881;ВР 53;530;535 - 3824;420 - 649;1374;103;46696;1450;[649, 0, -1.566028693475254e-05];[0, 0.0002, -1e-08]
4882;УВО;УВО 114-129-4882;УВО 114;1140;1517 - 2612;261 - 955;1225;86;158564;2900;[905, 0.02, -0.00010204990982835728];[0, 0.0002, -1e-08]
4883;ВЦ;ВЦ 25-183-4883;ВЦ 25;250;597 - 6300;110 - 683;3405;79;63899;1000;[683, 0, -1.4436885865457294e-05];[0, 0.0002, -1e-08]
4884;ВО;ВО 67-191-4884;ВО 67;670;1797 - 5086;139 - 429;640;92;115521;;;
4885;ВО;ВО 91-122-4885;ВО 91;910;797 - 9686;435 - 563;1259;107;119398;1450;[513, 0.02, -2.8962275240187993e-06];[0, 0.0002, -1e-08]
4886;ВО;ВО 33-143-4886;ВО 33;330;1726 - 11604;399 - 662;3644;67;142994;2900;[612, 0.02, -3.3053894691663932e-06];[0, 0.0002, -1e-08]
4887;ВКОП;ВКОП 23-151-4887;ВКОП 23;230;1075 - 9167;688 - 960;3405;71;14210;2900;[910, 0.02, -4.823530183162177e-06];[0, 0.0002, -1e-08]
4888;ВО;ВО 30-138-4888;ВО 30;300;1417 - 5007;218 - 568;3009;60;16281;1000;[518, 0.02, -1.5960878257557455e-05];[0, 0.0002, -1e-08]
4889;УВО;УВО 47-193-4889;УВО 47;470;1902 - 4116;493 - 595;2092;77;171911;;;
4890;УВО;УВО 102-179-4890;УВО 102;1020;1620 - 4958;1184 - 1238;1679;69;21260;;;
4891;ВО;ВО 52-184-4891;ВО 52;520;1844 - 6184;121 - 851;134;86;101907;1450;[801, 0.02, -2.1015716392007752e-05];[0, 0.0002, -1e-08]
4892;ВЦ;ВЦ 45-146-4892;ВЦ 45;450;985 - 9147;815 - 976;4765;105;130233;1000;[976, 0, -1.9242811157660788e-06];[0, 0.0002, -1e-08]
4893;УВО;УВО 62-141-4893;УВО 62;620;974 - 6295;181 - 395;4706;70;161643;;;
4894;Ц;Ц 35-164-4894;Ц 35;350;1807 - 5153;858 - 1054;1023;60;104910;1450;[1054, 0, -7.3813497920361185e-06];[0, 0.0002, -1e-08]
4895;УВО;УВО 66-154-4895;УВО 66;660;918 - 7364;193 - 679;4395;90;181927;2900;[629, 0.02, -1.0755968596289302e-05];[0, 0.0002, -1e-08]
4896;ВР;ВР 27-110-4896;ВР 27;270;529 - 4262;233 - 416;540;87;93579;2900;[416, 0, -1.0074516186499444e-05];[0, 0.0002, -1e-08]
4897;УВО;УВО 30-152-4897;УВО 30;300;1698 - 5395;101 - 481;269;99;100008;1450;[431, 0.02, -1.5044994979561792e-05];[0, 0.0002, -1e-08]
4898;ВО;ВО 97-119-4898;ВО 97;970;1605 - 6973;1155 - 1291;1594;75;81864;;;
4899;ВР;ВР 69-166-4899;ВР 69;690;1764 - 3355;272 - 1352;1504;90;138877;2900;[1352, 0, -9.59486141866245e-05];[0, 0.0002, -1e-08]
4900;УВО;УВО 71-181-4900;УВО 71;710;660 - 3847;353 - 669;2185;82;156889;1450;[619, 0.02, -2.31725469577873e-05];[0, 0.0002, -1e-08]
4901;УВО;УВО 64-125-4901;УВО 64;640;1607 - 8189;536 - 686;2075;62;142326;;;
4902;ВКОП;ВКОП 62-137-4902;ВКОП 62;620;1311 - 4117;88 - 356;4818;72;42442;;;
4903;ВЦ;ВЦ 31-187-4903;ВЦ 31;310;924 - 5502;494 - 545;4708;84;79723;;;
4904;ВЦ;ВЦ 46-137-4904;ВЦ 46;460;1791 - 5345;849 - 1112;1975;60;176765;;;
4905;ВР;ВР 67-176-4905;ВР 67;670;828 - 9488;157 - 350;1557;95;18716;1000;[350, 0, -2.1439169455906317e-06];[0, 0.0002, -1e-08]
4906;УВО;УВО 98-168-4906;УВО 98;980;1750 - 11547;655 - 732;4265;108;28784;;;
4907;ВКОП;ВКОП 69-168-4907;ВКОП 69;690;1560 - 5875;58 - 543;788;69;101915;1450;[493, 0.02, -1.6007243096423723e-05];[0, 0.0002, -1e-08]
4908;ВКОП;ВКОП 108-184-4908;ВКОП 108;1080;1122 - 8805;231 - 511;4387;105;95554;;;
4909;ВР;ВР 55-191-4909;ВР 55;550;709 - 3510;1205 - 1284;3866;88;78187;;;
4910;УВО;УВО 105-142-4910;УВО 105;1050;863 - 9936;785 - 1124;359;82;178071;;;
4911;ВО;ВО 41-161-4911;ВО 41;410;1286 - 9957;116 - 935;1853;94;104559;;;
4912;Ц;Ц 41-100-4912;Ц 41;410;1986 - 7083;334 - 686;4922;75;100500;;;
4913;ВР;ВР 39-176-4913;ВР 39;390;720 - 7208;828 - 1272;807;78;26269;2900;[1272, 0, -8.545813567610782e-06];[0, 0.0002, -1e-08]
4914;ВКОП;ВКОП 104-101-4914;ВКОП 104;1040;1743 - 8526;189 - 811;2588;108;144171;;;
4915;ВКОП;ВКОП 120-107-4915;ВКОП 120;1200;1975 - 9017;57 - 465;350;98;40330;1450;[415, 0.02, -6.621136035368679e-06];[0, 0.0002, -1e-08]
4916;Ц;Ц 27-132-4916;Ц 27;270;1645 - 8236;132 - 1076;1365;88;19603;;;
4917;ВО;ВО 36-114-4917;ВО 36;360;501 - 7698;751 - 1221;3347;92;192153;;;
4918;ВР;ВР 117-107-4918;ВР 117;1170;1842 - 4262;495 - 887;2689;102;69546;1450;[887, 0, -2.1580384399496077e-05];[0, 0.0002, -1e-08]
4919;ВР;ВР 58-166-4919;ВР 58;580;579 - 3295;316 - 415;4980;84;70642;1450;[415, 0, -9.118520036566186e-06];[0, 0.0002, -1e-08]
4920;ВР;ВР 104-105-4920;ВР 104;1040;1672 - 8490;954 - 1103;1537;110;149565;1450;[1103, 0, -2.0671447459146144e-06];[0, 0.0002, -1e-08]
4921;ВКОП;ВКОП 91-184-4921;ВКОП 91;910;1806 - 4391;268 - 971;3025;60;90224;;;
4922;Ц;Ц 84-199-4922;Ц 84;840;1076 - 5658;125 - 846;730;90;10577;;;
4923;ВР;ВР 60-108-4923;ВР 60;600;1977 - 3039;742 - 1359;4616;81;84317;1000;[1359, 0, -6.680727595118889e-05];[0, 0.0002, -1e-08]
4924;Ц;Ц 25-131-4924;Ц 25;250;1548 - 8276;518 - 1223;4126;81;166386;1000;[1223, 0, -1.0293146475591606e-05];[0, 0.0002, -1e-08]
4925;УВО;УВО 104-170-4925;УВО 104;1040;899 - 8818;380 - 832;3479;103;155779;2900;[782, 0.02, -7.438032301709101e-06];[0, 0.0002, -1e-08]
4926;ВКОП;ВКОП 96-183-4926;ВКОП 96;960;991 - 10943;1079 - 1276;2240;67;114499;;;
4927;ВО;ВО 42-104-4927;ВО 42;420;629 - 10400;281 - 693;4233;84;26720;;;
4928;ВКОП;ВКОП 27-148-4928;ВКОП 27;270;1436 - 6156;114 - 394;4126;110;66369;2900;[344, 0.02, -9.318051222682847e-06];[0, 0.0002, -1e-08]
4929;УВО;УВО 21-154-4929;УВО 21;210;967 - 3301;231 - 354;400;98;84344;;;
4930;ВР;ВР 22-109-4930;ВР 22;220;514 - 4061;286 - 413;2185;77;30260;1450;[413, 0, -7.700833648592528e-06];[0, 0.0002, -1e-08]
4931;ВР;ВР 93-122-4931;ВР 93;930;1708 - 10079;939 - 1123;2164;79;34840;;;
4932;ВО;ВО 112-181-4932;ВО 112;1120;774 - 4939;174 - 301;1136;64;37873;;;
4933;ВР;ВР 29-177-4933;ВР 29;290;979 - 9204;195 - 1380;3434;105;59830;1450;[1380, 0, -1.3988306200977184e-05];[0, 0.0002, -1e-08]
4934;Ц;Ц 86-125-4934;Ц 86;860;1497 - 7459;713 - 1106;4534;84;45737;;;
4935;ВКОП;ВКОП 53-189-4935;ВКОП 53;530;1938 - 4115;733 - 879;2789;92;122474;;;
4936;ВКОП;ВКОП 82-177-4936;ВКОП 82;820;1706 - 4273;154 - 405;1176;66;192733;1450;[355, 0.02, -1.5689106170601148e-05];[0, 0.0002, -1e-08]
4937;ВО;ВО 20-107-4937;ВО 20;200;953 - 4312;332 - 1475;740;86;13670;;;
4938;Ц;Ц 53-155-4938;Ц 53;530;1099 - 8499;472 - 671;2685;80;32888;;;
4939;ВЦ;ВЦ 36-174-4939;ВЦ 36;360;1183 - 4640;1086 - 1289;4661;96;131643;;;
4940;ВО;ВО 40-137-4940;ВО 40;400;1116 - 4164;54 - 517;1039;64;27021;;;
4941;Ц;Ц 36-131-4941;Ц 36;360;1536 - 8544;111 - 545;236;62;85342;1000;[545, 0, -5.945210691691565e-06];[0, 0.0002, -1e-08]
4942;ВКОП;ВКОП 36-189-4942;ВКОП 36;360;1794 - 8767;586 - 1467;106;89;40810;;;
4943;Ц;Ц 104-157-4943;Ц 104;1040;1488 - 5837;747 - 1044;3536;92;102373;1450;[1044, 0, -8.717201054082777e-06];[0, 0.0002, -1e-08]
4944;Ц;Ц 86-141-4944;Ц 86;860;1490 - 8689;492 - 1071;4819;66;118288;1450;[1071, 0, -7.66900408816197e-06];[0, 0.0002, -1e-08]
4945;Ц;Ц 69-156-4945;Ц 69;690;1014 - 3339;926 - 1486;4977;93;154939;;;
4946;Ц;Ц 44-105-4946;Ц 44;440;1624 - 10113;839 - 918;176;75;63476;2900;[918, 0, -7.724441292872397e-07];[0, 0.0002, -1e-08]
4947;ВО;ВО 118-172-4947;ВО 118;1180;940 - 6930;1263 - 1361;4872;82;40370;;;
4948;ВЦ;ВЦ 85-142-4948;ВЦ 85;850;1958 - 4755;447 - 826;3622;106;116142;;;
4949;Ц;Ц 49-122-4949;Ц 49;490;1102 - 9553;156 - 331;4524;91;73581;;;
4950;Ц;Ц 103-163-4950;Ц 103;1030;1535 - 5695;54 - 402;2726;65;136911;;;
4951;ВО;ВО 75-163-4951;ВО 75;750;1830 - 9081;362 - 592;2399;82;19139;;;
4952;ВКОП;ВКОП 20-102-4952;ВКОП 20;200;1095 - 2375;445 - 1048;4173;77;66827;1000;[998, 0.02, -0.00010645983379501385];[0, 0.0002, -1e-08]
4953;ВР;ВР 68-175-4953;ВР 68;680;653 - 2303;106 - 1282;3266;91;51918;2900;[1282, 0, -0.0002217274415424839];[0, 0.0002, -1e-08]
4954;ВО;ВО 31-159-4954;ВО 31;310;872 - 3155;365 - 576;4925;79;70710;;;
4955;УВО;УВО 94-129-4955;УВО 94;940;1892 - 9512;564 - 619;4196;62;58327;1450;[569, 0.02, -2.157869197670545e-06];[0, 0.0002, -1e-08]
4956;УВО;УВО 59-195-4956;УВО 59;590;1631 - 5081;207 - 938;4577;83;106709;;;
4957;УВО;УВО 66-142-4957;УВО 66;660;1259 - 10801;212 - 391;140;81;179732;2900;[341, 0.02, -2.9574426978762272e-06];[0, 0.0002, -1e-08]
4958;УВО;УВО 58-163-4958;УВО 58;580;1683 - 11474;567 - 1007;3769;63;63309;1450;[957, 0.02, -4.705411381079713e-06];[0, 0.0002, -1e-08]
4959;ВЦ;ВЦ 84-195-4959;ВЦ 84;840;527 - 6204;371 - 1210;250;63;197092;;;
4960;ВКОП;ВКОП 41-188-4960;ВКОП 41;410;1714 - 10512;58 - 386;4726;76;164226;;;
4961;ВР;ВР 98-141-4961;ВР 98;980;1128 - 6252;350 - 1074;1789;108;113847;;;
4962;УВО;УВО 100-168-4962;УВО 100;1000;1929 - 10769;562 - 645;827;108;150403;2900;[595, 0.02, -2.1417356652389377e-06];[0, 0.0002, -1e-08]
4963;ВО;ВО 78-194-4963;ВО 78;780;1212 - 8399;945 - 1175;4389;76;87046;2900;[1125, 0.02, -4.932863763865777e-06];[0, 0.0002, -1e-08]
4964;ВКОП;ВКОП 47-196-4964;ВКОП 47;470;1894 - 8142;406 - 457;2179;63;195464;;;
4965;ВЦ;ВЦ 80-101-4965;ВЦ 80;800;1080 - 10415;497 - 940;1881;74;74315;1000;[940, 0, -4.083994773777342e-06];[0, 0.0002, -1e-08]
4966;ВР;ВР 21-196-4966;ВР 21;210;1681 - 5246;70 - 1096;1059;76;35747;;;
4967;ВР;ВР 81-196-4967;ВР 81;810;1665 - 5543;952 - 1015;2746;98;83085;1450;[1015, 0, -2.0504575954140574e-06];[0, 0.0002, -1e-08]
4968;ВЦ;ВЦ 113-143-4968;ВЦ 113;1130;1965 - 3166;256 - 363;553;64;54741;1000;[363, 0, -1.0674854313179874e-05];[0, 0.0002, -1e-08]
4969;ВКОП;ВКОП 87-161-4969;ВКОП 87;870;1276 - 3037;1147 - 1302;1730;61;48759;1450;[1252, 0.02, -1.7969572723372556e-05];[0, 0.0002, -1e-08]
4970;ВЦ;ВЦ 35-182-4970;ВЦ 35;350;1232 - 8959;465 - 1352;1815;90;140759;1000;[1352, 0, -1.1051075516957664e-05];[0, 0.0002, -1e-08]
4971;ВКОП;ВКОП 27-190-4971;ВКОП 27;270;1943 - 3744;771 - 1389;247;97;194323;1450;[1339, 0.02, -4.586255387537439e-05];[0, 0.0002, -1e-08]
4972;ВО;ВО 42-178-4972;ВО 42;420;709 - 6002;234 - 698;1510;76;30713;;;
4973;ВКОП;ВКОП 94-160-4973;ВКОП 94;940;1877 - 6785;436 - 976;4300;108;46029;1450;[926, 0.02, -1.3591470629922416e-05];[0, 0.0002, -1e-08]
4974;ВР;ВР 94-143-4974;ВР 94;940;680 - 6306;1171 - 1326;600;64;119753;;;
4975;ВО;ВО 79-132-4975;ВО 79;790;1583 - 4587;633 - 729;4995;97;97212;2900;[679, 0.02, -6.546400907694084e-06];[0, 0.0002, -1e-08]
4976;ВКОП;ВКОП 30-196-4976;ВКОП 30;300;1725 - 9241;143 - 310;2428;103;100540;1000;[260, 0.02, -3.5343542287379673e-06];[0, 0.0002, -1e-08]
4977;ВО;ВО 29-105-4977;ВО 29;290;1182 - 11158;606 - 1305;4886;85;143210;1000;[1255, 0.02, -7.005246963388974e-06];[0, 0.0002, -1e-08]
4978;УВО;УВО 20-195-4978;УВО 20;200;1381 - 3649;774 - 1124;1179;95;70056;1450;[1074, 0.02, -2.801159366651694e-05];[0, 0.0002, -1e-08]
4979;Ц;Ц 32-107-4979;Ц 32;320;1343 - 9556;516 - 574;2271;78;98108;;;
4980;Ц;Ц 94-189-4980;Ц 94;940;1134 - 8884;827 - 1120;2264;103;69088;;;
4981;ВКОП;ВКОП 94-123-4981;ВКОП 94;940;1896 - 6131;1148 - 1307;577;85;142836;2900;[1257, 0.02, -6.161882676764188e-06];[0, 0.0002, -1e-08]
4982;УВО;УВО 30-187-4982;УВО 30;300;1854 - 10329;1320 - 1419;2483;108;135742;1450;[1369, 0.02, -2.3955779718966405e-06];[0, 0.0002, -1e-08]
4983;ВЦ;ВЦ 22-169-4983;ВЦ 22;220;648 - 8742;1221 - 1430;4162;104;85095;;;
4984;ВЦ;ВЦ 49-197-4984;ВЦ 49;490;1777 - 5376;546 - 996;2509;63;189811;;;
4985;ВО;ВО 112-104-4985;ВО 112;1120;1349 - 5413;187 - 340;4834;61;171561;;;
4986;ВР;ВР 69-184-4986;ВР 69;690;790 - 4633;1131 - 1259;3359;103;185798;1000;[1259, 0, -5.963282300526227e-06];[0, 0.0002, -1e-08]
4987;ВКОП;ВКОП 89-198-4987;ВКОП 89;890;1278 - 9056;417 - 616;2184;93;73376;;;
4988;Ц;Ц 67-171-4988;Ц 67;670;1384 - 7113;113 - 1009;360;95;103311;1000;[1009, 0, -1.7709340663261058e-05];[0, 0.0002, -1e-08]
4989;ВО;ВО 116-184-4989;ВО 116;1160;911 - 7567;549 - 803;3665;80;19707;1000;[753, 0.02, -6.2057836387607305e-06];[0, 0.0002, -1e-08]
4990;УВО;УВО 100-112-4990;УВО 100;1000;764 - 6265;366 - 523;1748;84;125924;2900;[473, 0.02, -5.918437410231407e-06];[0, 0.0002, -1e-08]
4991;ВЦ;ВЦ 101-166-4991;ВЦ 101;1010;1825 - 11317;90 - 729;611;64;32477;;;
4992;ВЦ;ВЦ 79-113-4992;ВЦ 79;790;1271 - 8092;1099 - 1431;4475;78;189985;;;
4993;ВКОП;ВКОП 118-154-4993;ВКОП 118;1180;844 - 3149;1008 - 1211;684;65;30226;2900;[1161, 0.02, -2.1780518567544166e-05];[0, 0.0002, -1e-08]
4994;ВО;ВО 84-134-4994;ВО 84;840;1827 - 8269;203 - 502;2858;99;84160;1450;[452, 0.02, -6.060281564267511e-06];[0, 0.0002, -1e-08]
4995;ВКОП;ВКОП 105-162-4995;ВКОП 105;1050;1719 - 6623;358 - 579;1480;97;184138;2900;[529, 0.02, -6.918181368653189e-06];[0, 0.0002, -1e-08]
4996;Ц;Ц 114-125-4996;Ц 114;1140;1854 - 8583;316 - 930;412;94;144279;1450;[930, 0, -8.334703333225689e-06];[0, 0.0002, -1e-08]
4997;УВО;УВО 81-159-4997;УВО 81;810;566 - 7904;889 - 1354;3860;101;126522;;;
4998;ВЦ;ВЦ 60-168-4998;ВЦ 60;600;1371 - 5384;169 - 399;2797;101;19131;1450;[399, 0, -7.934466549944915e-06];[0, 0.0002, -1e-08]
4999;УВО;УВО 72-135-4999;УВО 72;720;1323 - 2804;332 - 438;2483;76;49638;1450;[388, 0.02, -1.4255160245909146e-05];[0, 0.0002, -1e-08]
5000;УВО;УВО 109-177-5000;УВО 109;1090;581 - 10073;212 - 395;2473;85;156150;;;
